satellite_range,latitude,error
1.0,-90.0,0.5481851054644247
2.82,-90.0,0.5476694142068973
4.63,-90.0,0.5362651264026076
6.45,-90.0,0.5292265053516638
8.27,-90.0,0.5233469299234069
10.08,-90.0,0.5183673367847647
11.9,-90.0,0.503092401300568
13.71,-90.0,0.4807059714476624
15.53,-90.0,0.4651651444553034
17.35,-90.0,0.4448605974691757
19.16,-90.0,0.43050491155096765
20.98,-90.0,0.41895294745706413
22.8,-90.0,0.41479526672363254
24.61,-90.0,0.4201237055130863
26.43,-90.0,0.42797499070014416
28.24,-90.0,0.4440133902442183
30.06,-90.0,0.4637993643182256
31.88,-90.0,0.4796655942687216
33.69,-90.0,0.48353337502650245
35.51,-90.0,0.4910563927632775
37.33,-90.0,0.49256430537106255
39.14,-90.0,0.4902701703377848
40.96,-90.0,0.48986222577003
42.78,-90.0,0.4782353114006772
44.59,-90.0,0.4602405524405192
46.41,-90.0,0.4436031264342422
48.22,-90.0,0.41959632148686016
50.04,-90.0,0.3768612985701881
51.86,-90.0,0.3236054333280592
53.67,-90.0,0.25258602815662834
55.49,-90.0,0.14092953920111984
57.31,-90.0,0.010749625221438583
59.12,-90.0,0.14124999150100515
60.94,-90.0,0.31744678348515476
62.76,-90.0,0.4899260511939363
64.57,-90.0,0.6980804799441753
66.39,-90.0,0.9027715677181731
68.2,-90.0,1.10399982809732
70.02,-90.0,1.3385618516136184
71.84,-90.0,1.562931448607795
73.65,-90.0,1.7906173259083098
75.47,-90.0,2.0166969152155945
77.29,-90.0,2.197337884215344
79.1,-90.0,2.3645692865987753
80.92,-90.0,2.5621229308775977
82.73,-90.0,2.712532517935212
84.55,-90.0,2.804074581481103
86.37,-90.0,2.842180663527293
88.18,-90.0,2.8598572529789674
90.0,-90.0,2.8661126545198545
1.0,-86.33,1.1258461606337826
2.82,-86.33,1.1254259551960795
4.63,-86.33,1.113972841757206
6.45,-86.33,1.1067080952510244
8.27,-86.33,1.1006372736725205
10.08,-86.33,1.09531557229358
11.9,-86.33,1.0796622250006793
13.71,-86.33,1.0567790586329298
15.53,-86.33,1.040715479295441
17.35,-86.33,1.0198645914081226
19.16,-86.33,1.0047883687047812
20.98,-86.33,0.9925306669231188
22.8,-86.33,0.9876016034475745
24.61,-86.33,0.9919752800886695
26.43,-86.33,0.9988269533443264
28.24,-86.33,1.0137183484542285
30.06,-86.33,1.032098275769951
31.88,-86.33,1.0464682510763548
33.69,-86.33,1.0483719786263803
35.51,-86.33,1.053814589935444
37.33,-86.33,1.0529572403366707
39.14,-86.33,1.0478384566671883
40.96,-86.33,1.0445492486177337
42.78,-86.33,1.0297887235737737
44.59,-86.33,1.0080302991482337
46.41,-86.33,0.9876126083186583
48.22,-86.33,0.9594925466998447
50.04,-86.33,0.9117607317389174
51.86,-86.33,0.8535064550964353
53.67,-86.33,0.7770232544704199
55.49,-86.33,0.6587366302982918
57.31,-86.33,0.5218836349173802
59.12,-86.33,0.36252548108542726
60.94,-86.33,0.17734013181468508
62.76,-86.33,0.004294015038846082
64.57,-86.33,0.2237274527760198
66.39,-86.33,0.4397690657860154
68.2,-86.33,0.6516316930199763
70.02,-86.33,0.8976411694878783
71.84,-86.33,1.1315666085589762
73.65,-86.33,1.3691085265681893
75.47,-86.33,1.6052892273249135
77.29,-86.33,1.7956590072313185
79.1,-86.33,1.9748132105484697
80.92,-86.33,2.197826249681137
82.73,-86.33,2.3863022318824134
84.55,-86.33,2.4888353655099884
86.37,-86.33,2.52549714631243
88.18,-86.33,2.5429268997407526
90.0,-86.33,2.5490947498594223
1.0,-82.65,1.885259564185219
2.82,-82.65,1.8846975545571472
4.63,-82.65,1.8729268333640474
6.45,-82.65,1.8654364397059842
8.27,-82.65,1.8588961178917645
10.08,-82.65,1.8530669282283794
11.9,-82.65,1.8367361113004532
13.71,-82.65,1.8130662149846613
15.53,-82.65,1.7962255331931796
17.35,-82.65,1.7744334525371965
19.16,-82.65,1.7582202995042833
20.98,-82.65,1.7447668564636736
22.8,-82.65,1.7385820129676066
24.61,-82.65,1.7413614687686858
26.43,-82.65,1.7464789169549992
28.24,-82.65,1.7594626032578458
30.06,-82.65,1.77541291388354
31.88,-82.65,1.78724898106324
33.69,-82.65,1.7858628050413377
35.51,-82.65,1.7877525748076863
37.33,-82.65,1.7829709021919868
39.14,-82.65,1.7730778782051655
40.96,-82.65,1.7649460690304863
42.78,-82.65,1.7449159988792977
44.59,-82.65,1.7168214425065367
46.41,-82.65,1.6900924842993552
48.22,-82.65,1.655011521716401
50.04,-82.65,1.5989202012890336
51.86,-82.65,1.5322807774395322
53.67,-82.65,1.4466414620877477
55.49,-82.65,1.3172888133638367
57.31,-82.65,1.1692206695267133
59.12,-82.65,0.9975690323108771
60.94,-82.65,0.7971799157715489
62.76,-82.65,0.5999597444459563
64.57,-82.65,0.36117408981829313
66.39,-82.65,0.12532394130736263
68.2,-82.65,0.10527729804763747
70.02,-82.65,0.37196567515341217
71.84,-82.65,0.6236384172287348
73.65,-82.65,0.8803689512063674
75.47,-82.65,1.138009015872192
77.29,-82.65,1.3534030253532734
79.1,-82.65,1.5763231878341857
80.92,-82.65,1.8367716397849558
82.73,-82.65,2.006005697821227
84.55,-82.65,2.09083160250832
86.37,-82.65,2.125398682372812
88.18,-82.65,2.1424524821647744
90.0,-82.65,2.14848698340815
1.0,-78.98,2.9062928525918212
2.82,-78.98,2.9057086575271107
4.63,-78.98,2.893601674296507
6.45,-78.98,2.885598746222861
8.27,-78.98,2.8783317603846514
10.08,-78.98,2.8715563091038714
11.9,-78.98,2.8541392616663477
13.71,-78.98,2.829157365311866
15.53,-78.98,2.810960767807431
17.35,-78.98,2.7876433654913924
19.16,-78.98,2.7694734592019183
20.98,-78.98,2.754018225073059
22.8,-78.98,2.745646712888408
24.61,-78.98,2.7456593070466075
26.43,-78.98,2.7478138286223066
28.24,-78.98,2.7574579604802096
30.06,-78.98,2.7692378899227625
31.88,-78.98,2.7767218897168835
33.69,-78.98,2.7697648032279614
35.51,-78.98,2.765677430014963
37.33,-78.98,2.754245826914704
39.14,-78.98,2.736324928469045
40.96,-78.98,2.7200049343556483
42.78,-78.98,2.6911198900296887
44.59,-78.98,2.652365501533505
46.41,-78.98,2.6149596241129704
48.22,-78.98,2.5681583410477824
50.04,-78.98,2.4979388413844092
51.86,-78.98,2.4171538717541927
53.67,-78.98,2.3160194803272356
55.49,-78.98,2.1679317069049047
57.31,-78.98,2.000853071468347
59.12,-78.98,1.808173893791231
60.94,-78.98,1.5815836818008422
62.76,-78.98,1.3571252435153136
64.57,-78.98,1.0839823525845993
66.39,-78.98,0.812236767458036
68.2,-78.98,0.5466552808843469
70.02,-78.98,0.2395787168969249
71.84,-78.98,0.04966941480201543
73.65,-78.98,0.3540309251617344
75.47,-78.98,0.685555549361897
77.29,-78.98,0.9435290149508111
79.1,-78.98,1.157958080107048
80.92,-78.98,1.3768049182574196
82.73,-78.98,1.510552152372399
84.55,-78.98,1.578136107939167
86.37,-78.98,1.6102789244399247
88.18,-78.98,1.6267518765296005
90.0,-78.98,1.6325803684055653
1.0,-75.31,4.290658299573256
2.82,-75.31,4.290140597965109
4.63,-75.31,4.277611619076023
6.45,-75.31,4.268752198650818
8.27,-75.31,4.260398200892553
10.08,-75.31,4.252159124730665
11.9,-75.31,4.233168703961071
13.71,-75.31,4.206271008516398
15.53,-75.31,4.186053917741588
17.35,-75.31,4.160520764517531
19.16,-75.31,4.139451111923505
20.98,-75.31,4.121055237759631
22.8,-75.31,4.109446452124727
24.61,-75.31,4.10537143802733
26.43,-75.31,4.103172902232925
28.24,-75.31,4.1078665802278325
30.06,-75.31,4.113498136328302
31.88,-75.31,4.114558015084563
33.69,-75.31,4.099406163285743
35.51,-75.31,4.0865553772363
37.33,-75.31,4.065337816932581
39.14,-75.31,4.035615488563221
40.96,-75.31,4.0072296681552695
42.78,-75.31,3.9652846834999442
44.59,-75.31,3.9107880371466752
46.41,-75.31,3.8575425335240756
48.22,-75.31,3.7933474215325713
50.04,-75.31,3.7020575714275736
51.86,-75.31,3.600090422800705
53.67,-75.31,3.475627177404179
55.49,-75.31,3.2991157903470434
57.31,-75.31,3.1029502070160415
59.12,-75.31,2.8776544678681644
60.94,-75.31,2.6097766365927884
62.76,-75.31,2.341407144816262
64.57,-75.31,2.0110450598365976
66.39,-75.31,1.6766811202379368
68.2,-75.31,1.345283121930754
70.02,-75.31,0.9481842068858128
71.84,-75.31,0.5448689778332104
73.65,-75.31,0.15724160142287516
75.47,-75.31,0.17475491489647535
77.29,-75.31,0.4009300007250075
79.1,-75.31,0.5758676630777091
80.92,-75.31,0.7336044800429321
82.73,-75.31,0.8216721994723518
84.55,-75.31,0.8726772953950542
86.37,-75.31,0.9026659589532807
88.18,-75.31,0.9183416382517885
90.0,-75.31,0.9238873594123331
1.0,-71.63,6.064462093715911
2.82,-71.63,6.0638136812771615
4.63,-71.63,6.0506578815288865
6.45,-71.63,6.040694612085349
8.27,-71.63,6.030708093986976
10.08,-71.63,6.0204083706296165
11.9,-71.63,5.999030183959066
13.71,-71.63,5.969284581391095
15.53,-71.63,5.946131017354061
17.35,-71.63,5.917339805952234
19.16,-71.63,5.892093605272084
20.98,-71.63,5.869424792891328
22.8,-71.63,5.853094661368977
24.61,-71.63,5.843070680670889
26.43,-71.63,5.834608396014161
28.24,-71.63,5.832252935062521
30.06,-71.63,5.829186373133407
31.88,-71.63,5.821321673305873
33.69,-71.63,5.794870850498922
35.51,-71.63,5.769936342725864
37.33,-71.63,5.735257845342437
39.14,-71.63,5.689237640897867
40.96,-71.63,5.644188227110295
42.78,-71.63,5.584179049248394
44.59,-71.63,5.5078433580725505
46.41,-71.63,5.432554806651536
48.22,-71.63,5.344001341979813
50.04,-71.63,5.223077281687639
51.86,-71.63,5.091085215314999
53.67,-71.63,4.933270010133442
55.49,-71.63,4.715590869204372
57.31,-71.63,4.4765527294600895
59.12,-71.63,4.202123408906172
60.94,-71.63,3.8699713003601954
62.76,-71.63,3.529984699183218
64.57,-71.63,3.0985178429816114
66.39,-71.63,2.633729562096355
68.2,-71.63,2.120604179416472
70.02,-71.63,1.579640382020417
71.84,-71.63,1.1678674083594653
73.65,-71.63,0.8217342809144145
75.47,-71.63,0.5487995949881784
77.29,-71.63,0.38349610212878865
79.1,-71.63,0.2691194360362167
80.92,-71.63,0.16765680469673339
82.73,-71.63,0.10347398385535027
84.55,-71.63,0.06103413961775907
86.37,-71.63,0.03325406754920282
88.18,-71.63,0.018583398923957814
90.0,-71.63,0.01339414149109698
1.0,-67.96,7.99944463730119
2.82,-67.96,7.998425648078271
4.63,-67.96,7.984541731171629
6.45,-67.96,7.973333952983204
8.27,-67.96,7.961252310743041
10.08,-67.96,7.948301055285098
11.9,-67.96,7.923581731152448
13.71,-67.96,7.889856129902477
15.53,-67.96,7.862668970719272
17.35,-67.96,7.829382788896702
19.16,-67.96,7.798437692814411
20.98,-67.96,7.769918376685099
22.8,-67.96,7.747049455656114
24.61,-67.96,7.72877828063862
26.43,-67.96,7.711721168790324
28.24,-67.96,7.699761700937934
30.06,-67.96,7.684930209970724
31.88,-67.96,7.6651715645811915
33.69,-67.96,7.623760815520778
35.51,-67.96,7.582790971639331
37.33,-67.96,7.530270589037883
39.14,-67.96,7.462608962591565
40.96,-67.96,7.395387706102931
42.78,-67.96,7.311336707397701
44.59,-67.96,7.205780741913614
46.41,-67.96,7.100860254396925
48.22,-67.96,6.979290875491375
50.04,-67.96,6.817871867832174
51.86,-67.96,6.644356466800359
53.67,-67.96,6.439676380428487
55.49,-67.96,6.162825127093746
57.31,-67.96,5.86008292213482
59.12,-67.96,5.509232234311696
60.94,-67.96,5.068809167225189
62.76,-67.96,4.586809964897529
64.57,-67.96,3.893328462852158
66.39,-67.96,3.229979395099333
68.2,-67.96,2.6877445466825702
70.02,-67.96,2.20189749517174
71.84,-67.96,1.8678750959198707
73.65,-67.96,1.6226059935475383
75.47,-67.96,1.4525151696107887
77.29,-67.96,1.3459255276362712
79.1,-67.96,1.2640501749955906
80.92,-67.96,1.1903802578147238
82.73,-67.96,1.1409688701686247
84.55,-67.96,1.1049074675918062
86.37,-67.96,1.079468920082099
88.18,-67.96,1.0659472792403641
90.0,-67.96,1.0611655759817686
1.0,-64.29,9.491163983410226
2.82,-64.29,9.489747054339318
4.63,-64.29,9.475142726846084
6.45,-64.29,9.462436166342322
8.27,-64.29,9.44786707846486
10.08,-64.29,9.43164106417144
11.9,-64.29,9.402848559858718
13.71,-64.29,9.364246438652625
15.53,-64.29,9.332054023924444
17.35,-64.29,9.293249435595584
19.16,-64.29,9.255195045424996
20.98,-64.29,9.21938227316943
22.8,-64.29,9.188253081073974
24.61,-64.29,9.159491544118467
26.43,-64.29,9.13150965633347
28.24,-64.29,9.10726616684281
30.06,-64.29,9.077411834355889
31.88,-64.29,9.042476278704438
33.69,-64.29,8.982072398537676
35.51,-64.29,8.920684664729382
37.33,-64.29,8.845404303346982
39.14,-64.29,8.750101301862184
40.96,-64.29,8.65439341427883
42.78,-64.29,8.539381883319162
44.59,-64.29,8.395901110013858
46.41,-64.29,8.252110798124667
48.22,-64.29,8.086737743385223
50.04,-64.29,7.87068327129928
51.86,-64.29,7.63987890424019
53.67,-64.29,7.368468085247425
55.49,-64.29,7.003145407835423
57.31,-64.29,6.597093467714453
59.12,-64.29,6.1006114523182315
60.94,-64.29,5.390205597594375
62.76,-64.29,4.696645560421652
64.57,-64.29,3.9600865282796427
66.39,-64.29,3.3606261099596586
68.2,-64.29,2.924821969768708
70.02,-64.29,2.60238447232615
71.84,-64.29,2.4155157094710575
73.65,-64.29,2.273612822582567
75.47,-64.29,2.1588996457360468
77.29,-64.29,2.0820051808668976
79.1,-64.29,2.020514387093977
80.92,-64.29,1.9655302335090488
82.73,-64.29,1.9267157303246878
84.55,-64.29,1.8957851140090438
86.37,-64.29,1.8726428285690695
88.18,-64.29,1.8602845493164029
90.0,-64.29,1.8559154772189876
1.0,-60.61,10.326573513727508
2.82,-60.61,10.3247680434279
4.63,-60.61,10.30936335637228
6.45,-60.61,10.294812749850006
8.27,-60.61,10.277293856058504
10.08,-60.61,10.257120890116711
11.9,-60.61,10.223600905746784
13.71,-60.61,10.179334832608852
15.53,-60.61,10.14121518223244
17.35,-60.61,10.09591879257123
19.16,-60.61,10.049353193740922
20.98,-60.61,10.004789918839597
22.8,-60.61,9.963691455715265
24.61,-60.61,9.922156071580996
26.43,-60.61,9.88080295063262
28.24,-60.61,9.841398567577308
30.06,-60.61,9.792928002887031
31.88,-60.61,9.739075980727801
33.69,-60.61,9.654989521028707
35.51,-60.61,9.568031204475702
37.33,-60.61,9.464124265475288
39.14,-60.61,9.33388310777732
40.96,-60.61,9.201854027915495
42.78,-60.61,9.047006320126425
44.59,-60.61,8.854084072306511
46.41,-60.61,8.65865330016503
48.22,-60.61,8.433787639732282
50.04,-60.61,8.140933183946137
51.86,-60.61,7.825451762809736
53.67,-60.61,7.447364749001299
55.49,-60.61,6.91219910235733
57.31,-60.61,6.249568217815189
59.12,-60.61,5.536159673064065
60.94,-60.61,4.777586574790127
62.76,-60.61,4.147531885734468
64.57,-60.61,3.5592395557964225
66.39,-60.61,3.1797185386189444
68.2,-60.61,2.9660609268882827
70.02,-60.61,2.807610817445608
71.84,-60.61,2.6965421036069905
73.65,-60.61,2.604854138523562
75.47,-60.61,2.5241067517023024
77.29,-60.61,2.4672642459804783
79.1,-60.61,2.4202581726823227
80.92,-60.61,2.378785368358407
82.73,-60.61,2.347953439812032
84.55,-60.61,2.321247524730968
86.37,-60.61,2.3002610582071763
88.18,-60.61,2.2890146596013414
90.0,-60.61,2.285039956596103
1.0,-56.94,10.594297329084437
2.82,-56.94,10.592009164656087
4.63,-56.94,10.57559729935279
6.45,-56.94,10.558911305129012
8.27,-56.94,10.537952917059945
10.08,-56.94,10.51326679250613
11.9,-56.94,10.4744755898628
13.71,-56.94,10.423917807467383
15.53,-56.94,10.379143111910215
17.35,-56.94,10.326528725507423
19.16,-56.94,10.27030457915261
20.98,-56.94,10.215761106118865
22.8,-56.94,10.163283186276084
24.61,-56.94,10.107077077650986
26.43,-56.94,10.050262349908513
28.24,-56.94,9.993249163009137
30.06,-56.94,9.923006963139617
31.88,-56.94,9.8468897274284
33.69,-56.94,9.734816322637617
35.51,-56.94,9.617426870437518
37.33,-56.94,9.479230113719321
39.14,-56.94,9.306665277661896
40.96,-56.94,9.130048434301283
42.78,-56.94,8.925425564085105
44.59,-56.94,8.669221069209351
46.41,-56.94,8.405473305876514
48.22,-56.94,8.098121498405648
50.04,-56.94,7.689898779185335
51.86,-56.94,7.22447641344946
53.67,-56.94,6.596202359122148
55.49,-56.94,5.824683424496702
57.31,-56.94,5.120645395713413
59.12,-56.94,4.464913680096067
60.94,-56.94,3.848012917975494
62.76,-56.94,3.4363476971137574
64.57,-56.94,3.152827937657164
66.39,-56.94,2.981614250257342
68.2,-56.94,2.8758639888662114
70.02,-56.94,2.792136823519507
71.84,-56.94,2.7246554390070012
73.65,-56.94,2.6644588870986445
75.47,-56.94,2.6063777261139864
77.29,-56.94,2.5634925087312244
79.1,-56.94,2.52686977787502
80.92,-56.94,2.4951232828698733
82.73,-56.94,2.4702423774202864
84.55,-56.94,2.446963643493218
86.37,-56.94,2.42791849404223
88.18,-56.94,2.4176866197137747
90.0,-56.94,2.414071757680914
1.0,-53.27,10.58588496633749
2.82,-53.27,10.582954543049253
4.63,-53.27,10.565216040396434
6.45,-53.27,10.54577912431665
8.27,-53.27,10.520409952789091
10.08,-53.27,10.489978362927426
11.9,-53.27,10.444516680001943
13.71,-53.27,10.385981673047427
15.53,-53.27,10.332731411178642
17.35,-53.27,10.270782348175514
19.16,-53.27,10.202211863865864
20.98,-53.27,10.134877248311003
22.8,-53.27,10.067801697452074
24.61,-53.27,9.992717795322376
26.43,-53.27,9.915936457222013
28.24,-53.27,9.83608855017971
30.06,-53.27,9.73744822907376
31.88,-53.27,9.632079802048832
33.69,-53.27,9.48289713978573
35.51,-53.27,9.324762665729855
37.33,-53.27,9.140019269540932
39.14,-53.27,8.908919638983551
40.96,-53.27,8.669171829151118
42.78,-53.27,8.391653351924193
44.59,-53.27,8.038063818815427
46.41,-53.27,7.660492276545093
48.22,-53.27,7.19243306407447
50.04,-53.27,6.490395330097657
51.86,-53.27,5.791294642113091
53.67,-53.27,5.1024533036862225
55.49,-53.27,4.393673290571804
57.31,-53.27,3.828568858476644
59.12,-53.27,3.4074919455180703
60.94,-53.27,3.1230401741741014
62.76,-53.27,2.9530756998517353
64.57,-53.27,2.8311360038940836
66.39,-53.27,2.763552094582063
68.2,-53.27,2.724559759989856
70.02,-53.27,2.691313091113888
71.84,-53.27,2.655226403571428
73.65,-53.27,2.6186792993150143
75.47,-53.27,2.5783894735572845
77.29,-53.27,2.5468296383878717
79.1,-53.27,2.5188492954449595
80.92,-53.27,2.495178416035052
82.73,-53.27,2.475430334931545
84.55,-53.27,2.4553841011646518
86.37,-53.27,2.438354758992002
88.18,-53.27,2.4291876832874055
90.0,-53.27,2.4259505041212215
1.0,-49.59,10.358468218568973
2.82,-49.59,10.354684821974514
4.63,-49.59,10.335223898261708
6.45,-49.59,10.312397864637362
8.27,-49.59,10.281573966033484
10.08,-49.59,10.244118535065443
11.9,-49.59,10.190517809431327
13.71,-49.59,10.12221230199583
15.53,-49.59,10.058572181763354
17.35,-49.59,9.985117059452296
19.16,-49.59,9.901336515621004
20.98,-49.59,9.81818970077713
22.8,-49.59,9.733035491792663
24.61,-49.59,9.634505192760376
26.43,-49.59,9.532773543548185
28.24,-49.59,9.424251461840566
30.06,-49.59,9.28960511860584
31.88,-49.59,9.146711066800066
33.69,-49.59,8.949173659268368
35.51,-49.59,8.736977438014003
37.33,-49.59,8.488965974753354
39.14,-49.59,8.17536791869971
40.96,-49.59,7.842105099750632
42.78,-49.59,7.447557548904015
44.59,-49.59,6.906786311895325
46.41,-49.59,6.247810038968098
48.22,-49.59,5.536751470741781
50.04,-49.59,4.771173137922973
51.86,-49.59,4.131645020573009
53.67,-49.59,3.580975643969979
55.49,-49.59,3.1430682113015265
57.31,-49.59,2.8962856587281287
59.12,-49.59,2.7301248692077023
60.94,-49.59,2.616764927037841
62.76,-49.59,2.558902798589073
64.57,-49.59,2.5305420269013252
66.39,-49.59,2.5280093679182607
68.2,-49.59,2.532831343989687
70.02,-49.59,2.5339796752296175
71.84,-49.59,2.520342216606319
73.65,-49.59,2.501293368473598
75.47,-49.59,2.474768878527976
77.29,-49.59,2.452259448032901
79.1,-49.59,2.4313636541086376
80.92,-49.59,2.4142722038813664
82.73,-49.59,2.398882112285982
84.55,-49.59,2.381843624078542
86.37,-49.59,2.366849966175397
88.18,-49.59,2.3587674971479524
90.0,-49.59,2.3559150315813238
1.0,-45.92,9.939743115560255
2.82,-45.92,9.934974916510859
4.63,-45.92,9.913386815074265
6.45,-45.92,9.886284187612754
8.27,-45.92,9.848747189766115
10.08,-45.92,9.802628500655398
11.9,-45.92,9.739072638295518
13.71,-45.92,9.658710866435573
15.53,-45.92,9.582199059468568
17.35,-45.92,9.494460313790501
19.16,-45.92,9.391728141833747
20.98,-45.92,9.28882387210856
22.8,-45.92,9.180961619756905
24.61,-45.92,9.05285041556312
26.43,-45.92,8.91937666948736
28.24,-45.92,8.773994894266325
30.06,-45.92,8.592396486818526
31.88,-45.92,8.399550206354213
33.69,-45.92,8.135851113835983
35.51,-45.92,7.847142000255402
37.33,-45.92,7.5049168901980075
39.14,-45.92,7.057433047809162
40.96,-45.92,6.5419778532334485
42.78,-45.92,5.85553940132029
44.59,-45.92,5.048997184386507
46.41,-45.92,4.3404895454451
48.22,-45.92,3.6909131807060658
50.04,-45.92,3.087695903264008
51.86,-45.92,2.709676546387839
53.67,-45.92,2.486257085903735
55.49,-45.92,2.331442755556095
57.31,-45.92,2.245308191627932
59.12,-45.92,2.1980320826635587
60.94,-45.92,2.184224168261017
62.76,-45.92,2.197018604213471
64.57,-45.92,2.2299156499650175
66.39,-45.92,2.270816666529104
68.2,-45.92,2.305472933530483
70.02,-45.92,2.3306451422415555
71.84,-45.92,2.3334790426015872
73.65,-45.92,2.327726374624655
75.47,-45.92,2.3121804083787723
77.29,-45.92,2.297134164872431
79.1,-45.92,2.2822315512306326
80.92,-45.92,2.2706592044004084
82.73,-45.92,2.2590867953946883
84.55,-45.92,2.2449162244121355
86.37,-45.92,2.2319965837764983
88.18,-45.92,2.2250258412174815
90.0,-45.92,2.2225677077627823
1.0,-42.24,9.313801109579952
2.82,-42.24,9.307799429209304
4.63,-42.24,9.283531385958973
6.45,-42.24,9.251067955868336
8.27,-42.24,9.205221622135705
10.08,-42.24,9.148398697152045
11.9,-42.24,9.072523500851318
13.71,-42.24,8.97711390925187
15.53,-42.24,8.884458141066517
17.35,-42.24,8.778711843956966
19.16,-42.24,8.65198105965223
20.98,-42.24,8.523880385207
22.8,-42.24,8.386846616450969
24.61,-42.24,8.22036741225796
26.43,-42.24,8.045153179266418
28.24,-42.24,7.85043537644207
30.06,-42.24,7.604355519992259
31.88,-42.24,7.340338002961709
33.69,-42.24,6.976886591330029
35.51,-42.24,6.562684083373718
37.33,-42.24,6.034902375462916
39.14,-42.24,5.255552915766396
40.96,-42.24,4.491294447938986
42.78,-42.24,3.7563537648886474
44.59,-42.24,3.028732124360479
46.41,-42.24,2.479852114030728
48.22,-42.24,2.105398998731844
50.04,-42.24,1.8794039545204853
51.86,-42.24,1.7641284433224662
53.67,-42.24,1.7051786342579
55.49,-42.24,1.6832357172599575
57.31,-42.24,1.6912812948621525
59.12,-42.24,1.7192017563750113
60.94,-42.24,1.770693803076692
62.76,-42.24,1.8306885355136182
64.57,-42.24,1.904858337686701
66.39,-42.24,1.9750216546319057
68.2,-42.24,2.02998122328402
70.02,-42.24,2.0718986421057517
71.84,-42.24,2.0869123748211322
73.65,-42.24,2.091399137620207
75.47,-42.24,2.0847766330138304
77.29,-42.24,2.0760134366392506
79.1,-42.24,2.066288100242782
80.92,-42.24,2.0594354010807043
82.73,-42.24,2.0512743221333207
84.55,-42.24,2.0398683445564982
86.37,-42.24,2.029055618102564
88.18,-42.24,2.023219190377347
90.0,-42.24,2.021163404428426
1.0,-38.57,8.437496604037504
2.82,-38.57,8.429770578997498
4.63,-38.57,8.401954902987615
6.45,-38.57,8.362792048646524
8.27,-38.57,8.306493910406955
10.08,-38.57,8.2363545895937
11.9,-38.57,8.14501443849173
13.71,-38.57,8.030534954744644
15.53,-38.57,7.917304518455807
17.35,-38.57,7.788320172654713
19.16,-38.57,7.630447210280691
20.98,-38.57,7.469196756232743
22.8,-38.57,7.293320230474763
24.61,-38.57,7.074816115994465
26.43,-38.57,6.841506073495956
28.24,-38.57,6.575840085395186
30.06,-38.57,6.231824564706587
31.88,-38.57,5.849773832821858
33.69,-38.57,5.28105291705857
35.51,-38.57,4.552803020068685
37.33,-38.57,3.77138688544692
39.14,-38.57,2.94884692694532
40.96,-38.57,2.268513041181137
42.78,-38.57,1.7062381996619247
44.59,-38.57,1.3072678411149394
46.41,-38.57,1.1207183954771311
48.22,-38.57,1.023210468816845
50.04,-38.57,0.9839520078897955
51.86,-38.57,0.991765641952258
53.67,-38.57,1.0281099146113926
55.49,-38.57,1.0894765963020718
57.31,-38.57,1.1590214609492697
59.12,-38.57,1.2370720456729822
60.94,-38.57,1.332359401408033
62.76,-38.57,1.4239235990181307
64.57,-38.57,1.525470757310054
66.39,-38.57,1.6147366592688546
68.2,-38.57,1.6829947432197137
70.02,-38.57,1.736198751768922
71.84,-38.57,1.7601120770252445
73.65,-38.57,1.7724608512000544
75.47,-38.57,1.7731371235529378
77.29,-38.57,1.7697070951428449
79.1,-38.57,1.7644928947312235
80.92,-38.57,1.7617067059721427
82.73,-38.57,1.7566152338809347
84.55,-38.57,1.7478760635125707
86.37,-38.57,1.7391815103707486
88.18,-38.57,1.734489610359493
90.0,-38.57,1.7328397995590934
1.0,-34.9,7.257611890416339
2.82,-34.9,7.247549718552282
4.63,-34.9,7.2150398058271
6.45,-34.9,7.167345499620812
8.27,-34.9,7.097707458915431
10.08,-34.9,7.010650386093992
11.9,-34.9,6.899491549286023
13.71,-34.9,6.760186066329016
15.53,-34.9,6.619922887497749
17.35,-34.9,6.459867369189849
19.16,-34.9,6.25985022983463
20.98,-34.9,6.052762672782737
22.8,-34.9,5.821836053419096
24.61,-34.9,5.526979713415651
26.43,-34.9,5.203576848606093
28.24,-34.9,4.818377139856007
30.06,-34.9,4.26998229009741
31.88,-34.9,3.5868052644851582
33.69,-34.9,2.7608829688101104
35.51,-34.9,2.0063030691314108
37.33,-34.9,1.3182903452345696
39.14,-34.9,0.7058386269884022
40.96,-34.9,0.35616400694189104
42.78,-34.9,0.18209961150232937
44.59,-34.9,0.09804028900246349
46.41,-34.9,0.08638193944377603
48.22,-34.9,0.11754981108108385
50.04,-34.9,0.18590678126382953
51.86,-34.9,0.2699839776967501
53.67,-34.9,0.36739625679348054
55.49,-34.9,0.483280061503875
57.31,-34.9,0.593521667884898
59.12,-34.9,0.7048249781365946
60.94,-34.9,0.828801547456747
62.76,-34.9,0.9406202444415421
64.57,-34.9,1.059231865535335
66.39,-34.9,1.1599186164103281
68.2,-34.9,1.2360976114430622
70.02,-34.9,1.2963316116998316
71.84,-34.9,1.326547429625802
73.65,-34.9,1.3448428311337728
75.47,-34.9,1.3514871663356758
77.29,-34.9,1.3525970988869112
79.1,-34.9,1.351328369690629
80.92,-34.9,1.3520555974591315
82.73,-34.9,1.3497344818772459
84.55,-34.9,1.343562635653829
86.37,-34.9,1.336977913370824
88.18,-34.9,1.33342940439926
90.0,-34.9,1.332185160400143
1.0,-31.22,5.86545078345371
2.82,-31.22,5.85233143760221
4.63,-31.22,5.813592417869702
6.45,-31.22,5.754588758043572
8.27,-31.22,5.667378375168389
10.08,-31.22,5.557893053511329
11.9,-31.22,5.420124920819853
13.71,-31.22,5.246777402529236
15.53,-31.22,5.0689101771867815
17.35,-31.22,4.864633282869721
19.16,-31.22,4.603146782858263
20.98,-31.22,4.326610621943322
22.8,-31.22,4.007690857324473
24.61,-31.22,3.5792241593737186
26.43,-31.22,3.0589149148545514
28.24,-31.22,2.360261513807133
30.06,-31.22,1.5549918020251274
31.88,-31.22,0.8534391162296543
33.69,-31.22,0.14469007162299108
35.51,-31.22,0.3985072800410467
37.33,-31.22,0.7319581016994946
39.14,-31.22,0.8905640683357062
40.96,-31.22,0.9381302940396453
42.78,-31.22,0.9237219031016215
44.59,-31.22,0.8587794952711137
46.41,-31.22,0.7684621738517046
48.22,-31.22,0.6570920101806716
50.04,-31.22,0.5192437203500079
51.86,-31.22,0.38506236031403185
53.67,-31.22,0.24722158414509288
55.49,-31.22,0.0950421633849724
57.31,-31.22,0.0422871099823196
59.12,-31.22,0.17557723368053108
60.94,-31.22,0.31797510409480134
62.76,-31.22,0.44225679166774895
64.57,-31.22,0.5707756768498672
66.39,-31.22,0.6775160898025399
68.2,-31.22,0.7578771259468775
70.02,-31.22,0.8222161470521493
71.84,-31.22,0.8570151401967853
73.65,-31.22,0.8800365467126814
75.47,-31.22,0.8918542979772258
77.29,-31.22,0.8970623291381118
79.1,-31.22,0.8994461058876354
80.92,-31.22,0.9033930980133442
82.73,-31.22,0.9037091758404647
84.55,-31.22,0.900101989335784
86.37,-31.22,0.8956772873316016
88.18,-31.22,0.893301389242115
90.0,-31.22,0.8924730685716391
1.0,-27.55,4.335057323452972
2.82,-27.55,4.317655385967791
4.63,-27.55,4.270213775729733
6.45,-27.55,4.195564538833496
8.27,-27.55,4.083981702456178
10.08,-27.55,3.943140826063282
11.9,-27.55,3.767261564763759
13.71,-27.55,3.5438255422873985
15.53,-27.55,3.3092005992601607
17.35,-27.55,3.0354162884911142
19.16,-27.55,2.6718935895610443
20.98,-27.55,2.2682486225048506
22.8,-27.55,1.7479772608201878
24.61,-27.55,0.9628439097162323
26.43,-27.55,0.21020897476949343
28.24,-27.55,0.4956044839393946
30.06,-27.55,1.1704135958691626
31.88,-27.55,1.6546450488043078
33.69,-27.55,1.955176875734248
35.51,-27.55,2.0579588441871928
37.33,-27.55,2.0668576483657177
39.14,-27.55,2.0050074396170174
40.96,-27.55,1.9062900946593913
42.78,-27.55,1.780179175311703
44.59,-27.55,1.6204337284298393
46.41,-27.55,1.4629177103492486
48.22,-27.55,1.2977383546635581
50.04,-27.55,1.112791421625874
51.86,-27.55,0.9445755191700974
53.67,-27.55,0.7793605263141464
55.49,-27.55,0.6025860806193053
57.31,-27.55,0.4469940239698523
59.12,-27.55,0.29906249442899674
60.94,-27.55,0.14498207632947985
62.76,-27.55,0.013383840030882834
64.57,-27.55,0.12032122552218509
66.39,-27.55,0.22957649516258558
68.2,-27.55,0.31169804286551483
70.02,-27.55,0.3783175418925425
71.84,-27.55,0.4167288238873972
73.65,-27.55,0.44386502255274213
75.47,-27.55,0.46054616204850374
77.29,-27.55,0.4697356609306147
79.1,-27.55,0.47573636738452296
80.92,-27.55,0.4828533849763828
82.73,-27.55,0.48583273262003235
84.55,-27.55,0.4848875326708747
86.37,-27.55,0.4827358341667872
88.18,-27.55,0.4815948961021821
90.0,-27.55,0.48120461521208086
1.0,-23.88,2.685151974190604
2.82,-23.88,2.6611944468086164
4.63,-23.88,2.600590714992031
6.45,-23.88,2.502919002939173
8.27,-23.88,2.354931254199914
10.08,-23.88,2.1667570670522354
11.9,-23.88,1.931134014634314
13.71,-23.88,1.6255279078598126
15.53,-23.88,1.2923661196251506
17.35,-23.88,0.884923415985661
19.16,-23.88,0.26672292559305033
20.98,-23.88,0.4905240406619547
22.8,-23.88,1.2435676416151182
24.61,-23.88,2.005130503983241
26.43,-23.88,2.6036706749901257
28.24,-23.88,3.061086806556853
30.06,-23.88,3.3028186928906633
31.88,-23.88,3.3416987229903934
33.69,-23.88,3.2840008582442946
35.51,-23.88,3.1734714672993705
37.33,-23.88,3.0219220697630518
39.14,-23.88,2.8262634887405333
40.96,-23.88,2.632224230462297
42.78,-23.88,2.4304670494127
44.59,-23.88,2.2050709669657227
46.41,-23.88,2.0005258802277366
48.22,-23.88,1.7975034549561093
50.04,-23.88,1.5793939445649212
51.86,-23.88,1.3873213953059869
53.67,-23.88,1.203069527240513
55.49,-23.88,1.0091812020808653
57.31,-23.88,0.8409448228801842
59.12,-23.88,0.6830315156462335
60.94,-23.88,0.5215451094101028
62.76,-23.88,0.38589353706537505
64.57,-23.88,0.24998416253075187
66.39,-23.88,0.14043443607780787
68.2,-23.88,0.05802944960129914
70.02,-23.88,0.009831855006907553
71.84,-23.88,0.05142063614307171
73.65,-23.88,0.08248834779240016
75.47,-23.88,0.10406731745435459
77.29,-23.88,0.11735062191309141
79.1,-23.88,0.1271133521530667
80.92,-23.88,0.1375232011134427
82.73,-23.88,0.14330151711051375
84.55,-23.88,0.14518673740146718
86.37,-23.88,0.145463392374885
88.18,-23.88,0.14564249577294353
90.0,-23.88,0.14572044001910495
1.0,-20.2,0.7919888801687599
2.82,-20.2,0.7573930510977461
4.63,-20.2,0.6752549554475076
6.45,-20.2,0.5403941603560314
8.27,-20.2,0.33221226110255453
10.08,-20.2,0.0633601073123473
11.9,-20.2,0.2810092889236891
13.71,-20.2,0.7547463538539133
15.53,-20.2,1.3551843919562518
17.35,-20.2,2.156302680253885
19.16,-20.2,3.024537517165993
20.98,-20.2,3.713756107728857
22.8,-20.2,4.269227780524341
24.61,-20.2,4.70063338616581
26.43,-20.2,4.838368088642695
28.24,-20.2,4.8012219779895196
30.06,-20.2,4.661676915558875
31.88,-20.2,4.481655158264732
33.69,-20.2,4.241689015876166
35.51,-20.2,3.999540378663136
37.33,-20.2,3.7421856075152387
39.14,-20.2,3.454816104661924
40.96,-20.2,3.1939995353166175
42.78,-20.2,2.9384527061746764
44.59,-20.2,2.6660359347191034
46.41,-20.2,2.4278607172983837
48.22,-20.2,2.1978980026982935
50.04,-20.2,1.9563367553682518
51.86,-20.2,1.7476298203741019
53.67,-20.2,1.5503097413653038
55.49,-20.2,1.3447156652946304
57.31,-20.2,1.1679163119867444
59.12,-20.2,1.0034166512597065
60.94,-20.2,0.8376585171765687
62.76,-20.2,0.7003460195480172
64.57,-20.2,0.5644328442976805
66.39,-20.2,0.45623099797206634
68.2,-20.2,0.3746350201108066
70.02,-20.2,0.3062888954550805
71.84,-20.2,0.26180864082325733
73.65,-20.2,0.22690477287606794
75.47,-20.2,0.20034858748910256
77.29,-20.2,0.18284420140924357
79.1,-20.2,0.16917179363740292
80.92,-20.2,0.15534096896208585
82.73,-20.2,0.14663366648564793
84.55,-20.2,0.14176434680911804
86.37,-20.2,0.13892108260533093
88.18,-20.2,0.13734626377451487
90.0,-20.2,0.1367732555241895
1.0,-16.53,1.4979758139124906
2.82,-16.53,1.5518379212138476
4.63,-16.53,1.6737329232213745
6.45,-16.53,1.8782612957823743
8.27,-16.53,2.205439378941682
10.08,-16.53,2.6509392375512353
11.9,-16.53,3.316707947248316
13.71,-16.53,4.298733902746417
15.53,-16.53,5.115635292652899
17.35,-16.53,5.785370497137885
19.16,-16.53,6.345456197202521
20.98,-16.53,6.649135705001072
22.8,-16.53,6.670438973468746
24.61,-16.53,6.4918317279623245
26.43,-16.53,6.247071867866458
28.24,-16.53,5.965130261337697
30.06,-16.53,5.630333122517005
31.88,-16.53,5.314222975187905
33.69,-16.53,4.952829685359217
35.51,-16.53,4.6197436186943
37.33,-16.53,4.287556072542746
39.14,-16.53,3.934315540901808
40.96,-16.53,3.6251877588464554
42.78,-16.53,3.3304830780664196
44.59,-16.53,3.023863592918341
46.41,-16.53,2.761458636217703
48.22,-16.53,2.512326413246602
50.04,-16.53,2.2543039519050554
51.86,-16.53,2.0342004550402115
53.67,-16.53,1.8281673507611307
55.49,-16.53,1.61481161345662
57.31,-16.53,1.4324265393297162
59.12,-16.53,1.2638069775192926
60.94,-16.53,1.096050151628008
62.76,-16.53,0.9588089059796103
64.57,-16.53,0.8244801690454656
66.39,-16.53,0.7188127871630494
68.2,-16.53,0.6388086765628614
70.02,-16.53,0.5705059986670646
71.84,-16.53,0.5233091825623712
73.65,-16.53,0.4845971970305282
75.47,-16.53,0.45295949327162294
77.29,-16.53,0.43110239018169316
79.1,-16.53,0.4133780084445331
80.92,-16.53,0.39600102572988277
82.73,-16.53,0.38424215606888884
84.55,-16.53,0.37625294254004665
86.37,-16.53,0.3707213641708485
88.18,-16.53,0.3676846481498169
90.0,-16.53,0.3665931050670825
1.0,-12.86,4.528510067013456
2.82,-12.86,4.625970430852117
4.63,-12.86,4.840487370543031
6.45,-12.86,5.220881793692011
8.27,-12.86,5.972315000749174
10.08,-12.86,6.970381892595944
11.9,-12.86,7.843212088985628
13.71,-12.86,8.541632202190304
15.53,-12.86,8.947477603876493
17.35,-12.86,9.110660096441256
19.16,-12.86,8.932496996747993
20.98,-12.86,8.578182643454038
22.8,-12.86,8.166589577265741
24.61,-12.86,7.69224057861187
26.43,-12.86,7.2519227117826945
28.24,-12.86,6.821218186669527
30.06,-12.86,6.3597740609866005
31.88,-12.86,5.952158542141445
33.69,-12.86,5.50723735136049
35.51,-12.86,5.110861936521819
37.33,-12.86,4.726200794098343
39.14,-12.86,4.3266621743528155
40.96,-12.86,3.9837668342152295
42.78,-12.86,3.6617897894688616
44.59,-12.86,3.331684928089004
46.41,-12.86,3.0530968192148724
48.22,-12.86,2.791584248071476
50.04,-12.86,2.52335068818854
51.86,-12.86,2.2966209230162615
53.67,-12.86,2.0859355902100845
55.49,-12.86,1.8685844359924477
57.31,-12.86,1.6835293111978524
59.12,-12.86,1.5132595563912632
60.94,-12.86,1.3457890146347886
62.76,-12.86,1.2103798823844256
64.57,-12.86,1.0792611684443252
66.39,-12.86,0.9773562287107521
68.2,-12.86,0.8997941568183604
70.02,-12.86,0.8321762590104658
71.84,-12.86,0.7826053715822565
73.65,-12.86,0.7402975774582328
75.47,-12.86,0.7036816625840242
77.29,-12.86,0.6775063711327867
79.1,-12.86,0.6557367877257798
80.92,-12.86,0.6348250665143003
82.73,-12.86,0.6199974134467224
84.55,-12.86,0.6088452432110686
86.37,-12.86,0.6005772838236195
88.18,-12.86,0.5960523447809801
90.0,-12.86,0.5944329196856718
1.0,-9.18,8.968560659353821
2.82,-9.18,9.223058415547849
4.63,-9.18,9.916063349667757
6.45,-9.18,10.909406032496864
8.27,-9.18,11.707952117535193
10.08,-9.18,12.198332800106012
11.9,-9.18,12.423372284629126
13.71,-9.18,12.32553053996686
15.53,-9.18,11.85465738301709
17.35,-9.18,11.213332915693043
19.16,-9.18,10.48249797033301
20.98,-9.18,9.828144376507833
22.8,-9.18,9.206782535141581
24.61,-9.18,8.56225495714925
26.43,-9.18,8.002401274304292
28.24,-9.18,7.477985772821293
30.06,-9.18,6.935311590954925
31.88,-9.18,6.468450791638526
33.69,-9.18,5.969225952191788
35.51,-9.18,5.531837564501661
37.33,-9.18,5.113399570936076
39.14,-9.18,4.684464056291662
40.96,-9.18,4.320672528439185
42.78,-9.18,3.9822203488462047
44.59,-9.18,3.638556671197605
46.41,-9.18,3.3513793838203885
48.22,-9.18,3.083993066811963
50.04,-9.18,2.811655525597967
51.86,-9.18,2.583049256021953
53.67,-9.18,2.371819020201614
55.49,-9.18,2.15438614229876
57.31,-9.18,1.9697544522754342
59.12,-9.18,1.8005095724631845
60.94,-9.18,1.6358055359960775
62.76,-9.18,1.5041437552820796
64.57,-9.18,1.3780215370326154
66.39,-9.18,1.2812331855653363
68.2,-9.18,1.207084418858645
70.02,-9.18,1.1409494455894655
71.84,-9.18,1.0895416363256603
73.65,-9.18,1.0440655826612582
75.47,-9.18,1.0028069734789584
77.29,-9.18,0.9725339150930307
79.1,-9.18,0.9468910981286632
80.92,-9.18,0.9226066263444368
82.73,-9.18,0.9048116302751877
84.55,-9.18,0.8905537369003422
86.37,-9.18,0.8795827963177987
88.18,-9.18,0.8735869234308761
90.0,-9.18,0.8714457306625847
1.0,-5.51,17.592263552924198
2.82,-5.51,17.958941287636563
4.63,-5.51,17.92322879641644
6.45,-5.51,17.734009933022058
8.27,-5.51,17.3213809001845
10.08,-5.51,16.723969190845715
11.9,-5.51,15.720149042557454
13.71,-5.51,14.482310218953668
15.53,-5.51,13.430334614552507
17.35,-5.51,12.45369759699753
19.16,-5.51,11.47742370614939
20.98,-5.51,10.665989492853882
22.8,-5.51,9.92855736432608
24.61,-5.51,9.186790042159108
26.43,-5.51,8.55739568023165
28.24,-5.51,7.9779468985001625
30.06,-5.51,7.38750731020625
31.88,-5.51,6.885969552633527
33.69,-5.51,6.3553126865776965
35.51,-5.51,5.894645439011292
37.33,-5.51,5.457523405441448
39.14,-5.51,5.012997359998618
40.96,-5.51,4.638880079152483
42.78,-5.51,4.292903318186397
44.59,-5.51,3.943929931125313
46.41,-5.51,3.6544871231201497
48.22,-5.51,3.38665496363938
50.04,-5.51,3.1153178506138155
51.86,-5.51,2.888823802352768
53.67,-5.51,2.6804916148039166
55.49,-5.51,2.466287717765473
57.31,-5.51,2.284703986250214
59.12,-5.51,2.118758479303867
60.94,-5.51,1.9589231661331026
62.76,-5.51,1.8326185256614689
64.57,-5.51,1.7129979279534693
66.39,-5.51,1.6224619816873802
68.2,-5.51,1.5525433423630524
70.02,-5.51,1.4885786964950185
71.84,-5.51,1.4358215182460519
73.65,-5.51,1.3875866003583466
75.47,-5.51,1.3420264550392993
77.29,-5.51,1.3078911135080022
79.1,-5.51,1.2785646883189299
80.92,-5.51,1.2510836680400201
82.73,-5.51,1.2304399195367777
84.55,-5.51,1.213154133469976
86.37,-5.51,1.1995329444596896
88.18,-5.51,1.1920938764585465
90.0,-5.51,1.1894407418573003
1.0,-1.84,27.10255400013527
2.82,-1.84,26.344474014997246
4.63,-1.84,24.724809184075504
6.45,-1.84,22.95288936408551
8.27,-1.84,20.74808041702977
10.08,-1.84,18.839067486624167
11.9,-1.84,17.143275272231126
13.71,-1.84,15.522297480973897
15.53,-1.84,14.260102314873802
17.35,-1.84,13.142900996432932
19.16,-1.84,12.056689312745148
20.98,-1.84,11.172453142631946
22.8,-1.84,10.379832950845605
24.61,-1.84,9.590746728110119
26.43,-1.84,8.927138208952238
28.24,-1.84,8.320432539858214
30.06,-1.84,7.706515842013756
31.88,-1.84,7.188213303800878
33.69,-1.84,6.642814337752066
35.51,-1.84,6.1717658452657265
37.33,-1.84,5.726872759156092
39.14,-1.84,5.276661562063471
40.96,-1.84,4.899717890612421
42.78,-1.84,4.55248456250696
44.59,-1.84,4.203904287204961
46.41,-1.84,3.9164870754466223
48.22,-1.84,3.651837977525419
50.04,-1.84,3.3848508039297975
51.86,-1.84,3.163033714267817
53.67,-1.84,2.9597742048193214
55.49,-1.84,2.750847530277225
57.31,-1.84,2.573904556325039
59.12,-1.84,2.412606988761015
60.94,-1.84,2.258857814801359
62.76,-1.84,2.138818590699226
64.57,-1.84,2.0265257138942245
66.39,-1.84,1.9428494155631233
68.2,-1.84,1.8775811572074255
70.02,-1.84,1.816127375567091
71.84,-1.84,1.762251772384867
73.65,-1.84,1.7114424978430116
75.47,-1.84,1.6617298338787714
77.29,-1.84,1.6238304892908595
79.1,-1.84,1.5908965020578891
80.92,-1.84,1.5602885382319098
82.73,-1.84,1.5368394348154761
84.55,-1.84,1.516553351982577
86.37,-1.84,1.5002980361936817
88.18,-1.84,1.49142428946081
90.0,-1.84,1.4882622145666073
1.0,1.84,27.331988113386718
2.82,1.84,26.617673978543422
4.63,1.84,25.052233858020927
6.45,1.84,23.27119578240604
8.27,1.84,21.04275334446255
10.08,1.84,19.10214901215304
11.9,1.84,17.386645074426667
13.71,1.84,15.756306237987028
15.53,1.84,14.486689924991133
17.35,1.84,13.36506418394303
19.16,1.84,12.272941445150927
20.98,1.84,11.384236868269888
22.8,1.84,10.587487535363906
24.61,1.84,9.793911420195036
26.43,1.84,9.126919908992791
28.24,1.84,8.517471795630094
30.06,1.84,7.9016913739217065
31.88,1.84,7.382660830541786
33.69,1.84,6.837533478064966
35.51,1.84,6.3676826854446045
37.33,1.84,5.924821737592027
39.14,1.84,5.477778622937114
40.96,1.84,5.104648519683555
42.78,1.84,4.761665877512466
44.59,1.84,4.418433589187382
46.41,1.84,4.136673192549866
48.22,1.84,3.8782053552192512
50.04,1.84,3.618279643963756
51.86,1.84,3.4031454083397454
53.67,1.84,3.206620909922826
55.49,1.84,3.0045328774212283
57.31,1.84,2.833442332683445
59.12,1.84,2.677796952817281
60.94,1.84,2.530942937342236
62.76,1.84,2.417686905579682
64.57,1.84,2.3130996246582582
66.39,1.84,2.2364807089179632
68.2,1.84,2.1760217357408176
70.02,1.84,2.117294287099632
71.84,1.84,2.062621941080412
73.65,1.84,2.0095946666971867
75.47,1.84,1.9561409460115216
77.29,1.84,1.9148086396658366
79.1,1.84,1.8785640682521938
80.92,1.84,1.8450911686644456
82.73,1.84,1.8190515955035567
84.55,1.84,1.7959739970752384
86.37,1.84,1.777259661930359
88.18,1.84,1.7670461132819482
90.0,1.84,1.7634087097039859
1.0,5.51,18.364553414163733
2.82,5.51,18.862591995133137
4.63,5.51,18.909144717717734
6.45,5.51,18.689985782311282
8.27,5.51,18.217599974491904
10.08,5.51,17.518295518121064
11.9,5.51,16.456004871564083
13.71,5.51,15.198828663209344
15.53,5.51,14.130572247104919
17.35,5.51,13.146134811040172
19.16,5.51,12.156541698015664
20.98,5.51,11.335085804669406
22.8,5.51,10.588041394194692
24.61,5.51,9.835250045590742
26.43,5.51,9.197662929332513
28.24,5.51,8.611666607173856
30.06,5.51,8.017351383498092
31.88,5.51,7.515105877537029
33.69,5.51,6.986923503484507
35.51,5.51,6.531303509229604
37.33,5.51,6.101723978627208
39.14,5.51,5.6682574905699985
40.96,5.51,5.3069575372276026
42.78,5.51,4.9750830447892245
44.59,5.51,4.643598448842751
46.41,5.51,4.372413400277967
48.22,5.51,4.124400125659651
50.04,5.51,3.8756169644476057
51.86,5.51,3.670392398173989
53.67,5.51,3.4834477180806864
55.49,5.51,3.290995867599439
57.31,5.51,3.128041130717917
59.12,5.51,2.9800691696837314
60.94,5.51,2.842026122564158
62.76,5.51,2.7370622598084986
64.57,5.51,2.6416180127629376
66.39,5.51,2.573171201750138
68.2,5.51,2.5183436500297263
70.02,5.51,2.4630357660783733
71.84,5.51,2.408030120785175
73.65,5.51,2.3531435070824576
75.47,5.51,2.296218801882428
77.29,5.51,2.2516204844216006
79.1,5.51,2.2121873152768754
80.92,5.51,2.17596767727207
82.73,5.51,2.147402706541645
84.55,5.51,2.121560729530888
86.37,5.51,2.1003931625329275
88.18,5.51,2.0888422140709664
90.0,5.51,2.084730280844872
1.0,9.18,10.34195765806459
2.82,9.18,10.65794677355154
4.63,9.18,11.416730190968531
6.45,9.18,12.405737375871983
8.27,9.18,13.158542719250589
10.08,9.18,13.533634714340467
11.9,9.18,13.674506853276101
13.71,9.18,13.545593887742363
15.53,9.18,13.049321101251198
17.35,9.18,12.401062345269679
19.16,9.18,11.65263613947687
20.98,9.18,10.985493483059242
22.8,9.18,10.351441546263082
24.61,9.18,9.69140339181931
26.43,9.18,9.120178456333221
28.24,9.18,8.586735761670225
30.06,9.18,8.039513764601605
31.88,9.18,7.573105807578626
33.69,9.18,7.079904905006447
35.51,9.18,6.65244960552888
37.33,9.18,6.248093276255329
39.14,9.18,5.839156162091298
40.96,9.18,5.498003751716449
42.78,9.18,5.184298056874669
44.59,9.18,4.871054028788742
46.41,9.18,4.6153315750469615
48.22,9.18,4.3819413414668995
50.04,9.18,4.148221468962172
51.86,9.18,3.9559455151832577
53.67,9.18,3.781216264527958
55.49,9.18,3.600999063313191
57.31,9.18,3.4482915773660943
59.12,9.18,3.309840952005665
60.94,9.18,3.1822531536311067
62.76,9.18,3.0867884205281366
64.57,9.18,3.001561635540796
66.39,9.18,2.942051994109675
68.2,9.18,2.8934445223890233
70.02,9.18,2.8421452466484016
71.84,9.18,2.787386271509551
73.65,9.18,2.7312056270973084
75.47,9.18,2.6713790177431136
77.29,9.18,2.6239440418491857
79.1,9.18,2.581691029684533
80.92,9.18,2.5430577221349178
82.73,9.18,2.5122211606698155
84.55,9.18,2.483832945219081
86.37,9.18,2.460384691762713
88.18,9.18,2.447588951168647
90.0,9.18,2.443035253101551
1.0,12.86,6.547741093670942
2.82,12.86,6.678580308096607
4.63,12.86,6.924890856562534
6.45,12.86,7.301738619778121
8.27,12.86,8.022880196479646
10.08,12.86,8.921549634979183
11.9,12.86,9.71246786586221
13.71,12.86,10.374116452517487
15.53,12.86,10.733608374827392
17.35,12.86,10.87257743121862
19.16,12.86,10.654323195826496
20.98,12.86,10.275185691072329
22.8,12.86,9.840964111695524
24.61,12.86,9.340188339694057
26.43,12.86,8.880476630205251
28.24,12.86,8.43404444220961
30.06,12.86,7.9635688422964295
31.88,12.86,7.5546581928675
33.69,12.86,7.116743925149246
35.51,12.86,6.73291848786819
37.33,12.86,6.366954855130836
39.14,12.86,5.994540950421441
40.96,12.86,5.682552637124236
42.78,12.86,5.39465948740488
44.59,12.86,5.106633814754964
46.41,12.86,4.871591625004395
48.22,12.86,4.657251817481326
50.04,12.86,4.442747531624651
51.86,12.86,4.266636737712648
53.67,12.86,4.106896672110414
55.49,12.86,3.9416747753620114
57.31,12.86,3.8014635695200027
59.12,12.86,3.6745040779492943
60.94,12.86,3.5591005773005997
62.76,12.86,3.474377158513845
64.57,12.86,3.4004622670494795
66.39,12.86,3.3506517693484885
68.2,12.86,3.3088699977543468
70.02,12.86,3.262220178003879
71.84,12.86,3.208383925338694
73.65,12.86,3.1515889070682346
75.47,12.86,3.089556685917617
77.29,12.86,3.03981645717249
79.1,12.86,2.9952024430463724
80.92,12.86,2.954568209112629
82.73,12.86,2.9217786663958925
84.55,12.86,2.891122439313801
86.37,12.86,2.865615858570963
88.18,12.86,2.851694699784981
90.0,12.86,2.8467414937565576
1.0,16.53,4.210648871298433
2.82,16.53,4.2842213102058375
4.63,16.53,4.425316229503796
6.45,16.53,4.627051786769525
8.27,16.53,4.937766916942564
10.08,16.53,5.328790119858149
11.9,16.53,5.940466413629147
13.71,16.53,6.882143257148461
15.53,16.53,7.643941655457922
17.35,16.53,8.275571174899046
19.16,16.53,8.756901423479075
20.98,16.53,8.99295060595614
22.8,16.53,8.95848843275121
24.61,16.53,8.726189815855042
26.43,16.53,8.44299865312305
28.24,16.53,8.129627551766204
30.06,16.53,7.773537575488506
31.88,16.53,7.448642783684804
33.69,16.53,7.090260050640381
35.51,16.53,6.768110711226426
37.33,16.53,6.45568658002108
39.14,16.53,6.133397227683676
40.96,16.53,5.860667920127969
42.78,16.53,5.6070674981203315
44.59,16.53,5.351943576000713
46.41,16.53,5.143257644581439
48.22,16.53,4.952748336689209
50.04,16.53,4.7619211339260055
51.86,16.53,4.605407756639919
53.67,16.53,4.4636125336939125
55.49,16.53,4.316336596542521
57.31,16.53,4.19103591978638
59.12,16.53,4.0776795503589565
60.94,16.53,3.9762910767344786
62.76,16.53,3.9036059740346025
64.57,16.53,3.8421240590075105
66.39,16.53,3.80277759052185
68.2,16.53,3.7684461468350436
70.02,16.53,3.727137541841396
71.84,16.53,3.674995534541825
73.65,16.53,3.618369992652051
75.47,16.53,3.55495113511244
77.29,16.53,3.5035337382436484
79.1,16.53,3.457102954970269
80.92,16.53,3.4149566039099706
82.73,16.53,3.3805917894125894
84.55,16.53,3.3480056939858707
86.37,16.53,3.3207103600578085
88.18,16.53,3.3058090629380144
90.0,16.53,3.3005077755212175
1.0,20.2,2.7462430087896643
2.82,20.2,2.791983466919935
4.63,20.2,2.8857211110265086
6.45,20.2,3.0183339618609106
8.27,20.2,3.215677871284936
10.08,20.2,3.4504081000846667
11.9,20.2,3.76320393884206
13.71,20.2,4.214714080477846
15.53,20.2,4.775841804102183
17.35,20.2,5.5368893852369565
19.16,20.2,6.317344149360721
20.98,20.2,6.919446331181405
22.8,20.2,7.374824466760395
24.61,20.2,7.680131481331813
26.43,20.2,7.729939604920504
28.24,20.2,7.628301386750332
30.06,20.2,7.442597504520906
31.88,20.2,7.238046192143558
33.69,20.2,6.990710622956802
35.51,20.2,6.7527406222430475
37.33,20.2,6.512215664410546
39.14,20.2,6.256135332426086
40.96,20.2,6.034355847077135
42.78,20.2,5.824720899863437
44.59,20.2,5.611151251542185
46.41,20.2,5.435102826476911
48.22,20.2,5.2736515261269705
50.04,20.2,5.11133902796792
51.86,20.2,4.978103401585703
53.67,20.2,4.857411430439672
55.49,20.2,4.731232439854667
57.31,20.2,4.6234251887818365
59.12,20.2,4.5259234849971195
60.94,20.2,4.440471299126305
62.76,20.2,4.381164922467861
64.57,20.2,4.333245351633548
66.39,20.2,4.305113499860106
68.2,20.2,4.278862461714756
70.02,20.2,4.243625777205351
71.84,20.2,4.1940371944899235
73.65,20.2,4.138462918768255
75.47,20.2,4.074592886996045
77.29,20.2,4.022218249330507
79.1,20.2,3.974596666816012
80.92,20.2,3.931498065249075
82.73,20.2,3.8959930916255243
84.55,20.2,3.861871793060403
86.37,20.2,3.8331039743463378
88.18,20.2,3.8173930841364196
90.0,20.2,3.811804042756966
1.0,23.88,1.8228489573566435
2.82,23.88,1.8520295679019536
4.63,23.88,1.9189041571262464
6.45,23.88,2.014542111804594
8.27,23.88,2.1549470465102187
10.08,23.88,2.3210363594994314
11.9,23.88,2.5362241550793594
13.71,23.88,2.827133384085006
15.53,23.88,3.136690981067619
17.35,23.88,3.5208882063480487
19.16,23.88,4.078186915340907
20.98,23.88,4.753521351895324
22.8,23.88,5.398873602240368
24.61,23.88,6.005374656979751
26.43,23.88,6.450585633409911
28.24,23.88,6.753504185612081
30.06,23.88,6.8781854480837055
31.88,23.88,6.855473534453202
33.69,23.88,6.765051129133133
35.51,23.88,6.640807729382082
37.33,23.88,6.494696428449079
39.14,23.88,6.32344731019643
40.96,23.88,6.165445056624235
42.78,23.88,6.010010875400757
44.59,23.88,5.846781075785884
46.41,23.88,5.709478494324969
48.22,23.88,5.581984895497512
50.04,23.88,5.452576481566031
51.86,23.88,5.345852255289447
53.67,23.88,5.248951644293097
55.49,23.88,5.146527342590127
57.31,23.88,5.058356725437878
59.12,23.88,4.978535373621208
60.94,23.88,4.910481416164877
62.76,23.88,4.865491262345035
64.57,23.88,4.831854567337519
66.39,23.88,4.8153529620798405
68.2,23.88,4.797576299148411
70.02,23.88,4.768950180323228
71.84,23.88,4.7226493654905966
73.65,23.88,4.668910453889318
75.47,23.88,4.605437460417063
77.29,23.88,4.5527633255660005
79.1,23.88,4.50452466832842
80.92,23.88,4.460978781045542
82.73,23.88,4.424733676382274
84.55,23.88,4.389444459314283
86.37,23.88,4.359504359540282
88.18,23.88,4.343145113119063
90.0,23.88,4.337325281791995
1.0,27.55,1.2391945994731477
2.82,27.55,1.257477616076972
4.63,27.55,1.3071085719898214
6.45,27.55,1.3797338113941013
8.27,27.55,1.4858809543299734
10.08,27.55,1.612930265599671
11.9,27.55,1.775551323939904
13.71,27.55,1.9883141142123408
15.53,27.55,2.2066806195472632
17.35,27.55,2.4640952803689373
19.16,27.55,2.791904824540419
20.98,27.55,3.15135295898639
22.8,27.55,3.6007283536981354
24.61,27.55,4.24562979838748
26.43,27.55,4.835855131657278
28.24,27.55,5.353440344927828
30.06,27.55,5.823373139279343
31.88,27.55,6.142050846639024
33.69,27.55,6.331821567256046
35.51,27.55,6.374998493530474
37.33,27.55,6.35848747348126
39.14,27.55,6.298352546899159
40.96,27.55,6.220859142804594
42.78,27.55,6.132294853719447
44.59,27.55,6.029711632459929
46.41,27.55,5.937958891893114
48.22,27.55,5.849632838590507
50.04,27.55,5.757615817864392
51.86,27.55,5.680587703005238
53.67,27.55,5.61001886068581
55.49,27.55,5.533833748685065
57.31,27.55,5.46725831899296
59.12,27.55,5.406737202752116
60.94,27.55,5.357275475432118
62.76,27.55,5.327272888405762
64.57,27.55,5.308356218701734
66.39,27.55,5.303658569450629
68.2,27.55,5.29460323532382
70.02,27.55,5.273029385886097
71.84,27.55,5.230714547029527
73.65,27.55,5.179578286055627
75.47,27.55,5.117336812919491
77.29,27.55,5.065011899392442
79.1,27.55,5.016720973501831
80.92,27.55,4.973217642386298
82.73,27.55,4.936624330331149
84.55,27.55,4.900531803435776
86.37,27.55,4.869720478744139
88.18,27.55,4.852874184815161
90.0,27.55,4.8468805209244845
1.0,31.22,0.8367483763180068
2.82,31.22,0.8474231364875972
4.63,31.22,0.8851033466033366
6.45,31.22,0.9420648086559694
8.27,31.22,1.025486631316237
10.08,31.22,1.127423420899148
11.9,31.22,1.2569795046282797
13.71,31.22,1.4221227849855926
15.53,31.22,1.5885506950336201
17.35,31.22,1.7804588626823237
19.16,31.22,2.0188001113566245
20.98,31.22,2.267827824307042
22.8,31.22,2.547430761670692
24.61,31.22,2.9058358559223576
26.43,31.22,3.323634965562108
28.24,31.22,3.8557779209202434
30.06,31.22,4.445034749055302
31.88,31.22,4.940987540480751
33.69,31.22,5.4409117532229745
35.51,31.22,5.7960693051710015
37.33,31.22,6.011198070983223
39.14,31.22,6.113299476502304
40.96,31.22,6.143942064807105
42.78,31.22,6.141241421201967
44.59,31.22,6.113677818961959
46.41,31.22,6.076372760762804
48.22,31.22,6.0336827603759176
50.04,31.22,5.984387875989609
51.86,31.22,5.94067243986974
53.67,31.22,5.899218217540001
55.49,31.22,5.851930793249871
57.31,31.22,5.808995591481421
59.12,31.22,5.76941272768322
60.94,31.22,5.739653312305188
62.76,31.22,5.725178956755294
64.57,31.22,5.721244184723181
66.39,31.22,5.728357782891751
68.2,31.22,5.7281628810798155
70.02,31.22,5.714020058985175
71.84,31.22,5.676395365849773
73.65,31.22,5.628647101861283
75.47,31.22,5.5685082151406196
77.29,31.22,5.517209651272874
79.1,31.22,5.469454795270532
80.92,31.22,5.426498886641022
82.73,31.22,5.389960522403399
84.55,31.22,5.353448720910106
86.37,31.22,5.322081867909716
88.18,31.22,5.304917942255126
90.0,31.22,5.298810206962566
1.0,34.9,0.5874554993203304
2.82,34.9,0.5924465910636044
4.63,34.9,0.6212816915397539
6.45,34.9,0.6670124462322131
8.27,34.9,0.7343225228587843
10.08,34.9,0.8188917993291562
11.9,34.9,0.9257713819513301
13.71,34.9,1.0586905657349301
15.53,34.9,1.19113734335582
17.35,34.9,1.341676237591646
19.16,34.9,1.5273157529565837
20.98,34.9,1.717650585935397
22.8,34.9,1.9259798504281112
24.61,34.9,2.182858635161615
26.43,34.9,2.4547906687815746
28.24,34.9,2.7635891175599183
30.06,34.9,3.1831805817049834
31.88,34.9,3.6853705939881443
33.69,34.9,4.2870991011216875
35.51,34.9,4.801377997316093
37.33,34.9,5.263283761745878
39.14,34.9,5.666577259231294
40.96,34.9,5.891737232317524
42.78,34.9,6.015787073634114
44.59,34.9,6.090258432675811
46.41,34.9,6.122996247708546
48.22,34.9,6.136907792776459
50.04,34.9,6.139180651081009
51.86,34.9,6.134730630465692
53.67,34.9,6.127001208785469
55.49,34.9,6.112970076052885
57.31,34.9,6.097040769717471
59.12,34.9,6.0811309389722545
60.94,34.9,6.0730617130102855
62.76,34.9,6.075237474585043
64.57,34.9,6.087010905367909
66.39,34.9,6.106237644312123
68.2,34.9,6.1152806613977635
70.02,34.9,6.1092360412060325
71.84,34.9,6.077364248740459
73.65,34.9,6.034161055964294
75.47,34.9,5.977404027859564
77.29,34.9,5.928124584502881
79.1,34.9,5.881769926510709
80.92,34.9,5.84011008754985
82.73,34.9,5.804219051003968
84.55,34.9,5.767843964706953
86.37,34.9,5.736375180357815
88.18,34.9,5.719137255683357
90.0,34.9,5.713001382666967
1.0,38.57,0.5313279519873827
2.82,38.57,0.5318356749851064
4.63,38.57,0.5538649781142858
6.45,38.57,0.5912876524774255
8.27,38.57,0.6466836387883298
10.08,38.57,0.7186941698228538
11.9,38.57,0.8091466852880739
13.71,38.57,0.9188738677561
15.53,38.57,1.027308348121223
17.35,38.57,1.149102777285496
19.16,38.57,1.2994383094611033
20.98,38.57,1.4520630082905592
22.8,38.57,1.6173759488026405
24.61,38.57,1.8192238186276293
26.43,38.57,2.028916418410391
28.24,38.57,2.259318183024523
30.06,38.57,2.545446632128066
31.88,38.57,2.850208025004695
33.69,38.57,3.2878469387070446
35.51,38.57,3.8030758059991245
37.33,38.57,4.342925271805093
39.14,38.57,4.89509655599769
40.96,38.57,5.3272747065667
42.78,38.57,5.686982190524913
44.59,38.57,5.949545182494623
46.41,38.57,6.086372560816855
48.22,38.57,6.178010414767967
50.04,38.57,6.247794154214814
51.86,38.57,6.29300446662509
53.67,38.57,6.326921368750143
55.49,38.57,6.353513961154683
57.31,38.57,6.370243251305431
59.12,38.57,6.382629423721085
60.94,38.57,6.399768041618972
62.76,38.57,6.420735379612459
64.57,38.57,6.449790088762697
66.39,38.57,6.481986298013382
68.2,38.57,6.501098441427725
70.02,38.57,6.504345620324209
71.84,38.57,6.479894573471498
73.65,38.57,6.443019084498154
75.47,38.57,6.391582915897055
77.29,38.57,6.345824413090949
79.1,38.57,6.302176312543835
80.92,38.57,6.262953142853043
82.73,38.57,6.22860924441351
84.55,38.57,6.193196838339431
86.37,38.57,6.162299598431849
88.18,38.57,6.145348769514743
90.0,38.57,6.139312186668496
1.0,42.24,0.6875892817376553
2.82,42.24,0.6845736480812946
4.63,42.24,0.7013033332235247
6.45,42.24,0.7323180337032275
8.27,42.24,0.7786449896720892
10.08,42.24,0.841195179814
11.9,42.24,0.9192888865046631
13.71,42.24,1.0115993384900928
15.53,42.24,1.1021841563895662
17.35,42.24,1.2028546850254564
19.16,42.24,1.3277966757090405
20.98,42.24,1.4539468396327326
22.8,42.24,1.5900055490728797
24.61,42.24,1.7561760515283256
26.43,42.24,1.9280405794816198
28.24,42.24,2.1152486628207035
30.06,42.24,2.342908549425117
31.88,42.24,2.5767854526331084
33.69,42.24,2.884881204305413
35.51,42.24,3.21238189168531
37.33,42.24,3.607238126368187
39.14,42.24,4.150348474871657
40.96,42.24,4.647965253683614
42.78,42.24,5.121018208494287
44.59,42.24,5.575015853388618
46.41,42.24,5.903793233988056
48.22,42.24,6.138809878232951
50.04,42.24,6.309525249783295
51.86,42.24,6.423209606337147
53.67,42.24,6.512040753116588
55.49,42.24,6.590983681772467
57.31,42.24,6.649051460396719
59.12,42.24,6.696686337136653
60.94,42.24,6.744282374011239
62.76,42.24,6.787243106652826
64.57,42.24,6.835971577116028
66.39,42.24,6.882486209283742
68.2,42.24,6.912929877368599
70.02,42.24,6.927191004622286
71.84,42.24,6.912468633315592
73.65,42.24,6.884363635262531
75.47,42.24,6.840877521065891
77.29,42.24,6.800669374699102
79.1,42.24,6.76148710430816
80.92,42.24,6.726239156560834
82.73,42.24,6.694651183258885
84.55,42.24,6.661303519351721
86.37,42.24,6.631873908852764
88.18,42.24,6.615690260832843
90.0,42.24,6.609922451906918
1.0,45.92,0.9638948942508976
2.82,45.92,0.9581382967314359
4.63,45.92,0.970710904080728
6.45,45.92,0.996669829116618
8.27,45.92,1.0359746690682365
10.08,45.92,1.0912098928189784
11.9,45.92,1.1597841293963236
13.71,45.92,1.2386221382818492
15.53,45.92,1.3154911612933293
17.35,45.92,1.400048630996322
19.16,45.92,1.5058738165555547
20.98,45.92,1.6124082866439415
22.8,45.92,1.7271757309302236
24.61,45.92,1.8681286536990762
26.43,45.92,2.014139729831686
28.24,45.92,2.1730984127012496
30.06,45.92,2.3648070461001214
31.88,45.92,2.5590751025289866
33.69,45.92,2.809163804257423
35.51,45.92,3.068696583235608
37.33,45.92,3.359530873179066
39.14,45.92,3.7154776941161285
40.96,45.92,4.088100242724683
42.78,45.92,4.5490795187739765
44.59,45.92,5.061112198883996
46.41,45.92,5.482978547056798
48.22,45.92,5.8581720241131
50.04,45.92,6.2103683805209995
51.86,45.92,6.4488579172124885
53.67,45.92,6.619146088759032
55.49,45.92,6.770325982964623
57.31,45.92,6.883089338915232
59.12,45.92,6.976013231667985
60.94,45.92,7.0612298715383215
62.76,45.92,7.130344099633293
64.57,45.92,7.201710390328356
66.39,45.92,7.2641263847253486
68.2,45.92,7.307392782714408
70.02,45.92,7.334736472433247
71.84,45.92,7.332558721559682
73.65,45.92,7.316183866305719
75.47,45.92,7.283823760473207
77.29,45.92,7.25159938665595
79.1,45.92,7.21897961032956
80.92,45.92,7.189530145204125
82.73,45.92,7.162123127046475
84.55,45.92,7.132146687753155
86.37,45.92,7.105241447577921
88.18,45.92,7.090390997861563
90.0,45.92,7.085091640836139
1.0,49.59,1.2447326665787648
2.82,49.59,1.2367251807547592
4.63,49.59,1.2459359904829364
6.45,49.59,1.26795307907678
8.27,49.59,1.3017635157563219
10.08,49.59,1.3513506098469867
11.9,49.59,1.412504409160429
13.71,49.59,1.4807802088648239
15.53,49.59,1.546969014656808
17.35,49.59,1.6189821569274092
19.16,49.59,1.7100991689147567
20.98,49.59,1.8016622248758818
22.8,49.59,1.9003807345502397
24.61,49.59,2.022671239551231
26.43,49.59,2.1499211731201875
28.24,49.59,2.2889442681248897
30.06,49.59,2.456055801275213
31.88,49.59,2.624328847087593
33.69,49.59,2.8384265331243594
35.51,49.59,3.0598967796355536
37.33,49.59,3.3027375639889835
39.14,49.59,3.5902825540020755
40.96,49.59,3.8740118599985327
42.78,49.59,4.185675790434566
44.59,49.59,4.5723819196583095
46.41,49.59,4.9851043458748645
48.22,49.59,5.403014222638524
50.04,49.59,5.84177839086096
51.86,49.59,6.20197623461447
53.67,49.59,6.516996508433983
55.49,49.59,6.802446527494974
57.31,49.59,6.997548369589939
59.12,49.59,7.153398442678018
60.94,49.59,7.2875895634001235
62.76,49.59,7.388974468242116
64.57,49.59,7.4870732705422265
66.39,49.59,7.567449418231534
68.2,49.59,7.625446795326625
70.02,49.59,7.668513554104666
71.84,49.59,7.682466520962245
73.65,49.59,7.681546851800612
75.47,49.59,7.664276069853282
77.29,49.59,7.64303926095719
79.1,49.59,7.619551627140093
80.92,49.59,7.59811492735351
82.73,49.59,7.576612631661247
84.55,49.59,7.551588136050961
86.37,49.59,7.528482698639018
88.18,49.59,7.515647408214413
90.0,49.59,7.5110567199819265
1.0,53.27,1.4129066631214426
2.82,53.27,1.4029735453364007
4.63,53.27,1.4094515298263373
6.45,53.27,1.4284887311044405
8.27,53.27,1.458070894740989
10.08,53.27,1.5034019500154994
11.9,53.27,1.5587971993454568
13.71,53.27,1.6187716745750558
15.53,53.27,1.6765965390440667
17.35,53.27,1.7387349916171904
19.16,53.27,1.8183767739712908
20.98,53.27,1.8982782472417612
22.8,53.27,1.9846234865698649
24.61,53.27,2.092698913142541
26.43,53.27,2.2058410109662216
28.24,53.27,2.330162915761743
30.06,53.27,2.4794718256630155
31.88,53.27,2.6294093187528143
33.69,53.27,2.818852873225903
35.51,53.27,3.0155101069591934
37.33,53.27,3.228696431079043
39.14,53.27,3.477695819405889
40.96,53.27,3.7206524524256768
42.78,53.27,3.9786894121233387
44.59,53.27,4.2805223831366455
46.41,53.27,4.572132670525903
48.22,53.27,4.894413764651376
50.04,53.27,5.319802560399764
51.86,53.27,5.716661385572219
53.67,53.27,6.098789129778978
55.49,53.27,6.51124056803968
57.31,53.27,6.8567918044448755
59.12,53.27,7.134019118888084
60.94,53.27,7.342341693104647
62.76,53.27,7.487415596244902
64.57,53.27,7.6192542950281545
66.39,53.27,7.720930952205426
68.2,53.27,7.796570991139667
70.02,53.27,7.859203303512802
71.84,53.27,7.894292903079854
73.65,53.27,7.913925585483032
75.47,53.27,7.91706037884809
77.29,53.27,7.910780890388427
79.1,53.27,7.899784296816689
80.92,53.27,7.8892265240921935
82.73,53.27,7.875853616202749
84.55,53.27,7.857805625999229
86.37,53.27,7.840133139474915
88.18,53.27,7.830182882715369
90.0,53.27,7.826606841640514
1.0,56.94,1.6050263073752056
2.82,56.94,1.593548836673276
4.63,56.94,1.597898890921475
6.45,56.94,1.6146563912680774
8.27,56.94,1.6410394082888273
10.08,56.94,1.6831314798178743
11.9,56.94,1.7340319549367882
13.71,56.94,1.7873950333702326
15.53,56.94,1.8385517597195566
17.35,56.94,1.8928102263114708
19.16,56.94,1.9633038096507336
20.98,56.94,2.033927264451654
22.8,56.94,2.1104744300843334
24.61,56.94,2.207390553973751
26.43,56.94,2.309558385930008
28.24,56.94,2.422573715677351
30.06,56.94,2.5583858681503115
31.88,56.94,2.6946333043133865
33.69,56.94,2.866018894483141
35.51,56.94,3.045078003378779
37.33,56.94,3.2377838849394696
39.14,56.94,3.4612180558144585
40.96,56.94,3.6788013943047377
42.78,56.94,3.906140016024422
44.59,56.94,4.168040293669961
46.41,56.94,4.416237511624326
48.22,56.94,4.677853986059032
50.04,56.94,4.988033591127496
51.86,56.94,5.299084601821804
53.67,56.94,5.666905410151703
55.49,56.94,6.114848725042819
57.31,56.94,6.528722136120385
59.12,56.94,6.9157815296686875
60.94,56.94,7.257010852640163
62.76,56.94,7.4852994705442795
64.57,56.94,7.667721292598476
66.39,56.94,7.797858506823515
68.2,56.94,7.896756381257147
70.02,56.94,7.985682538462391
71.84,56.94,8.050022760135164
73.65,56.94,8.098211243162703
75.47,56.94,8.12989228273506
77.29,56.94,8.14456099701218
79.1,56.94,8.151072535640289
80.92,56.94,8.155661694780838
82.73,56.94,8.153703376644247
84.55,56.94,8.145592184784116
86.37,56.94,8.135728772674781
88.18,56.94,8.129927008246778
90.0,56.94,8.1278100023218
1.0,60.61,1.9020315278226048
2.82,60.61,1.8893909944919134
4.63,60.61,1.89208846002502
6.45,60.61,1.9071034692910258
8.27,60.61,1.931076945432859
10.08,60.61,1.9707127906502446
11.9,60.61,2.018176870714387
13.71,60.61,2.066446021786862
15.53,60.61,2.112484991278167
17.35,60.61,2.1606880811271774
19.16,60.61,2.2241621455571097
20.98,60.61,2.287673704752938
22.8,60.61,2.3567259725427716
24.61,60.61,2.4451514689376723
26.43,60.61,2.5389998032863783
28.24,60.61,2.643505976222005
30.06,60.61,2.7692406512356507
31.88,60.61,2.8953590691456994
33.69,60.61,3.0535297546609117
35.51,60.61,3.2199468183960502
37.33,60.61,3.398174649641157
39.14,60.61,3.6039367620628475
40.96,60.61,3.8045715559325934
42.78,60.61,4.012136816566674
44.59,60.61,4.249772485318925
46.41,60.61,4.474010092629308
48.22,60.61,4.7075023824360995
50.04,60.61,4.977095953855553
51.86,60.61,5.234939612403231
53.67,60.61,5.510587740225579
55.49,60.61,5.86422720523176
57.31,60.61,6.264779614242049
59.12,60.61,6.681682271688486
60.94,60.61,7.082241867801403
62.76,60.61,7.384639858866587
64.57,60.61,7.652740161912642
66.39,60.61,7.831496349399268
68.2,60.61,7.963931573264468
70.02,60.61,8.089511040861787
71.84,60.61,8.194539735744092
73.65,60.61,8.281914566038509
75.47,60.61,8.352537325211765
77.29,60.61,8.395579283153213
79.1,60.61,8.425699464313913
80.92,60.61,8.450540544932196
82.73,60.61,8.463868614278192
84.55,60.61,8.469160997331265
86.37,60.61,8.469867451087408
88.18,60.61,8.469678833399145
90.0,60.61,8.469535190383292
1.0,64.29,2.164459266743307
2.82,64.29,2.1509248503039027
4.63,64.29,2.152173944678678
6.45,64.29,2.165553062128603
8.27,64.29,2.1874329715285077
10.08,64.29,2.22491864361155
11.9,64.29,2.269501048291369
13.71,64.29,2.3135179253052267
15.53,64.29,2.3553051294543086
17.35,64.29,2.3985176395938783
19.16,64.29,2.4562195074045916
20.98,64.29,2.5139099308639437
22.8,64.29,2.5768296798090438
24.61,64.29,2.6583516087026986
26.43,64.29,2.745467118883847
28.24,64.29,2.84310450667762
30.06,64.29,2.9607444276189057
31.88,64.29,3.078760626311073
33.69,64.29,3.2263660532763176
35.51,64.29,3.3827963998909163
37.33,64.29,3.5496428764848615
39.14,64.29,3.741699244035106
40.96,64.29,3.929467843278731
42.78,64.29,4.122309680853062
44.59,64.29,4.342394600819368
46.41,64.29,4.55007856579118
48.22,64.29,4.765166252860116
50.04,64.29,5.01033650232363
51.86,64.29,5.241281209052376
53.67,64.29,5.481845827347762
55.49,64.29,5.769717611741218
57.31,64.29,6.061196940869393
59.12,64.29,6.3863011487466945
60.94,64.29,6.7748480674406375
62.76,64.29,7.10437581865966
64.57,64.29,7.418447040073826
66.39,64.29,7.648398065131486
68.2,64.29,7.845060967335934
70.02,64.29,8.046282788985955
71.84,64.29,8.22237192948763
73.65,64.29,8.373850117660373
75.47,64.29,8.506017294189645
77.29,64.29,8.592845855487985
79.1,64.29,8.658865737037285
80.92,64.29,8.714040863901763
82.73,64.29,8.750146940433883
84.55,64.29,8.77540858665005
86.37,64.29,8.79185782022882
88.18,64.29,8.800009716291424
90.0,64.29,8.802794985023892
1.0,67.96,1.7761786946853677
2.82,67.96,1.7618448854500375
4.63,67.96,1.761771944628925
6.45,67.96,1.7737430666363596
8.27,67.96,1.7938841434528732
10.08,67.96,1.8297569987497686
11.9,67.96,1.8722777631925838
13.71,67.96,1.9132387451110027
15.53,67.96,1.9520069505928754
17.35,67.96,1.9916467718969975
19.16,67.96,2.0453370335000325
20.98,67.96,2.0989920579928496
22.8,67.96,2.1577039710742527
24.61,67.96,2.234591071780415
26.43,67.96,2.3172471715847807
28.24,67.96,2.4104203877287933
30.06,67.96,2.522795672535948
31.88,67.96,2.6355591450366482
33.69,67.96,2.776189925929109
35.51,67.96,2.9261616244456996
37.33,67.96,3.0855847631101065
39.14,67.96,3.268708571698058
40.96,67.96,3.448293392381506
42.78,67.96,3.6317426195681124
44.59,67.96,3.8407813352087476
46.41,67.96,4.038429244413223
48.22,67.96,4.2426061815451215
50.04,67.96,4.473621311488284
51.86,67.96,4.6896593561306545
53.67,67.96,4.91206355565241
55.49,67.96,5.170719466693645
57.31,67.96,5.423579796501463
59.12,67.96,5.691267279740885
60.94,67.96,5.987522254841004
62.76,67.96,6.259949458916445
64.57,67.96,6.57141951637497
66.39,67.96,6.82249961039142
68.2,67.96,7.053497304566634
70.02,67.96,7.335165543641851
71.84,67.96,7.655661093884868
73.65,67.96,7.945599089904428
75.47,67.96,8.185220240668981
77.29,67.96,8.342363781147624
79.1,67.96,8.463759817030121
80.92,67.96,8.564314216637802
82.73,67.96,8.633928053278828
84.55,67.96,8.688334747380877
86.37,67.96,8.72762372375245
88.18,67.96,8.747815733905828
90.0,67.96,8.754818643169452
1.0,71.63,0.6762360042228645
2.82,71.63,0.6610965073202255
4.63,71.63,0.6598318434874162
6.45,71.63,0.6706890767740912
8.27,71.63,0.6894609475929885
10.08,71.63,0.7242858407549029
11.9,71.63,0.7654962072164514
13.71,71.63,0.8044459854384935
15.53,71.63,0.8412502161421438
17.35,71.63,0.8785040065589055
19.16,71.63,0.9296660454790716
20.98,71.63,0.9807741713933357
22.8,71.63,1.0368943021092079
24.61,71.63,1.1110497160900186
26.43,71.63,1.1911645540756601
28.24,71.63,1.2819140511878353
30.06,71.63,1.3914233014132744
31.88,71.63,1.5013351986668002
33.69,71.63,1.6379944303335798
35.51,71.63,1.7844610269140115
37.33,71.63,1.9397347536673688
39.14,71.63,2.117812369237392
40.96,71.63,2.2929676953015043
42.78,71.63,2.4711550790121266
44.59,71.63,2.674049826965923
46.41,71.63,2.8663798787060517
48.22,71.63,3.0648321394150164
50.04,71.63,3.2883205529469044
51.86,71.63,3.496475161312867
53.67,71.63,3.7093348187998196
55.49,71.63,3.952380350191798
57.31,71.63,4.185535544172784
59.12,71.63,4.427958813631706
60.94,71.63,4.693740078226145
62.76,71.63,4.9318906012275185
64.57,71.63,5.187385463869544
66.39,71.63,5.408289621313264
68.2,71.63,5.6387027002743135
70.02,71.63,5.951457522182369
71.84,71.63,6.3503145342903276
73.65,71.63,6.782954929531213
75.47,71.63,7.239373784820116
77.29,71.63,7.550667804440496
79.1,71.63,7.771043544421132
80.92,71.63,7.946186372973673
82.73,71.63,8.068674816759765
84.55,71.63,8.168076533857498
86.37,71.63,8.242152316784946
88.18,71.63,8.28051519994696
90.0,71.63,8.293856628504864
1.0,75.31,0.6340664360065912
2.82,75.31,0.6498412244624342
4.63,75.31,0.6520430822919411
6.45,75.31,0.6421096687780474
8.27,75.31,0.6243558532700062
10.08,75.31,0.5902398040961444
11.9,75.31,0.5498360919029203
13.71,75.31,0.5122142065582401
15.53,75.31,0.4767112357781393
17.35,75.31,0.4410375793225255
19.16,75.31,0.3914823199556225
20.98,75.31,0.3419706806840007
22.8,75.31,0.2874540330846045
24.61,75.31,0.21489062868651512
26.43,75.31,0.1361786335203443
28.24,75.31,0.046694966251090056
30.06,75.31,0.061332433034892095
31.88,75.31,0.16975504945880715
33.69,75.31,0.3041888144333402
35.51,75.31,0.4488354960684834
37.33,75.31,0.6018295907522891
39.14,75.31,0.7771104125794955
40.96,75.31,0.9499433849787945
42.78,75.31,1.1252263291024662
44.59,75.31,1.3247411120548045
46.41,75.31,1.5143258891718874
48.22,75.31,1.7098619478454244
50.04,75.31,1.9293685217562262
51.86,75.31,2.1333265007294897
53.67,75.31,2.341016416790042
55.49,75.31,2.5751185798285565
57.31,75.31,2.79695403894764
59.12,75.31,3.025321036771195
60.94,75.31,3.2758264245815965
62.76,75.31,3.5000052919320845
64.57,75.31,3.7388210432093056
66.39,75.31,3.941812232863741
68.2,75.31,4.129582262183387
70.02,75.31,4.383187772677797
71.84,75.31,4.779220510196737
73.65,75.31,5.272120873822902
75.47,75.31,5.85457165916452
77.29,75.31,6.333381668356576
79.1,75.31,6.753845905896992
80.92,75.31,7.09516555016533
82.73,75.31,7.313902050953436
84.55,75.31,7.48959923346158
86.37,75.31,7.620647524347106
88.18,75.31,7.68820126755398
90.0,75.31,7.711644021977268
1.0,78.98,1.6063725598288934
2.82,78.98,1.6225451110231037
4.63,78.98,1.6253667492591442
6.45,78.98,1.6161363768328056
8.27,78.98,1.5990612371650015
10.08,78.98,1.5654561317753717
11.9,78.98,1.5256049562962986
13.71,78.98,1.488970696609575
15.53,78.98,1.4544524262979188
17.35,78.98,1.4199470565718684
19.16,78.98,1.3716117346712844
20.98,78.98,1.3232933479760802
22.8,78.98,1.269999993765287
24.61,78.98,1.1986392609041063
26.43,78.98,1.1209781935200158
28.24,78.98,1.0324522480556293
30.06,78.98,0.9255179124885775
31.88,78.98,0.8182071535874853
33.69,78.98,0.6854152342888228
35.51,78.98,0.5420798240047882
37.33,78.98,0.3907414710008143
39.14,78.98,0.21746579533442617
40.96,78.98,0.04628231606667261
42.78,78.98,0.12694054717042572
44.59,78.98,0.32407307037083566
46.41,78.98,0.5117633243473776
48.22,78.98,0.7053322593392118
50.04,78.98,0.9221511246200877
51.86,78.98,1.1233232381565388
53.67,78.98,1.3275967326034008
55.49,78.98,1.5557780993473507
57.31,78.98,1.77022889168634
59.12,78.98,1.9896470158686919
60.94,78.98,2.2310450230854997
62.76,78.98,2.447599894061217
64.57,78.98,2.678382297410385
66.39,78.98,2.8746900699519777
68.2,78.98,3.0492367788750365
70.02,78.98,3.2638799494106157
71.84,78.98,3.5448686530921822
73.65,78.98,3.9205796890596014
75.47,78.98,4.504072553243076
77.29,78.98,5.071187623231855
79.1,78.98,5.62337346607964
80.92,78.98,6.150474748527502
82.73,78.98,6.5696199151820736
84.55,78.98,6.920831207871389
86.37,78.98,7.160590239866514
88.18,78.98,7.2802202172650965
90.0,78.98,7.3212915095112105
1.0,82.65,2.355739324008587
2.82,82.65,2.3722910165473414
4.63,82.65,2.3755538794844036
6.45,82.65,2.366669423436308
8.27,82.65,2.3499962496562214
10.08,82.65,2.316616121871284
11.9,82.65,2.277099265808857
13.71,82.65,2.2411287272048153
15.53,82.65,2.207267448156665
17.35,82.65,2.173599364307713
19.16,82.65,2.126113228194425
20.98,82.65,2.078652112756334
22.8,82.65,2.0262194101759743
24.61,82.65,1.9556981170891987
26.43,82.65,1.8787709169148117
28.24,82.65,1.7908753741286578
30.06,82.65,1.6846595565729774
31.88,82.65,1.5780605488950166
33.69,82.65,1.446309480501913
35.51,82.65,1.3037557019967194
37.33,82.65,1.1534012567393788
39.14,82.65,0.9813387273422322
40.96,82.65,0.81110377905095
42.78,82.65,0.6391219758398162
44.59,82.65,0.44340426550550327
46.41,82.65,0.2567895045218021
48.22,82.65,0.06433218668147317
50.04,82.65,0.15094228622380654
51.86,82.65,0.35049729107408567
53.67,82.65,0.552768910288014
55.49,82.65,0.7773580782213109
57.31,82.65,0.987306864887743
59.12,82.65,1.2013391762746108
60.94,82.65,1.4375265604014982
62.76,82.65,1.650007311965924
64.57,82.65,1.8767974569642172
66.39,82.65,2.0701588043617667
68.2,82.65,2.238575681431829
70.02,82.65,2.4370899882953694
71.84,82.65,2.6808819625749467
73.65,82.65,2.986947817787187
75.47,82.65,3.4031718536572395
77.29,82.65,3.848912341480822
79.1,82.65,4.427770517294964
80.92,82.65,5.084654591353055
82.73,82.65,5.665912014167606
84.55,82.65,6.22962340439725
86.37,82.65,6.700592123649482
88.18,82.65,6.945967400260385
90.0,82.65,7.0240277855071
1.0,86.33,3.0113200761587304
2.82,86.33,3.028283835124407
4.63,86.33,3.0318768704463186
6.45,86.33,3.0230212402355447
8.27,86.33,3.0065350881283215
10.08,86.33,2.9731088788432714
11.9,86.33,2.9337174195135036
13.71,86.33,2.898077419817753
15.53,86.33,2.8645311876523407
17.35,86.33,2.83135934400093
19.16,86.33,2.784314628177938
20.98,86.33,2.7373435540114825
22.8,86.33,2.6853609603171877
24.61,86.33,2.615257730390417
26.43,86.33,2.5386820457261097
28.24,86.33,2.4510141443374915
30.06,86.33,2.345063793329804
31.88,86.33,2.23869514118281
33.69,86.33,2.107313410454925
35.51,86.33,1.96493959519714
37.33,86.33,1.814835225586609
39.14,86.33,1.6431343547435826
40.96,86.33,1.473080190328298
42.78,86.33,1.3014763428451877
44.59,86.33,1.106166476809784
46.41,86.33,0.9197698603985901
48.22,86.33,0.7275475553538862
50.04,86.33,0.5126898373119277
51.86,86.33,0.31364234320051115
53.67,86.33,0.11207095164176198
55.49,86.33,0.11095268338678217
57.31,86.33,0.3188044267732694
59.12,86.33,0.5303043667449902
60.94,86.33,0.7642089807405239
62.76,86.33,0.9750899715692348
64.57,86.33,1.2004454892753789
66.39,86.33,1.3929223477530845
68.2,86.33,1.5587671189391454
70.02,86.33,1.749924838433751
71.84,86.33,1.9771980281411776
73.65,86.33,2.2566022337276417
75.47,86.33,2.6253945425108203
77.29,86.33,2.9994746186657206
79.1,86.33,3.4293248612609983
80.92,86.33,3.975261805281874
82.73,86.33,4.6585359019642825
84.55,86.33,5.446828836024721
86.37,86.33,6.163896840535561
88.18,86.33,6.576585778717982
90.0,86.33,6.726846088675852
1.0,90.0,3.5029720088522103
2.82,90.0,3.52003028685544
4.63,90.0,3.523652327329759
6.45,90.0,3.5148847242901073
8.27,90.0,3.498400519047699
10.08,90.0,3.4649488604614085
11.9,90.0,3.4255426244637848
13.71,90.0,3.3900673545283286
15.53,90.0,3.356723628800282
17.35,90.0,3.3237912508989775
19.16,90.0,3.2770071323061987
20.98,90.0,3.230276198920402
22.8,90.0,3.1785460966009196
24.61,90.0,3.1086418700483414
26.43,90.0,3.032190678563937
28.24,90.0,2.944603238879394
30.06,90.0,2.8386976030065965
31.88,90.0,2.732381764156548
33.69,90.0,2.6010955516514613
35.51,90.0,2.4586651676756093
37.33,90.0,2.3085716814699073
39.14,90.0,2.1368927790646848
40.96,90.0,1.966779366742045
42.78,90.0,1.79521098305125
44.59,90.0,1.5999353612446814
46.41,90.0,1.413483329767634
48.22,90.0,1.2211806990101617
50.04,90.0,1.0063460128483726
51.86,90.0,0.8073715039667296
53.67,90.0,0.6059967434173192
55.49,90.0,0.3836443814141114
57.31,90.0,0.17676555822158388
59.12,90.0,0.033500747444453804
60.94,90.0,0.26639924547039195
62.76,90.0,0.4766524850367144
64.57,90.0,0.7015281474447532
66.39,90.0,0.8938220622442355
68.2,90.0,1.0585101874472194
70.02,90.0,1.2460024428582153
71.84,90.0,1.4649409742743469
73.65,90.0,1.7313960274469276
75.47,90.0,2.0789233697401195
77.29,90.0,2.4262475113001005
79.1,90.0,2.8166274544760084
80.92,90.0,3.2872731326712317
82.73,90.0,3.7999027031272536
84.55,90.0,4.486735784365318
86.37,90.0,5.487007209937524
88.18,90.0,6.214948719616075
90.0,90.0,6.495348269247234
