,segment,greenland_contribution,west_antarctic_contribution,east_antarctic_contribution,error
0,10.0,1.0,0.0,0.0,2.0410123149744837
1,10.0,0.9,0.0,0.1,0.4054700428308763
2,10.0,0.8,0.0,0.2,0.3076222308303491
3,10.0,0.7,0.0,0.30000000000000004,0.7069890682595243
4,10.0,0.6,0.0,0.4,0.9623351209469734
5,10.0,0.5,0.0,0.5,1.1396648067760373
6,10.0,0.3999999999999999,0.0,0.6000000000000001,1.269994598847735
7,10.0,0.29999999999999993,0.0,0.7000000000000001,1.369823481774693
8,10.0,0.19999999999999996,0.0,0.8,1.4487369468590954
9,10.0,0.09999999999999998,0.0,0.9,1.512684784046475
10,10.0,0.0,0.0,1.0,1.565555529177514
11,10.0,0.9,0.1,0.0,1.5887056971664895
12,10.0,0.81,0.1,0.09,0.21241206801206763
13,10.0,0.72,0.1,0.18,0.4193589952468139
14,10.0,0.63,0.1,0.27,0.7821026981434099
15,10.0,0.54,0.1,0.36,1.0174985545377018
16,10.0,0.45000000000000007,0.1,0.44999999999999996,1.1825944196811453
17,10.0,0.36,0.1,0.54,1.3047909471024572
18,10.0,0.27,0.1,0.63,1.3988862920092355
19,10.0,0.18000000000000005,0.1,0.72,1.473574324037507
20,10.0,0.09000000000000008,0.1,0.8099999999999999,1.5342979249339173
21,10.0,0.0,0.1,0.9,1.584638668329882
22,10.0,0.8,0.2,0.0,1.125151792512845
23,10.0,0.7200000000000001,0.2,0.08,0.0005090874289643688
24,10.0,0.64,0.2,0.16,0.5468225441778888
25,10.0,0.56,0.2,0.24,0.8694681590596808
26,10.0,0.48000000000000004,0.2,0.32,1.0824741154130613
27,10.0,0.4,0.2,0.4,1.2336097716335896
28,10.0,0.32000000000000006,0.2,0.48,1.3464131904203327
29,10.0,0.24,0.2,0.56,1.4338263428174916
30,10.0,0.16000000000000003,0.2,0.64,1.503554484588897
31,10.0,0.08000000000000007,0.2,0.72,1.560471504837899
32,10.0,0.0,0.2,0.8,1.607811020790479
33,10.0,0.7,0.30000000000000004,0.0,0.6499257981825186
34,10.0,0.63,0.30000000000000004,0.06999999999999999,0.23652517471300485
35,10.0,0.5599999999999999,0.30000000000000004,0.13999999999999999,0.6935083938180348
36,10.0,0.49,0.30000000000000004,0.20999999999999996,0.972349235691226
37,10.0,0.42,0.30000000000000004,0.27999999999999997,1.1601353475511085
38,10.0,0.35,0.30000000000000004,0.35,1.2952327699821349
39,10.0,0.28,0.30000000000000004,0.41999999999999993,1.3970882788293681
40,10.0,0.21000000000000002,0.30000000000000004,0.48999999999999994,1.4766269659410345
41,10.0,0.14,0.30000000000000004,0.5599999999999999,1.5404591745424672
42,10.0,0.07000000000000006,0.30000000000000004,0.6299999999999999,1.5928191653506234
43,10.0,0.0,0.30000000000000004,0.7,1.6365446909336179
44,10.0,0.6,0.4,0.0,0.16258124587253367
45,10.0,0.54,0.4,0.06,0.49960922436435157
46,10.0,0.48,0.4,0.12,0.8643866232029938
47,10.0,0.42,0.4,0.18,1.095281942889185
48,10.0,0.36,0.4,0.24,1.2545992245714865
49,10.0,0.3,0.4,0.3,1.3711557708501179
50,10.0,0.24,0.4,0.36,1.460130089844868
51,10.0,0.18,0.4,0.42,1.5302769907606173
52,10.0,0.12,0.4,0.48,1.5870006626832294
53,10.0,0.05999999999999994,0.4,0.54,1.6338176270216098
54,10.0,0.0,0.4,0.6,1.67311474145953
55,10.0,0.5,0.5,0.0,0.33735139723788093
56,10.0,0.45,0.5,0.05,0.7947010128859886
57,10.0,0.4,0.5,0.1,1.0655437519926618
58,10.0,0.35,0.5,0.15000000000000002,1.2446433869788849
59,10.0,0.3,0.5,0.2,1.371980298376057
60,10.0,0.25,0.5,0.25,1.4670097313075328
61,10.0,0.19999999999999996,0.5,0.30000000000000004,1.5406947222959146
62,10.0,0.14999999999999997,0.5,0.35000000000000003,1.5995004284845324
63,10.0,0.09999999999999998,0.5,0.4,1.6475204236790337
64,10.0,0.04999999999999999,0.5,0.45,1.6874727959157791
65,10.0,0.0,0.5,0.5,1.7212331008269766
66,10.0,0.3999999999999999,0.6000000000000001,0.0,0.8503662373633359
67,10.0,0.35999999999999993,0.6000000000000001,0.039999999999999994,1.128020152956037
68,10.0,0.31999999999999995,0.6000000000000001,0.07999999999999999,1.3062203159341739
69,10.0,0.2799999999999999,0.6000000000000001,0.11999999999999998,1.4302857362420829
70,10.0,0.23999999999999994,0.6000000000000001,0.15999999999999998,1.5216316637908458
71,10.0,0.19999999999999996,0.6000000000000001,0.19999999999999996,1.5916937112096288
72,10.0,0.15999999999999995,0.6000000000000001,0.23999999999999996,1.647134487943828
73,10.0,0.11999999999999994,0.6000000000000001,0.27999999999999997,1.6922294741039616
74,10.0,0.07999999999999996,0.6000000000000001,0.31999999999999995,1.729428590058451
75,10.0,0.03999999999999998,0.6000000000000001,0.35999999999999993,1.760715378917254
76,10.0,0.0,0.6000000000000001,0.3999999999999999,1.7873956071493748
77,10.0,0.29999999999999993,0.7000000000000001,0.0,1.3769835830111532
78,10.0,0.26999999999999996,0.7000000000000001,0.029999999999999992,1.5075092875174902
79,10.0,0.23999999999999994,0.7000000000000001,0.059999999999999984,1.5991625350594105
80,10.0,0.20999999999999996,0.7000000000000001,0.08999999999999997,1.6670578405041199
81,10.0,0.17999999999999997,0.7000000000000001,0.11999999999999997,1.7193729453370488
82,10.0,0.14999999999999997,0.7000000000000001,0.14999999999999997,1.760918737113621
83,10.0,0.12,0.7000000000000001,0.17999999999999994,1.794710256996145
84,10.0,0.09,0.7000000000000001,0.20999999999999994,1.822733134344705
85,10.0,0.06,0.7000000000000001,0.23999999999999994,1.8463483701197307
86,10.0,0.030000000000000027,0.7000000000000001,0.2699999999999999,1.8665200443616876
87,10.0,0.0,0.7000000000000001,0.29999999999999993,1.8839501802948528
88,10.0,0.19999999999999996,0.8,0.0,1.917751705191153
89,10.0,0.17999999999999997,0.8,0.019999999999999997,1.9434751563697608
90,10.0,0.15999999999999998,0.8,0.039999999999999994,1.9634693033157835
91,10.0,0.13999999999999996,0.8,0.05999999999999999,1.9794564495334648
92,10.0,0.11999999999999997,0.8,0.07999999999999999,1.9925314431179442
93,10.0,0.09999999999999998,0.8,0.09999999999999998,2.0034235615530447
94,10.0,0.07999999999999997,0.8,0.11999999999999998,2.012637336699737
95,10.0,0.05999999999999997,0.8,0.13999999999999999,2.0205329381780577
96,10.0,0.03999999999999998,0.8,0.15999999999999998,2.027374359623842
97,10.0,0.01999999999999999,0.8,0.17999999999999997,2.0333595120388424
98,10.0,0.0,0.8,0.19999999999999996,2.0386396832026703
99,10.0,0.09999999999999998,0.9,0.0,2.4732487414540434
100,10.0,0.08999999999999998,0.9,0.009999999999999998,2.449538889252808
101,10.0,0.07999999999999999,0.9,0.019999999999999997,2.4288356761156367
102,10.0,0.06999999999999998,0.9,0.029999999999999995,2.4106012951439273
103,10.0,0.059999999999999984,0.9,0.039999999999999994,2.3944189876122897
104,10.0,0.04999999999999999,0.9,0.04999999999999999,2.3799608007107285
105,10.0,0.03999999999999999,0.9,0.05999999999999999,2.3669651296697496
106,10.0,0.029999999999999985,0.9,0.06999999999999999,2.355220746956073
107,10.0,0.01999999999999999,0.9,0.07999999999999999,2.3445552328230814
108,10.0,0.009999999999999995,0.9,0.08999999999999998,2.334826454241399
109,10.0,0.0,0.9,0.09999999999999998,2.3259161945594866
110,10.0,0.0,1.0,0.0,3.044084757658575
111,10.0,0.0,1.0,0.0,3.044084757658575
112,10.0,0.0,1.0,0.0,3.044084757658575
113,10.0,0.0,1.0,0.0,3.044084757658575
114,10.0,0.0,1.0,0.0,3.044084757658575
115,10.0,0.0,1.0,0.0,3.044084757658575
116,10.0,0.0,1.0,0.0,3.044084757658575
117,10.0,0.0,1.0,0.0,3.044084757658575
118,10.0,0.0,1.0,0.0,3.044084757658575
119,10.0,0.0,1.0,0.0,3.044084757658575
120,10.0,0.0,1.0,0.0,3.044084757658575
121,20.0,1.0,0.0,0.0,2.2032028614837884
122,20.0,0.9,0.0,0.1,0.6060155833781348
123,20.0,0.8,0.0,0.2,0.09028027798944843
124,20.0,0.7,0.0,0.30000000000000004,0.48026720515101434
125,20.0,0.6,0.0,0.4,0.72961595701896
126,20.0,0.5,0.0,0.5,0.9027807087950029
127,20.0,0.3999999999999999,0.0,0.6000000000000001,1.0300494511243352
128,20.0,0.29999999999999993,0.0,0.7000000000000001,1.1275336577381405
129,20.0,0.19999999999999996,0.0,0.8,1.204593685951957
130,20.0,0.09999999999999998,0.0,0.9,1.267039583272501
131,20.0,0.0,0.0,1.0,1.3186685556807474
132,20.0,0.9,0.1,0.0,1.731588575880322
133,20.0,0.81,0.1,0.09,0.3986625822254068
134,20.0,0.72,0.1,0.18,0.21314359740901948
135,20.0,0.63,0.1,0.27,0.5644398964522926
136,20.0,0.54,0.1,0.36,0.7924071705941403
137,20.0,0.45000000000000007,0.1,0.44999999999999996,0.9522929686083186
138,20.0,0.36,0.1,0.54,1.070633238876946
139,20.0,0.27,0.1,0.63,1.1617591389518473
140,20.0,0.18000000000000005,0.1,0.72,1.2340901788150902
141,20.0,0.09000000000000008,0.1,0.8099999999999999,1.292897474680374
142,20.0,0.0,0.1,0.9,1.3416495734897
143,20.0,0.8,0.2,0.0,1.248246889125038
144,20.0,0.7200000000000001,0.2,0.08,0.16997562624203508
145,20.0,0.64,0.2,0.16,0.35329974752182247
146,20.0,0.56,0.2,0.24,0.6623420479455215
147,20.0,0.48000000000000004,0.2,0.32,0.8663672933514243
148,20.0,0.4,0.2,0.4,1.0111308008038848
149,20.0,0.32000000000000006,0.2,0.48,1.1191782263059449
150,20.0,0.24,0.2,0.56,1.2029058843248734
151,20.0,0.16000000000000003,0.2,0.64,1.269694163301517
152,20.0,0.08000000000000007,0.2,0.72,1.3242114604835684
153,20.0,0.0,0.2,0.8,1.3695550580288154
154,20.0,0.7,0.30000000000000004,0.0,0.752734864776507
155,20.0,0.63,0.30000000000000004,0.06999999999999999,0.08351633162512548
156,20.0,0.5599999999999999,0.30000000000000004,0.13999999999999999,0.5146205611841412
157,20.0,0.49,0.30000000000000004,0.20999999999999996,0.7776310722868606
158,20.0,0.42,0.30000000000000004,0.27999999999999997,0.9547672114904571
159,20.0,0.35,0.30000000000000004,0.35,1.0822028114332671
160,20.0,0.28,0.30000000000000004,0.41999999999999993,1.1782817568627963
161,20.0,0.21000000000000002,0.30000000000000004,0.48999999999999994,1.2533095414669786
162,20.0,0.14,0.30000000000000004,0.5599999999999999,1.3135216140025887
163,20.0,0.07000000000000006,0.30000000000000004,0.6299999999999999,1.3629120962307162
164,20.0,0.0,0.30000000000000004,0.7,1.4041578023678976
165,20.0,0.6,0.4,0.0,0.24458697608484833
166,20.0,0.54,0.4,0.06,0.36608050594537633
167,20.0,0.48,0.4,0.12,0.7024863118652812
168,20.0,0.42,0.4,0.18,0.9153900493166972
169,20.0,0.36,0.4,0.24,1.0622931773526103
170,20.0,0.3,0.4,0.3,1.1697675270314656
171,20.0,0.24,0.4,0.36,1.2518088827285465
172,20.0,0.18,0.4,0.42,1.3164898706147365
173,20.0,0.12,0.4,0.48,1.3687935802382376
174,20.0,0.05999999999999994,0.4,0.54,1.4119625223255565
175,20.0,0.0,0.4,0.6,1.4481975683466553
176,20.0,0.5,0.5,0.0,0.2766863527755196
177,20.0,0.45,0.5,0.05,0.6830224402163073
178,20.0,0.4,0.5,0.1,0.9236549348219881
179,20.0,0.35,0.5,0.15000000000000002,1.08277750200555
180,20.0,0.3,0.5,0.2,1.1959052387341345
181,20.0,0.25,0.5,0.25,1.2803193320241038
182,20.0,0.19999999999999996,0.5,0.30000000000000004,1.3457732815162307
183,20.0,0.14999999999999997,0.5,0.35000000000000003,1.3980100487478053
184,20.0,0.09999999999999998,0.5,0.4,1.4406659315525647
185,20.0,0.04999999999999999,0.5,0.45,1.4761553917451806
186,20.0,0.0,0.5,0.5,1.5061444744994794
187,20.0,0.3999999999999999,0.6000000000000001,0.0,0.8116003199915426
188,20.0,0.35999999999999993,0.6000000000000001,0.039999999999999994,1.041022279902031
189,20.0,0.31999999999999995,0.6000000000000001,0.07999999999999999,1.1882668471523774
190,20.0,0.2799999999999999,0.6000000000000001,0.11999999999999998,1.2907805531932401
191,20.0,0.23999999999999994,0.6000000000000001,0.15999999999999998,1.3662585513455074
192,20.0,0.19999999999999996,0.6000000000000001,0.19999999999999996,1.4241499453848967
193,20.0,0.15999999999999995,0.6000000000000001,0.23999999999999996,1.46995996621666
194,20.0,0.11999999999999994,0.6000000000000001,0.27999999999999997,1.507211333248457
195,20.0,0.07999999999999996,0.6000000000000001,0.31999999999999995,1.537938829076862
196,20.0,0.03999999999999998,0.6000000000000001,0.35999999999999993,1.5637825796465579
197,20.0,0.0,0.6000000000000001,0.3999999999999999,1.5858211840776097
198,20.0,0.29999999999999993,0.7000000000000001,0.0,1.3606974445432336
199,20.0,0.26999999999999996,0.7000000000000001,0.029999999999999992,1.4486107829412365
200,20.0,0.23999999999999994,0.7000000000000001,0.059999999999999984,1.5103422479956095
201,20.0,0.20999999999999996,0.7000000000000001,0.08999999999999997,1.556071960666225
202,20.0,0.17999999999999997,0.7000000000000001,0.11999999999999997,1.591307897770714
203,20.0,0.14999999999999997,0.7000000000000001,0.14999999999999997,1.619290349696782
204,20.0,0.12,0.7000000000000001,0.17999999999999994,1.6420500454490745
205,20.0,0.09,0.7000000000000001,0.20999999999999994,1.6609243714567237
206,20.0,0.06,0.7000000000000001,0.23999999999999994,1.676830006457032
207,20.0,0.030000000000000027,0.7000000000000001,0.2699999999999999,1.6904162899434794
208,20.0,0.0,0.7000000000000001,0.29999999999999993,1.702156057557897
209,20.0,0.19999999999999996,0.8,0.0,1.9245494015519595
210,20.0,0.17999999999999997,0.8,0.019999999999999997,1.9168578542758101
211,20.0,0.15999999999999998,0.8,0.039999999999999994,1.9108794213893276
212,20.0,0.13999999999999996,0.8,0.05999999999999999,1.9060991183852496
213,20.0,0.11999999999999997,0.8,0.07999999999999999,1.902189575665148
214,20.0,0.09999999999999998,0.8,0.09999999999999998,1.898932732588419
215,20.0,0.07999999999999997,0.8,0.11999999999999998,1.8961777295120614
216,20.0,0.05999999999999997,0.8,0.13999999999999999,1.893816872423995
217,20.0,0.03999999999999998,0.8,0.15999999999999998,1.8917712248116219
218,20.0,0.01999999999999999,0.8,0.17999999999999997,1.8899816094744093
219,20.0,0.0,0.8,0.19999999999999996,1.8884027899819642
220,20.0,0.09999999999999998,0.9,0.0,2.5037590075965848
221,20.0,0.08999999999999998,0.9,0.009999999999999998,2.4603932036254905
222,20.0,0.07999999999999999,0.9,0.019999999999999997,2.422526603915823
223,20.0,0.06999999999999998,0.9,0.029999999999999995,2.3891755486649657
224,20.0,0.059999999999999984,0.9,0.039999999999999994,2.3595777776514195
225,20.0,0.04999999999999999,0.9,0.04999999999999999,2.333133458487006
226,20.0,0.03999999999999999,0.9,0.05999999999999999,2.3093641107047755
227,20.0,0.029999999999999985,0.9,0.06999999999999999,2.2878833948318875
228,20.0,0.01999999999999999,0.9,0.07999999999999999,2.268375951629823
229,20.0,0.009999999999999995,0.9,0.08999999999999998,2.2505818168850196
230,20.0,0.0,0.9,0.09999999999999998,2.2342847699266253
231,20.0,0.0,1.0,0.0,3.0989623704916185
232,20.0,0.0,1.0,0.0,3.0989623704916185
233,20.0,0.0,1.0,0.0,3.0989623704916185
234,20.0,0.0,1.0,0.0,3.0989623704916185
235,20.0,0.0,1.0,0.0,3.0989623704916185
236,20.0,0.0,1.0,0.0,3.0989623704916185
237,20.0,0.0,1.0,0.0,3.0989623704916185
238,20.0,0.0,1.0,0.0,3.0989623704916185
239,20.0,0.0,1.0,0.0,3.0989623704916185
240,20.0,0.0,1.0,0.0,3.0989623704916185
241,20.0,0.0,1.0,0.0,3.0989623704916185
242,30.0,1.0,0.0,0.0,2.4347315120331277
243,30.0,0.9,0.0,0.1,0.8120750948897006
244,30.0,0.8,0.0,0.2,0.1047258227266105
245,30.0,0.7,0.0,0.30000000000000004,0.2914464543975123
246,30.0,0.6,0.0,0.4,0.5447499780427081
247,30.0,0.5,0.0,0.5,0.7206611926263652
248,30.0,0.3999999999999999,0.0,0.6000000000000001,0.8499484685417434
249,30.0,0.29999999999999993,0.0,0.7000000000000001,0.9489788139918225
250,30.0,0.19999999999999996,0.0,0.8,1.0272610453346704
251,30.0,0.09999999999999998,0.0,0.9,1.0906973597736183
252,30.0,0.0,0.0,1.0,1.1431451885083412
253,30.0,0.9,0.1,0.0,1.9230067556051988
254,30.0,0.81,0.1,0.09,0.5809098597024945
255,30.0,0.72,0.1,0.18,0.035076468092214076
256,30.0,0.63,0.1,0.27,0.3887529326168467
257,30.0,0.54,0.1,0.36,0.6182647713848222
258,30.0,0.45000000000000007,0.1,0.44999999999999996,0.7792338562381186
259,30.0,0.36,0.1,0.54,0.8983759266598778
260,30.0,0.27,0.1,0.63,0.9901192392221563
261,30.0,0.18000000000000005,0.1,0.72,1.062940349276232
262,30.0,0.09000000000000008,0.1,0.8099999999999999,1.1221460868445736
263,30.0,0.0,0.1,0.9,1.1712284995884592
264,30.0,0.8,0.2,0.0,1.3985571906182923
265,30.0,0.7200000000000001,0.2,0.08,0.32596069730666255
266,30.0,0.64,0.2,0.16,0.1945557248035407
267,30.0,0.56,0.2,0.24,0.5019311312062532
268,30.0,0.48000000000000004,0.2,0.32,0.7048559173506758
269,30.0,0.4,0.2,0.4,0.8488386079871287
270,30.0,0.32000000000000006,0.2,0.48,0.9563032536972046
271,30.0,0.24,0.2,0.56,1.0395793064428096
272,30.0,0.16000000000000003,0.2,0.64,1.1060073467635962
273,30.0,0.08000000000000007,0.2,0.72,1.1602305917832867
274,30.0,0.0,0.2,0.8,1.2053296177229318
275,30.0,0.7,0.30000000000000004,0.0,0.8609022091912552
276,30.0,0.63,0.30000000000000004,0.06999999999999999,0.04335794869592776
277,30.0,0.5599999999999999,0.30000000000000004,0.13999999999999999,0.37810248097859894
278,30.0,0.49,0.30000000000000004,0.20999999999999996,0.6352091429052898
279,30.0,0.42,0.30000000000000004,0.27999999999999997,0.8083529091020002
280,30.0,0.35,0.30000000000000004,0.35,0.9329163088737419
281,30.0,0.28,0.30000000000000004,0.41999999999999993,1.026829784343377
282,30.0,0.21000000000000002,0.30000000000000004,0.48999999999999994,1.1001665594033176
283,30.0,0.14,0.30000000000000004,0.5599999999999999,1.1590215454959452
284,30.0,0.07000000000000006,0.30000000000000004,0.6299999999999999,1.2072988430913927
285,30.0,0.0,0.30000000000000004,0.7,1.2476149351782093
286,30.0,0.6,0.4,0.0,0.3095366918439857
287,30.0,0.54,0.4,0.06,0.27165564382081103
288,30.0,0.48,0.4,0.12,0.5918840881343002
289,30.0,0.42,0.4,0.18,0.7944631799408185
290,30.0,0.36,0.4,0.24,0.9342423243433753
291,30.0,0.3,0.4,0.3,1.0365047665674814
292,30.0,0.24,0.4,0.36,1.114567573386381
293,30.0,0.18,0.4,0.42,1.1761118935565444
294,30.0,0.12,0.4,0.48,1.2258791645329867
295,30.0,0.05999999999999994,0.4,0.54,1.266954653328931
296,30.0,0.0,0.4,0.6,1.3014325014042047
297,30.0,0.5,0.5,0.0,0.25607057533654065
298,30.0,0.45,0.5,0.05,0.6249949076324909
299,30.0,0.4,0.5,0.1,0.8434721365692992
300,30.0,0.35,0.5,0.15000000000000002,0.987944135650674
301,30.0,0.3,0.5,0.2,1.090672858509019
302,30.0,0.25,0.5,0.25,1.1672867932800852
303,30.0,0.19999999999999996,0.5,0.30000000000000004,1.226692568091636
304,30.0,0.14999999999999997,0.5,0.35000000000000003,1.2741024746766292
305,30.0,0.09999999999999998,0.5,0.4,1.3128168041853563
306,30.0,0.04999999999999999,0.5,0.45,1.3450269136859283
307,30.0,0.0,0.5,0.5,1.3722448999300596
308,30.0,0.3999999999999999,0.6000000000000001,0.0,0.8364786077888908
309,30.0,0.35999999999999993,0.6000000000000001,0.039999999999999994,1.0241071301607214
310,30.0,0.31999999999999995,0.6000000000000001,0.07999999999999999,1.1445283862220315
311,30.0,0.2799999999999999,0.6000000000000001,0.11999999999999998,1.2283673316952697
312,30.0,0.23999999999999994,0.6000000000000001,0.15999999999999998,1.2900956216568467
313,30.0,0.19999999999999996,0.6000000000000001,0.19999999999999996,1.3374410315115997
314,30.0,0.15999999999999995,0.6000000000000001,0.23999999999999996,1.3749059129111256
315,30.0,0.11999999999999994,0.6000000000000001,0.27999999999999997,1.4053668753726987
316,30.0,0.07999999999999996,0.6000000000000001,0.31999999999999995,1.4304792426371271
317,30.0,0.03999999999999998,0.6000000000000001,0.35999999999999993,1.4516003180225678
318,30.0,0.0,0.6000000000000001,0.3999999999999999,1.4696115979379887
319,30.0,0.29999999999999993,0.7000000000000001,0.0,1.4322760653594189
320,30.0,0.26999999999999996,0.7000000000000001,0.029999999999999992,1.4785027339903813
321,30.0,0.23999999999999994,0.7000000000000001,0.059999999999999984,1.5109624270378008
322,30.0,0.20999999999999996,0.7000000000000001,0.08999999999999997,1.5350080646251394
323,30.0,0.17999999999999997,0.7000000000000001,0.11999999999999997,1.553535855949133
324,30.0,0.14999999999999997,0.7000000000000001,0.14999999999999997,1.5682496133406487
325,30.0,0.12,0.7000000000000001,0.17999999999999994,1.5802171365044326
326,30.0,0.09,0.7000000000000001,0.20999999999999994,1.5901416511444866
327,30.0,0.06,0.7000000000000001,0.23999999999999994,1.59850516607775
328,30.0,0.030000000000000027,0.7000000000000001,0.2699999999999999,1.6056491175657017
329,30.0,0.0,0.7000000000000001,0.29999999999999993,1.61182213245974
330,30.0,0.19999999999999996,0.8,0.0,2.0440832437456677
331,30.0,0.17999999999999997,0.8,0.019999999999999997,2.000522882090773
332,30.0,0.15999999999999998,0.8,0.039999999999999994,1.96666458423239
333,30.0,0.13999999999999996,0.8,0.05999999999999999,1.9395917833770195
334,30.0,0.11999999999999997,0.8,0.07999999999999999,1.9174504522927003
335,30.0,0.09999999999999998,0.8,0.09999999999999998,1.8990056248499632
336,30.0,0.07999999999999997,0.8,0.11999999999999998,1.8834029215109689
337,30.0,0.05999999999999997,0.8,0.13999999999999999,1.8700324272685185
338,30.0,0.03999999999999998,0.8,0.15999999999999998,1.8584470925348096
339,30.0,0.01999999999999999,0.8,0.17999999999999997,1.8483117727462877
340,30.0,0.0,0.8,0.19999999999999996,1.839370275592661
341,30.0,0.09999999999999998,0.9,0.0,2.6725542286622095
342,30.0,0.08999999999999998,0.9,0.009999999999999998,2.6064773470202054
343,30.0,0.07999999999999999,0.9,0.019999999999999997,2.548779654412745
344,30.0,0.06999999999999998,0.9,0.029999999999999995,2.4979623391863583
345,30.0,0.059999999999999984,0.9,0.039999999999999994,2.452863938302825
346,30.0,0.04999999999999999,0.9,0.04999999999999999,2.4125704815344684
347,30.0,0.03999999999999999,0.9,0.05999999999999999,2.376352903713065
348,30.0,0.029999999999999985,0.9,0.06999999999999999,2.3436225357655016
349,30.0,0.01999999999999999,0.9,0.07999999999999999,2.3138988618667016
350,30.0,0.009999999999999995,0.9,0.08999999999999998,2.2867857721095284
351,30.0,0.0,0.9,0.09999999999999998,2.261953809033299
352,30.0,0.0,1.0,0.0,3.3183792284558633
353,30.0,0.0,1.0,0.0,3.3183792284558633
354,30.0,0.0,1.0,0.0,3.3183792284558633
355,30.0,0.0,1.0,0.0,3.3183792284558633
356,30.0,0.0,1.0,0.0,3.3183792284558633
357,30.0,0.0,1.0,0.0,3.3183792284558633
358,30.0,0.0,1.0,0.0,3.3183792284558633
359,30.0,0.0,1.0,0.0,3.3183792284558633
360,30.0,0.0,1.0,0.0,3.3183792284558633
361,30.0,0.0,1.0,0.0,3.3183792284558633
362,30.0,0.0,1.0,0.0,3.3183792284558633
363,40.0,1.0,0.0,0.0,3.2084236255316516
364,40.0,0.9,0.0,0.1,1.2904781021848832
365,40.0,0.8,0.0,0.2,0.454486499132765
366,40.0,0.7,0.0,0.30000000000000004,0.013779114003614621
367,40.0,0.6,0.0,0.4,0.31317747340002267
368,40.0,0.5,0.0,0.5,0.521100080586331
369,40.0,0.3999999999999999,0.0,0.6000000000000001,0.6739143712952088
370,40.0,0.29999999999999993,0.0,0.7000000000000001,0.7909657353329472
371,40.0,0.19999999999999996,0.0,0.8,0.8834933531751612
372,40.0,0.09999999999999998,0.0,0.9,0.9584734726613676
373,40.0,0.0,0.0,1.0,1.0204654799224846
374,40.0,0.9,0.1,0.0,2.6268791425463633
375,40.0,0.81,0.1,0.09,1.031908229928705
376,40.0,0.72,0.1,0.18,0.29993570731522123
377,40.0,0.63,0.1,0.27,0.12037732296286772
378,40.0,0.54,0.1,0.36,0.39313173586080263
379,40.0,0.45000000000000007,0.1,0.44999999999999996,0.584429180339441
380,40.0,0.36,0.1,0.54,0.7260189372939171
381,40.0,0.27,0.1,0.63,0.8350477067446272
382,40.0,0.18000000000000005,0.1,0.72,0.9215891210176861
383,40.0,0.09000000000000008,0.1,0.8099999999999999,0.9919498757278175
384,40.0,0.0,0.1,0.9,1.0502799590187704
385,40.0,0.8,0.2,0.0,2.0308736781027767
386,40.0,0.7200000000000001,0.2,0.08,0.746734846054106
387,40.0,0.64,0.2,0.16,0.12363211987867276
388,40.0,0.56,0.2,0.24,0.2443628322901136
389,40.0,0.48000000000000004,0.2,0.32,0.48730776352261435
390,40.0,0.4,0.2,0.4,0.6596862370445189
391,40.0,0.32000000000000006,0.2,0.48,0.7883446994139065
392,40.0,0.24,0.2,0.56,0.8880441757173513
393,40.0,0.16000000000000003,0.2,0.64,0.9675729311457911
394,40.0,0.08000000000000007,0.2,0.72,1.032489902516308
395,40.0,0.0,0.2,0.8,1.08648320695052
396,40.0,0.7,0.30000000000000004,0.0,1.4198610501794517
397,40.0,0.63,0.30000000000000004,0.06999999999999999,0.4306295435057847
398,40.0,0.5599999999999999,0.30000000000000004,0.13999999999999999,0.07933909794453713
399,40.0,0.49,0.30000000000000004,0.20999999999999996,0.39036747248226705
400,40.0,0.42,0.30000000000000004,0.27999999999999997,0.5998704909165629
401,40.0,0.35,0.30000000000000004,0.35,0.7505915293452512
402,40.0,0.28,0.30000000000000004,0.41999999999999993,0.8642263255307476
403,40.0,0.21000000000000002,0.30000000000000004,0.48999999999999994,0.952963425772943
404,40.0,0.14,0.30000000000000004,0.5599999999999999,1.0241776398746851
405,40.0,0.07000000000000006,0.30000000000000004,0.6299999999999999,1.0825929082396886
406,40.0,0.0,0.30000000000000004,0.7,1.1313751610993263
407,40.0,0.6,0.4,0.0,0.7932672207938519
408,40.0,0.54,0.4,0.06,0.07827109172547772
409,40.0,0.48,0.4,0.12,0.3156125649164797
410,40.0,0.42,0.4,0.18,0.5648285713542913
411,40.0,0.36,0.4,0.24,0.7367870881026887
412,40.0,0.3,0.4,0.3,0.8625919637806487
413,40.0,0.24,0.4,0.36,0.9586260647989565
414,40.0,0.18,0.4,0.42,1.0343388619833478
415,40.0,0.12,0.4,0.48,1.0955633467681907
416,40.0,0.05999999999999994,0.4,0.54,1.1460950634865248
417,40.0,0.0,0.4,0.6,1.1885102581212712
418,40.0,0.5,0.5,0.0,0.15048849720580357
419,40.0,0.45,0.5,0.05,0.3169565394227842
420,40.0,0.4,0.5,0.1,0.5937777933837962
421,40.0,0.35,0.5,0.15000000000000002,0.7768308288994076
422,40.0,0.3,0.5,0.2,0.9069200289294559
423,40.0,0.25,0.5,0.25,1.003994240967375
424,40.0,0.19999999999999996,0.5,0.30000000000000004,1.0792647357874778
425,40.0,0.14999999999999997,0.5,0.35000000000000003,1.1393357834144984
426,40.0,0.09999999999999998,0.5,0.4,1.1883890404083868
427,40.0,0.04999999999999999,0.5,0.45,1.2292010807867408
428,40.0,0.0,0.5,0.5,1.2636878171200672
429,40.0,0.3999999999999999,0.6000000000000001,0.0,0.5091104080907465
430,40.0,0.35999999999999993,0.6000000000000001,0.039999999999999994,0.7633835132340374
431,40.0,0.31999999999999995,0.6000000000000001,0.07999999999999999,0.9265777137580123
432,40.0,0.2799999999999999,0.6000000000000001,0.11999999999999998,1.0401957752762845
433,40.0,0.23999999999999994,0.6000000000000001,0.15999999999999998,1.1238496023452222
434,40.0,0.19999999999999996,0.6000000000000001,0.19999999999999996,1.1880118321910782
435,40.0,0.15999999999999995,0.6000000000000001,0.23999999999999996,1.2387840261350043
436,40.0,0.11999999999999994,0.6000000000000001,0.27999999999999997,1.279985607194051
437,40.0,0.07999999999999996,0.6000000000000001,0.31999999999999995,1.3140204413567542
438,40.0,0.03999999999999998,0.6000000000000001,0.35999999999999993,1.3426458708318405
439,40.0,0.0,0.6000000000000001,0.3999999999999999,1.367056589205144
440,40.0,0.29999999999999993,0.7000000000000001,0.0,1.186198471692339
441,40.0,0.26999999999999996,0.7000000000000001,0.029999999999999992,1.2716477128263963
442,40.0,0.23999999999999994,0.7000000000000001,0.059999999999999984,1.3316489246914047
443,40.0,0.20999999999999996,0.7000000000000001,0.08999999999999997,1.3760968926127697
444,40.0,0.17999999999999997,0.7000000000000001,0.11999999999999997,1.4103452119360245
445,40.0,0.14999999999999997,0.7000000000000001,0.14999999999999997,1.4375433518966592
446,40.0,0.12,0.7000000000000001,0.17999999999999994,1.4596651227895623
447,40.0,0.09,0.7000000000000001,0.20999999999999994,1.4780104258307387
448,40.0,0.06,0.7000000000000001,0.23999999999999994,1.4934702464369782
449,40.0,0.030000000000000027,0.7000000000000001,0.2699999999999999,1.506675723954939
450,40.0,0.0,0.7000000000000001,0.29999999999999993,1.5180864410545623
451,40.0,0.19999999999999996,0.8,0.0,1.881480622442408
452,40.0,0.17999999999999997,0.8,0.019999999999999997,1.8555533459555633
453,40.0,0.15999999999999998,0.8,0.039999999999999994,1.835400771077862
454,40.0,0.13999999999999996,0.8,0.05999999999999999,1.819286947262263
455,40.0,0.11999999999999997,0.8,0.07999999999999999,1.806108351148674
456,40.0,0.09999999999999998,0.8,0.09999999999999998,1.7951299266661562
457,40.0,0.07999999999999997,0.8,0.11999999999999998,1.7858431441866285
458,40.0,0.05999999999999997,0.8,0.13999999999999999,1.7778849802086842
459,40.0,0.03999999999999998,0.8,0.15999999999999998,1.7709893492859405
460,40.0,0.01999999999999999,0.8,0.17999999999999997,1.7649567722260355
461,40.0,0.0,0.8,0.19999999999999996,1.7596347624883004
462,40.0,0.09999999999999998,0.9,0.0,2.595700189511499
463,40.0,0.08999999999999998,0.9,0.009999999999999998,2.5333437086066155
464,40.0,0.07999999999999999,0.9,0.019999999999999997,2.478894633863097
465,40.0,0.06999999999999998,0.9,0.029999999999999995,2.430938542900383
466,40.0,0.059999999999999984,0.9,0.039999999999999994,2.3883793678354657
467,40.0,0.04999999999999999,0.9,0.04999999999999999,2.350354598731174
468,40.0,0.03999999999999999,0.9,0.05999999999999999,2.3161762197923994
469,40.0,0.029999999999999985,0.9,0.06999999999999999,2.2852887064410257
470,40.0,0.01999999999999999,0.9,0.07999999999999999,2.2572385978729708
471,40.0,0.009999999999999995,0.9,0.08999999999999998,2.231652086801236
472,40.0,0.0,0.9,0.09999999999999998,2.208218265577883
473,40.0,0.0,1.0,0.0,3.329641553274419
474,40.0,0.0,1.0,0.0,3.329641553274419
475,40.0,0.0,1.0,0.0,3.329641553274419
476,40.0,0.0,1.0,0.0,3.329641553274419
477,40.0,0.0,1.0,0.0,3.329641553274419
478,40.0,0.0,1.0,0.0,3.329641553274419
479,40.0,0.0,1.0,0.0,3.329641553274419
480,40.0,0.0,1.0,0.0,3.329641553274419
481,40.0,0.0,1.0,0.0,3.329641553274419
482,40.0,0.0,1.0,0.0,3.329641553274419
483,40.0,0.0,1.0,0.0,3.329641553274419
484,50.0,1.0,0.0,0.0,4.296551963836179
485,50.0,0.9,0.0,0.1,2.0228222330800816
486,50.0,0.8,0.0,0.2,1.0317958540272916
487,50.0,0.7,0.0,0.30000000000000004,0.47666418262272114
488,50.0,0.6,0.0,0.4,0.12172564559390144
489,50.0,0.5,0.0,0.5,0.12476784274296149
490,50.0,0.3999999999999999,0.0,0.6000000000000001,0.30593009390111664
491,50.0,0.29999999999999993,0.0,0.7000000000000001,0.44469518263616375
492,50.0,0.19999999999999996,0.0,0.8,0.5543872242955932
493,50.0,0.09999999999999998,0.0,0.9,0.6432766022144357
494,50.0,0.0,0.0,1.0,0.7167684957876415
495,50.0,0.9,0.1,0.0,3.634483109419109
496,50.0,0.81,0.1,0.09,1.7334979978763905
497,50.0,0.72,0.1,0.18,0.8611333449721145
498,50.0,0.63,0.1,0.27,0.36017598541527596
499,50.0,0.54,0.1,0.36,0.03508891780179117
500,50.0,0.45000000000000007,0.1,0.44999999999999996,0.1929122522132198
501,50.0,0.36,0.1,0.54,0.3616684545542845
502,50.0,0.27,0.1,0.63,0.4916162804012618
503,50.0,0.18000000000000005,0.1,0.72,0.5947621627876717
504,50.0,0.09000000000000008,0.1,0.8099999999999999,0.6786228460329631
505,50.0,0.0,0.1,0.9,0.7481445653306624
506,50.0,0.8,0.2,0.0,2.9559509134896853
507,50.0,0.7200000000000001,0.2,0.08,1.4144060229682704
508,50.0,0.64,0.2,0.16,0.6664503398996434
509,50.0,0.56,0.2,0.24,0.2246873256865015
510,50.0,0.48000000000000004,0.2,0.32,0.06695821041814959
511,50.0,0.4,0.2,0.4,0.27389157621498994
512,50.0,0.32000000000000006,0.2,0.48,0.4283408419055507
513,50.0,0.24,0.2,0.56,0.5480260193997016
514,50.0,0.16000000000000003,0.2,0.64,0.6434970646073329
515,50.0,0.08000000000000007,0.2,0.72,0.7214272557069453
516,50.0,0.0,0.2,0.8,0.7862440277133838
517,50.0,0.7,0.30000000000000004,0.0,2.260333566168227
518,50.0,0.63,0.30000000000000004,0.06999999999999999,1.0607030795215593
519,50.0,0.5599999999999999,0.30000000000000004,0.13999999999999999,0.4422695526976271
520,50.0,0.49,0.30000000000000004,0.20999999999999996,0.06513664011729675
521,50.0,0.42,0.30000000000000004,0.27999999999999997,0.1889287729950034
522,50.0,0.35,0.30000000000000004,0.35,0.3717089695728818
523,50.0,0.28,0.30000000000000004,0.41999999999999993,0.5095144849901503
524,50.0,0.21000000000000002,0.30000000000000004,0.48999999999999994,0.6171264334951649
525,50.0,0.14,0.30000000000000004,0.5599999999999999,0.7034882857513147
526,50.0,0.07000000000000006,0.30000000000000004,0.6299999999999999,0.7743287891489333
527,50.0,0.0,0.30000000000000004,0.7,0.8334872839427301
528,50.0,0.6,0.4,0.0,1.5469775444987872
529,50.0,0.54,0.4,0.06,0.6664350285325916
530,50.0,0.48,0.4,0.12,0.18141497311348168
531,50.0,0.42,0.4,0.18,0.12551064269215415
532,50.0,0.36,0.4,0.24,0.3372886677091566
533,50.0,0.3,0.4,0.3,0.49222550138490756
534,50.0,0.24,0.4,0.36,0.6104977023349435
535,50.0,0.18,0.4,0.42,0.7037429044884054
536,50.0,0.12,0.4,0.48,0.7791448137139716
537,50.0,0.05999999999999994,0.4,0.54,0.8413778881184955
538,50.0,0.0,0.4,0.6,0.8936149411026868
539,50.0,0.5,0.5,0.0,0.8151955645800985
540,50.0,0.45,0.5,0.05,0.22419892764596724
541,50.0,0.4,0.5,0.1,0.1257896641740402
542,50.0,0.35,0.5,0.15000000000000002,0.3572259184781117
543,50.0,0.3,0.5,0.2,0.5216410815669097
544,50.0,0.25,0.5,0.25,0.644379482954458
545,50.0,0.19999999999999996,0.5,0.30000000000000004,0.7395497656887036
546,50.0,0.14999999999999997,0.5,0.35000000000000003,0.8155022169178083
547,50.0,0.09999999999999998,0.5,0.4,0.877524027034844
548,50.0,0.04999999999999999,0.5,0.45,0.9291258323777801
549,50.0,0.0,0.5,0.5,0.9727300687425532
550,50.0,0.3999999999999999,0.6000000000000001,0.0,0.06426437293211798
551,50.0,0.35999999999999993,0.6000000000000001,0.039999999999999994,0.2753261780641773
552,50.0,0.31999999999999995,0.6000000000000001,0.07999999999999999,0.49327769300764457
553,50.0,0.2799999999999999,0.6000000000000001,0.11999999999999998,0.6450185548355616
554,50.0,0.23999999999999994,0.6000000000000001,0.15999999999999998,0.7567411422924482
555,50.0,0.19999999999999996,0.6000000000000001,0.19999999999999996,0.8424320256213546
556,50.0,0.15999999999999995,0.6000000000000001,0.23999999999999996,0.9102400515901217
557,50.0,0.11999999999999994,0.6000000000000001,0.27999999999999997,0.9652106786962068
558,50.0,0.07999999999999996,0.6000000000000001,0.31999999999999995,1.010671627758502
559,50.0,0.03999999999999998,0.6000000000000001,0.35999999999999993,1.0489071362683582
560,50.0,0.0,0.6000000000000001,0.3999999999999999,1.0815129782490296
561,50.0,0.29999999999999993,0.7000000000000001,0.0,0.7065776378236238
562,50.0,0.26999999999999996,0.7000000000000001,0.029999999999999992,0.8440434440989204
563,50.0,0.23999999999999994,0.7000000000000001,0.059999999999999984,0.94056992996428
564,50.0,0.20999999999999996,0.7000000000000001,0.08999999999999997,1.012075254839195
565,50.0,0.17999999999999997,0.7000000000000001,0.11999999999999997,1.0671719738605172
566,50.0,0.14999999999999997,0.7000000000000001,0.14999999999999997,1.1109267713197584
567,50.0,0.12,0.7000000000000001,0.17999999999999994,1.1465149992745567
568,50.0,0.09,0.7000000000000001,0.20999999999999994,1.176027863759301
569,50.0,0.06,0.7000000000000001,0.23999999999999994,1.2008987306776093
570,50.0,0.030000000000000027,0.7000000000000001,0.2699999999999999,1.2221429405753579
571,50.0,0.0,0.7000000000000001,0.29999999999999993,1.240499843521121
572,50.0,0.19999999999999996,0.8,0.0,1.4981330054901745
573,50.0,0.17999999999999997,0.8,0.019999999999999997,1.4973989540125705
574,50.0,0.15999999999999998,0.8,0.039999999999999994,1.4968283955362973
575,50.0,0.13999999999999996,0.8,0.05999999999999999,1.4963721819348612
576,50.0,0.11999999999999997,0.8,0.07999999999999999,1.4959990703218993
577,50.0,0.09999999999999998,0.8,0.09999999999999998,1.4956882498344843
578,50.0,0.07999999999999997,0.8,0.11999999999999998,1.4954253230127992
579,50.0,0.05999999999999997,0.8,0.13999999999999999,1.4952000119574416
580,50.0,0.03999999999999998,0.8,0.15999999999999998,1.4950047832735154
581,50.0,0.01999999999999999,0.8,0.17999999999999997,1.4948339893181
582,50.0,0.0,0.8,0.19999999999999996,1.49468331290155
583,50.0,0.09999999999999998,0.9,0.0,2.3112479853528347
584,50.0,0.08999999999999998,0.9,0.009999999999999998,2.2558058658130644
585,50.0,0.07999999999999999,0.9,0.019999999999999997,2.207394344396963
586,50.0,0.06999999999999998,0.9,0.029999999999999995,2.164755836109887
587,50.0,0.059999999999999984,0.9,0.039999999999999994,2.1269158099055603
588,50.0,0.04999999999999999,0.9,0.04999999999999999,2.093107394748585
589,50.0,0.03999999999999999,0.9,0.05999999999999999,2.062718865067421
590,50.0,0.029999999999999985,0.9,0.06999999999999999,2.0352562952966244
591,50.0,0.01999999999999999,0.9,0.07999999999999999,2.0103165063641537
592,50.0,0.009999999999999995,0.9,0.08999999999999998,1.98756714038244
593,50.0,0.0,0.9,0.09999999999999998,1.9667317645131803
594,50.0,0.0,1.0,0.0,3.1468155681137224
595,50.0,0.0,1.0,0.0,3.1468155681137224
596,50.0,0.0,1.0,0.0,3.1468155681137224
597,50.0,0.0,1.0,0.0,3.1468155681137224
598,50.0,0.0,1.0,0.0,3.1468155681137224
599,50.0,0.0,1.0,0.0,3.1468155681137224
600,50.0,0.0,1.0,0.0,3.1468155681137224
601,50.0,0.0,1.0,0.0,3.1468155681137224
602,50.0,0.0,1.0,0.0,3.1468155681137224
603,50.0,0.0,1.0,0.0,3.1468155681137224
604,50.0,0.0,1.0,0.0,3.1468155681137224
605,60.0,1.0,0.0,0.0,5.793915957203639
606,60.0,0.9,0.0,0.1,3.2538751806535706
607,60.0,0.8,0.0,0.2,2.1468070268300514
608,60.0,0.7,0.0,0.30000000000000004,1.5266488715749462
609,60.0,0.6,0.0,0.4,1.130133882985304
610,60.0,0.5,0.0,0.5,0.8547668756903627
611,60.0,0.3999999999999999,0.0,0.6000000000000001,0.6523838136758102
612,60.0,0.29999999999999993,0.0,0.7000000000000001,0.4973641924280639
613,60.0,0.19999999999999996,0.0,0.8,0.37482314909412345
614,60.0,0.09999999999999998,0.0,0.9,0.275521532069691
615,60.0,0.0,0.0,1.0,0.19342101521529545
616,60.0,0.9,0.1,0.0,5.071304326140903
617,60.0,0.81,0.1,0.09,2.9413616083024934
618,60.0,0.72,0.1,0.18,1.9639642715678705
619,60.0,0.63,0.1,0.27,1.4026633069797303
620,60.0,0.54,0.1,0.36,1.0384173663911875
621,60.0,0.45000000000000007,0.1,0.44999999999999996,0.7829519575789115
622,60.0,0.36,0.1,0.54,0.5938679620108382
623,60.0,0.27,0.1,0.63,0.44826706683969963
624,60.0,0.18000000000000005,0.1,0.72,0.33269658529608964
625,60.0,0.09000000000000008,0.1,0.8099999999999999,0.23873433182560289
626,60.0,0.0,0.1,0.9,0.16083826471100143
627,60.0,0.8,0.2,0.0,4.330723866030351
628,60.0,0.7200000000000001,0.2,0.08,2.5966944119409856
629,60.0,0.64,0.2,0.16,1.7553866686296145
630,60.0,0.56,0.2,0.24,1.2584543795911571
631,60.0,0.48000000000000004,0.2,0.32,0.9303868882406621
632,60.0,0.4,0.2,0.4,0.6976107892116254
633,60.0,0.32000000000000006,0.2,0.48,0.5238732315831944
634,60.0,0.24,0.2,0.56,0.3892412517600236
635,60.0,0.16000000000000003,0.2,0.64,0.28184736973389585
636,60.0,0.08000000000000007,0.2,0.72,0.1941849195006336
637,60.0,0.0,0.2,0.8,0.12127354882250678
638,60.0,0.7,0.30000000000000004,0.0,3.5714959056907936
639,60.0,0.63,0.30000000000000004,0.06999999999999999,2.214642177949052
640,60.0,0.5599999999999999,0.30000000000000004,0.13999999999999999,1.515156923471083
641,60.0,0.49,0.30000000000000004,0.20999999999999996,1.0886347557487508
642,60.0,0.42,0.30000000000000004,0.27999999999999997,0.8012648009726792
643,60.0,0.35,0.30000000000000004,0.35,0.594524591114448
644,60.0,0.28,0.30000000000000004,0.41999999999999993,0.43865463523093756
645,60.0,0.21000000000000002,0.30000000000000004,0.48999999999999994,0.3169362147799582
646,60.0,0.14,0.30000000000000004,0.5599999999999999,0.21925349097580196
647,60.0,0.07000000000000006,0.30000000000000004,0.6299999999999999,0.13912675507626968
648,60.0,0.0,0.30000000000000004,0.7,0.07221338121219875
649,60.0,0.6,0.4,0.0,2.7929071608677147
650,60.0,0.54,0.4,0.06,1.7887735430878557
651,60.0,0.48,0.4,0.12,1.2357341488480744
652,60.0,0.42,0.4,0.18,0.8857171077438505
653,60.0,0.36,0.4,0.24,0.6442060905132748
654,60.0,0.3,0.4,0.3,0.4675165954414565
655,60.0,0.24,0.4,0.36,0.3326393362959358
656,60.0,0.18,0.4,0.42,0.2263027906503147
657,60.0,0.12,0.4,0.48,0.1403146821260487
658,60.0,0.05999999999999994,0.4,0.54,0.06934427287966145
659,60.0,0.0,0.4,0.6,0.009773296134997523
660,60.0,0.5,0.5,0.0,1.9942074990978078
661,60.0,0.45,0.5,0.05,1.3110922191800973
662,60.0,0.4,0.5,0.1,0.9065509072203366
663,60.0,0.35,0.5,0.15000000000000002,0.6390406850605064
664,60.0,0.3,0.5,0.2,0.44904450424758346
665,60.0,0.25,0.5,0.25,0.30716704055250404
666,60.0,0.19999999999999996,0.5,0.30000000000000004,0.19715649633126225
667,60.0,0.14999999999999997,0.5,0.35000000000000003,0.1093604926356865
668,60.0,0.09999999999999998,0.5,0.4,0.03766738751368563
669,60.0,0.04999999999999999,0.5,0.45,0.02198088215068029
670,60.0,0.0,0.5,0.5,0.07238449171268996
671,60.0,0.3999999999999999,0.6000000000000001,0.0,1.174607529106149
672,60.0,0.35999999999999993,0.6000000000000001,0.039999999999999994,0.7715301767724202
673,60.0,0.31999999999999995,0.6000000000000001,0.07999999999999999,0.512832402871679
674,60.0,0.2799999999999999,0.6000000000000001,0.11999999999999998,0.33272343150307965
675,60.0,0.23999999999999994,0.6000000000000001,0.15999999999999998,0.200114191888299
676,60.0,0.19999999999999996,0.6000000000000001,0.19999999999999996,0.09840331015138591
677,60.0,0.15999999999999995,0.6000000000000001,0.23999999999999996,0.017918504274859127
678,60.0,0.11999999999999994,0.6000000000000001,0.27999999999999997,0.04729089660444199
679,60.0,0.07999999999999996,0.6000000000000001,0.31999999999999995,0.10125668533730967
680,60.0,0.03999999999999998,0.6000000000000001,0.35999999999999993,0.14664529725357586
681,60.0,0.0,0.6000000000000001,0.3999999999999999,0.18535104396760102
682,60.0,0.29999999999999993,0.7000000000000001,0.0,0.3332759984539375
683,60.0,0.26999999999999996,0.7000000000000001,0.029999999999999992,0.15723022246306811
684,60.0,0.23999999999999994,0.7000000000000001,0.059999999999999984,0.033613444092650116
685,60.0,0.20999999999999996,0.7000000000000001,0.08999999999999997,0.057959949656574826
686,60.0,0.17999999999999997,0.7000000000000001,0.11999999999999997,0.12851963949842182
687,60.0,0.14999999999999997,0.7000000000000001,0.14999999999999997,0.18455428171790275
688,60.0,0.12,0.7000000000000001,0.17999999999999994,0.23013039534339821
689,60.0,0.09,0.7000000000000001,0.20999999999999994,0.26792608629170134
690,60.0,0.06,0.7000000000000001,0.23999999999999994,0.299776996600525
691,60.0,0.030000000000000027,0.7000000000000001,0.2699999999999999,0.32698342355207966
692,60.0,0.0,0.7000000000000001,0.29999999999999993,0.3504922168398323
693,60.0,0.19999999999999996,0.8,0.0,0.5306630185982979
694,60.0,0.17999999999999997,0.8,0.019999999999999997,0.5484917308831655
695,60.0,0.15999999999999998,0.8,0.039999999999999994,0.5623495095618151
696,60.0,0.13999999999999996,0.8,0.05999999999999999,0.5734300690169588
697,60.0,0.11999999999999997,0.8,0.07999999999999999,0.582492239451482
698,60.0,0.09999999999999998,0.8,0.09999999999999998,0.5900414770869978
699,60.0,0.07999999999999997,0.8,0.11999999999999998,0.5964274688035758
700,60.0,0.05999999999999997,0.8,0.13999999999999999,0.6018998452003053
701,60.0,0.03999999999999998,0.8,0.15999999999999998,0.6066415780933636
702,60.0,0.01999999999999999,0.8,0.17999999999999997,0.6107898379691739
703,60.0,0.0,0.8,0.19999999999999996,0.6144494811422752
704,60.0,0.09999999999999998,0.9,0.0,1.4181331630100167
705,60.0,0.08999999999999998,0.9,0.009999999999999998,1.3676849558670523
706,60.0,0.07999999999999999,0.9,0.019999999999999997,1.3236340703529876
707,60.0,0.06999999999999998,0.9,0.029999999999999995,1.2848361976131424
708,60.0,0.059999999999999984,0.9,0.039999999999999994,1.2504045868431533
709,60.0,0.04999999999999999,0.9,0.04999999999999999,1.2196414424113444
710,60.0,0.03999999999999999,0.9,0.05999999999999999,1.1919901395236197
711,60.0,0.029999999999999985,0.9,0.06999999999999999,1.1670012426348848
712,60.0,0.01999999999999999,0.9,0.07999999999999999,1.1443078887622675
713,60.0,0.009999999999999995,0.9,0.08999999999999998,1.1236076569358537
714,60.0,0.0,0.9,0.09999999999999998,1.10464901382327
715,60.0,0.0,1.0,0.0,2.3301090848702657
716,60.0,0.0,1.0,0.0,2.3301090848702657
717,60.0,0.0,1.0,0.0,2.3301090848702657
718,60.0,0.0,1.0,0.0,2.3301090848702657
719,60.0,0.0,1.0,0.0,2.3301090848702657
720,60.0,0.0,1.0,0.0,2.3301090848702657
721,60.0,0.0,1.0,0.0,2.3301090848702657
722,60.0,0.0,1.0,0.0,2.3301090848702657
723,60.0,0.0,1.0,0.0,2.3301090848702657
724,60.0,0.0,1.0,0.0,2.3301090848702657
725,60.0,0.0,1.0,0.0,2.3301090848702657
726,70.0,1.0,0.0,0.0,7.494883403009679
727,70.0,0.9,0.0,0.1,4.808628547867839
728,70.0,0.8,0.0,0.2,3.6378565922682395
729,70.0,0.7,0.0,0.30000000000000004,2.9819851267557453
730,70.0,0.6,0.0,0.4,2.562635861636435
731,70.0,0.5,0.0,0.5,2.2714111779037416
732,70.0,0.3999999999999999,0.0,0.6000000000000001,2.057373396809342
733,70.0,0.29999999999999993,0.0,0.7000000000000001,1.8934265949985307
734,70.0,0.19999999999999996,0.0,0.8,1.763828728719114
735,70.0,0.09999999999999998,0.0,0.9,1.6588085874313654
736,70.0,0.0,0.0,1.0,1.5719801133521936
737,70.0,0.9,0.1,0.0,6.762520258889262
738,70.0,0.81,0.1,0.09,4.498162316369681
739,70.0,0.72,0.1,0.18,3.4591126736335363
740,70.0,0.63,0.1,0.27,2.8623733757602827
741,70.0,0.54,0.1,0.36,2.4751303803747295
742,70.0,0.45000000000000007,0.1,0.44999999999999996,2.203535891315961
743,70.0,0.36,0.1,0.54,2.0025138766162556
744,70.0,0.27,0.1,0.63,1.8477203140969163
745,70.0,0.18000000000000005,0.1,0.72,1.7248531673039016
746,70.0,0.09000000000000008,0.1,0.8099999999999999,1.6249585070412567
747,70.0,0.0,0.1,0.9,1.542144388894928
748,70.0,0.8,0.2,0.0,6.011945799628117
749,70.0,0.7200000000000001,0.2,0.08,4.155753105882033
750,70.0,0.64,0.2,0.16,3.255210812522472
751,70.0,0.56,0.2,0.24,2.7232516774366595
752,70.0,0.48000000000000004,0.2,0.32,2.3720599702399072
753,70.0,0.4,0.2,0.4,2.122876379156036
754,70.0,0.32000000000000006,0.2,0.48,1.9368927292170934
755,70.0,0.24,0.2,0.56,1.7927710588779133
756,70.0,0.16000000000000003,0.2,0.64,1.6778073951026466
757,70.0,0.08000000000000007,0.2,0.72,1.5839659558678814
758,70.0,0.0,0.2,0.8,1.5059153430592096
759,70.0,0.7,0.30000000000000004,0.0,5.242472195500471
760,70.0,0.63,0.30000000000000004,0.06999999999999999,3.7762037748542157
761,70.0,0.5599999999999999,0.30000000000000004,0.13999999999999999,3.0203130562167866
762,70.0,0.49,0.30000000000000004,0.20999999999999996,2.5594227460003123
763,70.0,0.42,0.30000000000000004,0.27999999999999997,2.248866342663516
764,70.0,0.35,0.30000000000000004,0.35,2.025445296268194
765,70.0,0.28,0.30000000000000004,0.41999999999999993,1.8569989709550827
766,70.0,0.21000000000000002,0.30000000000000004,0.48999999999999994,1.7254596981575985
767,70.0,0.14,0.30000000000000004,0.5599999999999999,1.619895442505456
768,70.0,0.07000000000000006,0.30000000000000004,0.6299999999999999,1.5333036798714603
769,70.0,0.0,0.30000000000000004,0.7,1.4609913995618558
770,70.0,0.6,0.4,0.0,4.4533765366100555
771,70.0,0.54,0.4,0.06,3.3531250932343544
772,70.0,0.48,0.4,0.12,2.7472074870366283
773,70.0,0.42,0.4,0.18,2.363663382682736
774,70.0,0.36,0.4,0.24,2.099018762800573
775,70.0,0.3,0.4,0.3,1.9054047206892422
776,70.0,0.24,0.4,0.36,1.7576079808691931
777,70.0,0.18,0.4,0.42,1.6410857823183744
778,70.0,0.12,0.4,0.48,1.5468611355269375
779,70.0,0.05999999999999994,0.4,0.54,1.4690926875560504
780,70.0,0.0,0.4,0.6,1.4038155889069697
781,70.0,0.5,0.5,0.0,3.6438985675916657
782,70.0,0.45,0.5,0.05,2.8785731581776255
783,70.0,0.4,0.5,0.1,2.4253469541939396
784,70.0,0.35,0.5,0.15000000000000002,2.1256429711097136
785,70.0,0.3,0.5,0.2,1.9128177472786094
786,70.0,0.25,0.5,0.25,1.7538516412102134
787,70.0,0.19999999999999996,0.5,0.30000000000000004,1.6305907131823196
788,70.0,0.14999999999999997,0.5,0.35000000000000003,1.5322199890916481
789,70.0,0.09999999999999998,0.5,0.4,1.4518917011706312
790,70.0,0.04999999999999999,0.5,0.45,1.38505900684895
791,70.0,0.0,0.5,0.5,1.3285844594812428
792,70.0,0.3999999999999999,0.6000000000000001,0.0,2.8132382444782187
793,70.0,0.35999999999999993,0.6000000000000001,0.039999999999999994,2.3425458979677436
794,70.0,0.31999999999999995,0.6000000000000001,0.07999999999999999,2.04045236299381
795,70.0,0.2799999999999999,0.6000000000000001,0.11999999999999998,1.8301306620343796
796,70.0,0.23999999999999994,0.6000000000000001,0.15999999999999998,1.6752766276861566
797,70.0,0.19999999999999996,0.6000000000000001,0.19999999999999996,1.5565040563342987
798,70.0,0.15999999999999995,0.6000000000000001,0.23999999999999996,1.4625181702080245
799,70.0,0.11999999999999994,0.6000000000000001,0.27999999999999997,1.3863875739668194
800,70.0,0.07999999999999996,0.6000000000000001,0.31999999999999995,1.323358935967534
801,70.0,0.03999999999999998,0.6000000000000001,0.35999999999999993,1.2703478995882453
802,70.0,0.0,0.6000000000000001,0.3999999999999999,1.2251420283239578
803,70.0,0.29999999999999993,0.7000000000000001,0.0,1.960553097229925
804,70.0,0.26999999999999996,0.7000000000000001,0.029999999999999992,1.7322703493279257
805,70.0,0.23999999999999994,0.7000000000000001,0.059999999999999984,1.5719735305355433
806,70.0,0.20999999999999996,0.7000000000000001,0.08999999999999997,1.4532281312658852
807,70.0,0.17999999999999997,0.7000000000000001,0.11999999999999997,1.3617317020129533
808,70.0,0.14999999999999997,0.7000000000000001,0.14999999999999997,1.289070247731713
809,70.0,0.12,0.7000000000000001,0.17999999999999994,1.2299706164081927
810,70.0,0.09,0.7000000000000001,0.20999999999999994,1.18096004435686
811,70.0,0.06,0.7000000000000001,0.23999999999999994,1.1396582108562654
812,70.0,0.030000000000000027,0.7000000000000001,0.2699999999999999,1.1043789894711145
813,70.0,0.0,0.7000000000000001,0.29999999999999993,1.0738945776675133
814,70.0,0.19999999999999996,0.8,0.0,1.0849553796480618
815,70.0,0.17999999999999997,0.8,0.019999999999999997,1.0311717260182656
816,70.0,0.15999999999999998,0.8,0.039999999999999994,0.9893671381928126
817,70.0,0.13999999999999996,0.8,0.05999999999999999,0.9559405529056132
818,70.0,0.11999999999999997,0.8,0.07999999999999999,0.9286028165622673
819,70.0,0.09999999999999998,0.8,0.09999999999999998,0.9058291256939413
820,70.0,0.07999999999999997,0.8,0.11999999999999998,0.8865645842577264
821,70.0,0.05999999999999997,0.8,0.13999999999999999,0.8700561347435704
822,70.0,0.03999999999999998,0.8,0.15999999999999998,0.8557518083598104
823,70.0,0.01999999999999999,0.8,0.17999999999999997,0.8432378046137557
824,70.0,0.0,0.8,0.19999999999999996,0.8321978047704538
825,70.0,0.09999999999999998,0.9,0.0,0.18550898640570432
826,70.0,0.08999999999999998,0.9,0.009999999999999998,0.21734520476926766
827,70.0,0.07999999999999999,0.9,0.019999999999999997,0.2451442820756055
828,70.0,0.06999999999999998,0.9,0.029999999999999995,0.26962835432602983
829,70.0,0.059999999999999984,0.9,0.039999999999999994,0.2913570210351783
830,70.0,0.04999999999999999,0.9,0.04999999999999999,0.3107706382705061
831,70.0,0.03999999999999999,0.9,0.05999999999999999,0.32822047378746627
832,70.0,0.029999999999999985,0.9,0.06999999999999999,0.34399015170207564
833,70.0,0.01999999999999999,0.9,0.07999999999999999,0.3583111872791177
834,70.0,0.009999999999999995,0.9,0.08999999999999998,0.37137442853037467
835,70.0,0.0,0.9,0.09999999999999998,0.38333860993918134
836,70.0,0.0,1.0,0.0,0.7387738853125742
837,70.0,0.0,1.0,0.0,0.7387738853125742
838,70.0,0.0,1.0,0.0,0.7387738853125742
839,70.0,0.0,1.0,0.0,0.7387738853125742
840,70.0,0.0,1.0,0.0,0.7387738853125742
841,70.0,0.0,1.0,0.0,0.7387738853125742
842,70.0,0.0,1.0,0.0,0.7387738853125742
843,70.0,0.0,1.0,0.0,0.7387738853125742
844,70.0,0.0,1.0,0.0,0.7387738853125742
845,70.0,0.0,1.0,0.0,0.7387738853125742
846,70.0,0.0,1.0,0.0,0.7387738853125742
847,80.0,1.0,0.0,0.0,8.618720687906674
848,80.0,0.9,0.0,0.1,5.775802759046911
849,80.0,0.8,0.0,0.2,4.536683889512824
850,80.0,0.7,0.0,0.30000000000000004,3.8425599830545836
851,80.0,0.6,0.0,0.4,3.398752979120499
852,80.0,0.5,0.0,0.5,3.0905431761958613
853,80.0,0.3999999999999999,0.0,0.6000000000000001,2.864022053453025
854,80.0,0.29999999999999993,0.0,0.7000000000000001,2.6905133699562502
855,80.0,0.19999999999999996,0.0,0.8,2.553356957548067
856,80.0,0.09999999999999998,0.0,0.9,2.442211718640065
857,80.0,0.0,0.0,1.0,2.3503191409188324
858,80.0,0.9,0.1,0.0,7.950324223029791
859,80.0,0.81,0.1,0.09,5.514352388541625
860,80.0,0.72,0.1,0.18,4.396493297977135
861,80.0,0.63,0.1,0.27,3.754522543376607
862,80.0,0.54,0.1,0.36,3.3379274257975546
863,80.0,0.45000000000000007,0.1,0.44999999999999996,3.0457467034824535
864,80.0,0.36,0.1,0.54,2.829487685636561
865,80.0,0.27,0.1,0.63,2.6629611295809803
866,80.0,0.18000000000000005,0.1,0.72,2.5307809376219677
867,80.0,0.09000000000000008,0.1,0.8099999999999999,2.423314493467961
868,80.0,0.0,0.1,0.9,2.3342232569641688
869,80.0,0.8,0.2,0.0,7.265307071054638
870,80.0,0.7200000000000001,0.2,0.08,5.226002140225014
871,80.0,0.64,0.2,0.16,4.236571087796774
872,80.0,0.56,0.2,0.24,3.6521252619878313
873,80.0,0.48000000000000004,0.2,0.32,3.266282602670031
874,80.0,0.4,0.2,0.4,2.992512871005306
875,80.0,0.32000000000000006,0.2,0.48,2.788178814672197
876,80.0,0.24,0.2,0.56,2.629837124337736
877,80.0,0.16000000000000003,0.2,0.64,2.503530366954322
878,80.0,0.08000000000000007,0.2,0.72,2.400429895825376
879,80.0,0.0,0.2,0.8,2.3146782809940882
880,80.0,0.7,0.30000000000000004,0.0,6.563041479259037
881,80.0,0.63,0.30000000000000004,0.06999999999999999,4.906375388087103
882,80.0,0.5599999999999999,0.30000000000000004,0.13999999999999999,4.052330859428052
883,80.0,0.49,0.30000000000000004,0.20999999999999996,3.5315427979002503
884,80.0,0.42,0.30000000000000004,0.27999999999999997,3.180650017657606
885,80.0,0.35,0.30000000000000004,0.35,2.9282101024213594
886,80.0,0.28,0.30000000000000004,0.41999999999999993,2.737885257157403
887,80.0,0.21000000000000002,0.30000000000000004,0.48999999999999994,2.5892611082199593
888,80.0,0.14,0.30000000000000004,0.5599999999999999,2.469985721327032
889,80.0,0.07000000000000006,0.30000000000000004,0.6299999999999999,2.3721470549517853
890,80.0,0.0,0.30000000000000004,0.7,2.2904425503563983
891,80.0,0.6,0.4,0.0,5.84286767875279
892,80.0,0.54,0.4,0.06,4.550091622446436
893,80.0,0.48,0.4,0.12,3.838139145351613
894,80.0,0.42,0.4,0.18,3.3874586841233207
895,80.0,0.36,0.4,0.24,3.076490120153305
896,80.0,0.3,0.4,0.3,2.848985473859709
897,80.0,0.24,0.4,0.36,2.675318085640169
898,80.0,0.18,0.4,0.42,2.538399599369342
899,80.0,0.12,0.4,0.48,2.427681674643154
900,80.0,0.05999999999999994,0.4,0.54,2.3363004759682955
901,80.0,0.0,0.4,0.6,2.259597138352414
902,80.0,0.5,0.5,0.0,5.104091817035482
903,80.0,0.45,0.5,0.05,4.150461109827197
904,80.0,0.4,0.5,0.1,3.585720386320562
905,80.0,0.35,0.5,0.15000000000000002,3.2122754205242616
906,80.0,0.3,0.5,0.2,2.947060744585823
907,80.0,0.25,0.5,0.25,2.7489631574789173
908,80.0,0.19999999999999996,0.5,0.30000000000000004,2.5953600213715
909,80.0,0.14999999999999997,0.5,0.35000000000000003,2.472774121985096
910,80.0,0.09999999999999998,0.5,0.4,2.3726720284814533
911,80.0,0.04999999999999999,0.5,0.45,2.289387636528861
912,80.0,0.0,0.5,0.5,2.2190111780297013
913,80.0,0.3999999999999999,0.6000000000000001,0.0,4.345983728254927
914,80.0,0.35999999999999993,0.6000000000000001,0.039999999999999994,3.69906088795265
915,80.0,0.31999999999999995,0.6000000000000001,0.07999999999999999,3.2838614288342205
916,80.0,0.2799999999999999,0.6000000000000001,0.11999999999999998,2.9947938177488878
917,80.0,0.23999999999999994,0.6000000000000001,0.15999999999999998,2.781961354090892
918,80.0,0.19999999999999996,0.6000000000000001,0.19999999999999996,2.618719504550226
919,80.0,0.15999999999999995,0.6000000000000001,0.23999999999999996,2.4895446478698573
920,80.0,0.11999999999999994,0.6000000000000001,0.27999999999999997,2.3848647651799855
921,80.0,0.07999999999999996,0.6000000000000001,0.31999999999999995,2.2982213172402175
922,80.0,0.03999999999999998,0.6000000000000001,0.35999999999999993,2.225348745080089
923,80.0,0.0,0.6000000000000001,0.3999999999999999,2.163205683167469
924,80.0,0.29999999999999993,0.7000000000000001,0.0,3.567774526099822
925,80.0,0.26999999999999996,0.7000000000000001,0.029999999999999992,3.1851345664577697
926,80.0,0.23999999999999994,0.7000000000000001,0.059999999999999984,2.9164503630424528
927,80.0,0.20999999999999996,0.7000000000000001,0.08999999999999997,2.717413268904429
928,80.0,0.17999999999999997,0.7000000000000001,0.11999999999999997,2.564049993236722
929,80.0,0.14999999999999997,0.7000000000000001,0.14999999999999997,2.4422572770141087
930,80.0,0.12,0.7000000000000001,0.17999999999999994,2.343196437978665
931,80.0,0.09,0.7000000000000001,0.20999999999999994,2.2610465449880324
932,80.0,0.06,0.7000000000000001,0.23999999999999994,2.1918177835109827
933,80.0,0.030000000000000027,0.7000000000000001,0.2699999999999999,2.1326839244214084
934,80.0,0.0,0.7000000000000001,0.29999999999999993,2.081586965893224
935,80.0,0.19999999999999996,0.8,0.0,2.7686540026485518
936,80.0,0.17999999999999997,0.8,0.019999999999999997,2.5947241571177533
937,80.0,0.15999999999999998,0.8,0.039999999999999994,2.4595331648320107
938,80.0,0.13999999999999996,0.8,0.05999999999999999,2.351435621745046
939,80.0,0.11999999999999997,0.8,0.07999999999999999,2.2630286813745246
940,80.0,0.09999999999999998,0.8,0.09999999999999998,2.189381313306997
941,80.0,0.07999999999999997,0.8,0.11999999999999998,2.127082111038387
942,80.0,0.05999999999999997,0.8,0.13999999999999999,2.07369577745641
943,80.0,0.03999999999999998,0.8,0.15999999999999998,2.027437312096752
944,80.0,0.01999999999999999,0.8,0.17999999999999997,1.9869685341012888
945,80.0,0.0,0.8,0.19999999999999996,1.951266506853136
946,80.0,0.09999999999999998,0.9,0.0,1.9477678146749688
947,80.0,0.08999999999999998,0.9,0.009999999999999998,1.9093831315226346
948,80.0,0.07999999999999999,0.9,0.019999999999999997,1.875865998232955
949,80.0,0.06999999999999998,0.9,0.029999999999999995,1.8463457409941042
950,80.0,0.059999999999999984,0.9,0.039999999999999994,1.820147654983119
951,80.0,0.04999999999999999,0.9,0.04999999999999999,1.7967408062830768
952,80.0,0.03999999999999999,0.9,0.05999999999999999,1.77570167406812
953,80.0,0.029999999999999985,0.9,0.06999999999999999,1.7566882949268716
954,80.0,0.01999999999999999,0.9,0.07999999999999999,1.7394215326889622
955,80.0,0.009999999999999995,0.9,0.08999999999999998,1.7236712833771795
956,80.0,0.0,0.9,0.09999999999999998,1.7092461620481396
957,80.0,0.0,1.0,0.0,1.104214436870058
958,80.0,0.0,1.0,0.0,1.104214436870058
959,80.0,0.0,1.0,0.0,1.104214436870058
960,80.0,0.0,1.0,0.0,1.104214436870058
961,80.0,0.0,1.0,0.0,1.104214436870058
962,80.0,0.0,1.0,0.0,1.104214436870058
963,80.0,0.0,1.0,0.0,1.104214436870058
964,80.0,0.0,1.0,0.0,1.104214436870058
965,80.0,0.0,1.0,0.0,1.104214436870058
966,80.0,0.0,1.0,0.0,1.104214436870058
967,80.0,0.0,1.0,0.0,1.104214436870058
968,90.0,1.0,0.0,0.0,9.134812247066671
969,90.0,0.9,0.0,0.1,6.169681574884682
970,90.0,0.8,0.0,0.2,4.877274930619931
971,90.0,0.7,0.0,0.30000000000000004,4.153310294169178
972,90.0,0.6,0.0,0.4,3.6904238076672877
973,90.0,0.5,0.0,0.5,3.368963912900781
974,90.0,0.3999999999999999,0.0,0.6000000000000001,3.132704535073386
975,90.0,0.29999999999999993,0.0,0.7000000000000001,2.951736627470601
976,90.0,0.19999999999999996,0.0,0.8,2.808683793067323
977,90.0,0.09999999999999998,0.0,0.9,2.6927603653756886
978,90.0,0.0,0.0,1.0,2.5969172802961396
979,90.0,0.9,0.1,0.0,8.452147344777455
980,90.0,0.81,0.1,0.09,5.906093221389103
981,90.0,0.72,0.1,0.18,4.737701271930436
982,90.0,0.63,0.1,0.27,4.066717369320784
983,90.0,0.54,0.1,0.36,3.6312947027924287
984,90.0,0.45000000000000007,0.1,0.44999999999999996,3.325909200538109
985,90.0,0.36,0.1,0.54,3.0998765990078283
986,90.0,0.27,0.1,0.63,2.9258240620822074
987,90.0,0.18000000000000005,0.1,0.72,2.7876701346441815
988,90.0,0.09000000000000008,0.1,0.8099999999999999,2.6753468651163037
989,90.0,0.0,0.1,0.9,2.582229250132591
990,90.0,0.8,0.2,0.0,7.752506949154083
991,90.0,0.7200000000000001,0.2,0.08,5.615385019151902
992,90.0,0.64,0.2,0.16,4.5784828269828965
993,90.0,0.56,0.2,0.24,3.966000218476594
994,90.0,0.48000000000000004,0.2,0.32,3.561648081775429
995,90.0,0.4,0.2,0.4,3.274745186801472
996,90.0,0.32000000000000006,0.2,0.48,3.06060890538249
997,90.0,0.24,0.2,0.56,2.894671315876989
998,90.0,0.16000000000000003,0.2,0.64,2.7623054252880546
999,90.0,0.08000000000000007,0.2,0.72,2.65425906289358
1000,90.0,0.0,0.2,0.8,2.5643938086371243
1001,90.0,0.7,0.30000000000000004,0.0,7.03524990667018
1002,90.0,0.63,0.30000000000000004,0.06999999999999999,5.293144552763137
1003,90.0,0.5599999999999999,0.30000000000000004,0.13999999999999999,4.395054374072146
1004,90.0,0.49,0.30000000000000004,0.20999999999999996,3.847396266692479
1005,90.0,0.42,0.30000000000000004,0.27999999999999997,3.4784038230178154
1006,90.0,0.35,0.30000000000000004,0.35,3.212942615353172
1007,90.0,0.28,0.30000000000000004,0.41999999999999993,3.012800481629722
1008,90.0,0.21000000000000002,0.30000000000000004,0.48999999999999994,2.856510039097384
1009,90.0,0.14,0.30000000000000004,0.5599999999999999,2.7310822190966286
1010,90.0,0.07000000000000006,0.30000000000000004,0.6299999999999999,2.6281968631578074
1011,90.0,0.0,0.30000000000000004,0.7,2.542277897287307
1012,90.0,0.6,0.4,0.0,6.299702364172874
1013,90.0,0.54,0.4,0.06,4.933947313987281
1014,90.0,0.48,0.4,0.12,4.181804252931033
1015,90.0,0.42,0.4,0.18,3.7056762793578617
1016,90.0,0.36,0.4,0.24,3.377148985752848
1017,90.0,0.3,0.4,0.3,3.1367983703234628
1018,90.0,0.24,0.4,0.36,2.9533249146441554
1019,90.0,0.18,0.4,0.42,2.808675374623715
1020,90.0,0.12,0.4,0.48,2.6917058015598685
1021,90.0,0.05999999999999994,0.4,0.54,2.595164795923402
1022,90.0,0.0,0.4,0.6,2.5141304315628523
1023,90.0,0.5,0.5,0.0,5.545155657307863
1024,90.0,0.45,0.5,0.05,4.53104886475449
1025,90.0,0.4,0.5,0.1,3.9304941642708133
1026,90.0,0.35,0.5,0.15000000000000002,3.5333665617341428
1027,90.0,0.3,0.5,0.2,3.2513294460413986
1028,90.0,0.25,0.5,0.25,3.040665085697064
1029,90.0,0.19999999999999996,0.5,0.30000000000000004,2.877317783554017
1030,90.0,0.14999999999999997,0.5,0.35000000000000003,2.746955367440835
1031,90.0,0.09999999999999998,0.5,0.4,2.640503068828478
1032,90.0,0.04999999999999999,0.5,0.45,2.5519353411060943
1033,90.0,0.0,0.5,0.5,2.4770943910997776
1034,90.0,0.3999999999999999,0.6000000000000001,0.0,4.770864033178043
1035,90.0,0.35999999999999993,0.6000000000000001,0.039999999999999994,4.0759573648973655
1036,90.0,0.31999999999999995,0.6000000000000001,0.07999999999999999,3.6299615600915427
1037,90.0,0.2799999999999999,0.6000000000000001,0.11999999999999998,3.319453106821843
1038,90.0,0.23999999999999994,0.6000000000000001,0.15999999999999998,3.090834345806313
1039,90.0,0.19999999999999996,0.6000000000000001,0.19999999999999996,2.915484454410753
1040,90.0,0.15999999999999995,0.6000000000000001,0.23999999999999996,2.7767283869337227
1041,90.0,0.11999999999999994,0.6000000000000001,0.27999999999999997,2.6642776277924676
1042,90.0,0.07999999999999996,0.6000000000000001,0.31999999999999995,2.5712046796307066
1043,90.0,0.03999999999999998,0.6000000000000001,0.35999999999999993,2.4929244946616085
1044,90.0,0.0,0.6000000000000001,0.3999999999999999,2.4261700185004913
1045,90.0,0.29999999999999993,0.7000000000000001,0.0,3.9760421918510755
1046,90.0,0.26999999999999996,0.7000000000000001,0.029999999999999992,3.5578284647965535
1047,90.0,0.23999999999999994,0.7000000000000001,0.059999999999999984,3.2641648803239307
1048,90.0,0.20999999999999996,0.7000000000000001,0.08999999999999997,3.046623447799667
1049,90.0,0.17999999999999997,0.7000000000000001,0.11999999999999997,2.8790020964637337
1050,90.0,0.14999999999999997,0.7000000000000001,0.14999999999999997,2.745886397237819
1051,90.0,0.12,0.7000000000000001,0.17999999999999994,2.63761594180255
1052,90.0,0.09,0.7000000000000001,0.20999999999999994,2.5478286311493727
1053,90.0,0.06,0.7000000000000001,0.23999999999999994,2.472163720501332
1054,90.0,0.030000000000000027,0.7000000000000001,0.2699999999999999,2.407532228202162
1055,90.0,0.0,0.7000000000000001,0.29999999999999993,2.3516848214461237
1056,90.0,0.19999999999999996,0.8,0.0,3.159862629680894
1057,90.0,0.17999999999999997,0.8,0.019999999999999997,2.962590036241928
1058,90.0,0.15999999999999998,0.8,0.039999999999999994,2.8092553536498537
1059,90.0,0.13999999999999996,0.8,0.05999999999999999,2.6866502733999793
1060,90.0,0.11999999999999997,0.8,0.07999999999999999,2.586378429015458
1061,90.0,0.09999999999999998,0.8,0.09999999999999998,2.502847007169482
1062,90.0,0.07999999999999997,0.8,0.11999999999999998,2.432186763879063
1063,90.0,0.05999999999999997,0.8,0.13999999999999999,2.371635566079781
1064,90.0,0.03999999999999998,0.8,0.15999999999999998,2.31916885226101
1065,90.0,0.01999999999999999,0.8,0.17999999999999997,2.2732688472096307
1066,90.0,0.0,0.8,0.19999999999999996,2.232775328200411
1067,90.0,0.09999999999999998,0.9,0.0,2.321452765548897
1068,90.0,0.08999999999999998,0.9,0.009999999999999998,2.2716447062718688
1069,90.0,0.07999999999999999,0.9,0.019999999999999997,2.228152791669851
1070,90.0,0.06999999999999998,0.9,0.029999999999999995,2.1898472332628343
1071,90.0,0.059999999999999984,0.9,0.039999999999999994,2.1558525324130375
1072,90.0,0.04999999999999999,0.9,0.04999999999999999,2.1254797479636998
1073,90.0,0.03999999999999999,0.9,0.05999999999999999,2.09817931824952
1074,90.0,0.029999999999999985,0.9,0.06999999999999999,2.073507510706779
1075,90.0,0.01999999999999999,0.9,0.07999999999999999,2.0511021175541724
1076,90.0,0.009999999999999995,0.9,0.08999999999999998,2.0306645553047793
1077,90.0,0.0,0.9,0.09999999999999998,2.0119464823853046
1078,90.0,0.0,1.0,0.0,1.4598918290451188
1079,90.0,0.0,1.0,0.0,1.4598918290451188
1080,90.0,0.0,1.0,0.0,1.4598918290451188
1081,90.0,0.0,1.0,0.0,1.4598918290451188
1082,90.0,0.0,1.0,0.0,1.4598918290451188
1083,90.0,0.0,1.0,0.0,1.4598918290451188
1084,90.0,0.0,1.0,0.0,1.4598918290451188
1085,90.0,0.0,1.0,0.0,1.4598918290451188
1086,90.0,0.0,1.0,0.0,1.4598918290451188
1087,90.0,0.0,1.0,0.0,1.4598918290451188
1088,90.0,0.0,1.0,0.0,1.4598918290451188
