latitude_min,latitude_max,greenland_error,west_antarctic_error,east_antarctic_error
-1.0,1.0,1.8538178787868236,3.0564359601793587,1.599461374828048
-1.1,1.1,1.8501297154096497,3.0612358592650972,1.5997273864368964
-1.2000000000000002,1.2000000000000002,1.8501297154096497,3.0612358592650972,1.5997273864368964
-1.3000000000000003,1.3000000000000003,1.8501297154096497,3.0612358592650972,1.5997273864368964
-1.4000000000000004,1.4000000000000004,1.8501297154096497,3.0612358592650972,1.5997273864368964
-1.5000000000000004,1.5000000000000004,1.8438153775147235,3.065625041715164,1.597473559326814
-1.6000000000000005,1.6000000000000005,1.8438153775147235,3.065625041715164,1.597473559326814
-1.7000000000000006,1.7000000000000006,1.8438153775147235,3.065625041715164,1.597473559326814
-1.8000000000000007,1.8000000000000007,1.8373600636042384,3.070392877368622,1.5956037047313232
-1.9000000000000008,1.9000000000000008,1.8373600636042384,3.070392877368622,1.5956037047313232
-2.000000000000001,2.000000000000001,1.8373600636042384,3.070392877368622,1.5956037047313232
-2.100000000000001,2.100000000000001,1.8373600636042384,3.070392877368622,1.5956037047313232
-2.200000000000001,2.200000000000001,1.8298265300928291,3.07509024675892,1.591615321744374
-2.300000000000001,2.300000000000001,1.8298265300928291,3.07509024675892,1.591615321744374
-2.4000000000000012,2.4000000000000012,1.8298265300928291,3.07509024675892,1.591615321744374
-2.5000000000000013,2.5000000000000013,1.827115412357494,3.0729778941560033,1.5893546016284366
-2.6000000000000014,2.6000000000000014,1.827115412357494,3.0729778941560033,1.5893546016284366
-2.7000000000000015,2.7000000000000015,1.827115412357494,3.0729778941560033,1.5893546016284366
-2.8000000000000016,2.8000000000000016,1.827115412357494,3.0729778941560033,1.5893546016284366
-2.9000000000000017,2.9000000000000017,1.8248722963222836,3.0728292248037548,1.5881925821433087
-3.0000000000000018,3.0000000000000018,1.8248722963222836,3.0728292248037548,1.5881925821433087
-3.100000000000002,3.100000000000002,1.8248722963222836,3.0728292248037548,1.5881925821433087
-3.200000000000002,3.200000000000002,1.8226240392509827,3.071755063021176,1.5859015763835569
-3.300000000000002,3.300000000000002,1.8226240392509827,3.071755063021176,1.5859015763835569
-3.400000000000002,3.400000000000002,1.8226240392509827,3.071755063021176,1.5859015763835569
-3.500000000000002,3.500000000000002,1.8226240392509827,3.071755063021176,1.5859015763835569
-3.6000000000000023,3.6000000000000023,1.8278022571169672,3.0672606989960536,1.585602670753548
-3.7000000000000024,3.7000000000000024,1.8278022571169672,3.0672606989960536,1.585602670753548
-3.8000000000000025,3.8000000000000025,1.8278022571169672,3.0672606989960536,1.585602670753548
-3.9000000000000026,3.9000000000000026,1.8349802262104369,3.0616270007408293,1.5853005098549047
-4.000000000000003,4.000000000000003,1.8349802262104369,3.0616270007408293,1.5853005098549047
-4.100000000000003,4.100000000000003,1.8349802262104369,3.0616270007408293,1.5853005098549047
-4.200000000000003,4.200000000000003,1.8349802262104369,3.0616270007408293,1.5853005098549047
-4.3000000000000025,4.3000000000000025,1.844031771401733,3.0553717555053383,1.5853331543545068
-4.400000000000003,4.400000000000003,1.844031771401733,3.0553717555053383,1.5853331543545068
-4.5000000000000036,4.5000000000000036,1.844031771401733,3.0553717555053383,1.5853331543545068
-4.600000000000003,4.600000000000003,1.8540072473673406,3.054011080924925,1.5855954374400647
-4.700000000000003,4.700000000000003,1.8540072473673406,3.054011080924925,1.5855954374400647
-4.800000000000003,4.800000000000003,1.8540072473673406,3.054011080924925,1.5855954374400647
-4.900000000000004,4.900000000000004,1.8540072473673406,3.054011080924925,1.5855954374400647
-5.0000000000000036,5.0000000000000036,1.8641807988716286,3.0503687357739846,1.5859649013979613
-5.100000000000003,5.100000000000003,1.8641807988716286,3.0503687357739846,1.5859649013979613
-5.200000000000004,5.200000000000004,1.8641807988716286,3.0503687357739846,1.5859649013979613
-5.300000000000004,5.300000000000004,1.8739293104415131,3.045950700943964,1.5859544257848113
-5.400000000000004,5.400000000000004,1.8739293104415131,3.045950700943964,1.5859544257848113
-5.5000000000000036,5.5000000000000036,1.8739293104415131,3.045950700943964,1.5859544257848113
-5.600000000000004,5.600000000000004,1.8739293104415131,3.045950700943964,1.5859544257848113
-5.700000000000005,5.700000000000005,1.888594585239096,3.0449751654997463,1.5867079137922766
-5.800000000000004,5.800000000000004,1.888594585239096,3.0449751654997463,1.5867079137922766
-5.900000000000004,5.900000000000004,1.888594585239096,3.0449751654997463,1.5867079137922766
-6.000000000000004,6.000000000000004,1.9017376268162869,3.04329393735507,1.5856859305665203
-6.100000000000005,6.100000000000005,1.9017376268162869,3.04329393735507,1.5856859305665203
-6.200000000000005,6.200000000000005,1.9017376268162869,3.04329393735507,1.5856859305665203
-6.300000000000004,6.300000000000004,1.9017376268162869,3.04329393735507,1.5856859305665203
-6.400000000000005,6.400000000000005,1.912373840964781,3.0409243184279795,1.5827968953170015
-6.500000000000005,6.500000000000005,1.912373840964781,3.0409243184279795,1.5827968953170015
-6.600000000000005,6.600000000000005,1.912373840964781,3.0409243184279795,1.5827968953170015
-6.700000000000005,6.700000000000005,1.9221654489103126,3.0400632812516033,1.5799094544277523
-6.800000000000005,6.800000000000005,1.9221654489103126,3.0400632812516033,1.5799094544277523
-6.900000000000006,6.900000000000006,1.9221654489103126,3.0400632812516033,1.5799094544277523
-7.000000000000005,7.000000000000005,1.9221654489103126,3.0400632812516033,1.5799094544277523
-7.100000000000005,7.100000000000005,1.930480846888161,3.0394366223087395,1.5772731259240775
-7.2000000000000055,7.2000000000000055,1.930480846888161,3.0394366223087395,1.5772731259240775
-7.300000000000006,7.300000000000006,1.930480846888161,3.0394366223087395,1.5772731259240775
-7.400000000000006,7.400000000000006,1.938984079157173,3.0414352046917568,1.5745866386994216
-7.500000000000005,7.500000000000005,1.938984079157173,3.0414352046917568,1.5745866386994216
-7.600000000000006,7.600000000000006,1.938984079157173,3.0414352046917568,1.5745866386994216
-7.700000000000006,7.700000000000006,1.938984079157173,3.0414352046917568,1.5745866386994216
-7.800000000000006,7.800000000000006,1.95134754945966,3.0423195710008906,1.5741794953400121
-7.900000000000006,7.900000000000006,1.95134754945966,3.0423195710008906,1.5741794953400121
-8.000000000000007,8.000000000000007,1.95134754945966,3.0423195710008906,1.5741794953400121
-8.100000000000007,8.100000000000007,1.966241632301792,3.0427785954540485,1.5742345215297764
-8.200000000000006,8.200000000000006,1.966241632301792,3.0427785954540485,1.5742345215297764
-8.300000000000006,8.300000000000006,1.966241632301792,3.0427785954540485,1.5742345215297764
-8.400000000000006,8.400000000000006,1.966241632301792,3.0427785954540485,1.5742345215297764
-8.500000000000007,8.500000000000007,1.9812214899902691,3.0429847360110793,1.5750119705553625
-8.600000000000007,8.600000000000007,1.9812214899902691,3.0429847360110793,1.5750119705553625
-8.700000000000006,8.700000000000006,1.9812214899902691,3.0429847360110793,1.5750119705553625
-8.800000000000008,8.800000000000008,1.9958880127664695,3.0428239696056623,1.5737969204434281
-8.900000000000007,8.900000000000007,1.9958880127664695,3.0428239696056623,1.5737969204434281
-9.000000000000007,9.000000000000007,1.9958880127664695,3.0428239696056623,1.5737969204434281
-9.100000000000007,9.100000000000007,1.9958880127664695,3.0428239696056623,1.5737969204434281
-9.200000000000006,9.200000000000006,2.0103421381501723,3.042755061286585,1.5717193558937899
-9.300000000000008,9.300000000000008,2.0103421381501723,3.042755061286585,1.5717193558937899
-9.400000000000007,9.400000000000007,2.0103421381501723,3.042755061286585,1.5717193558937899
-9.500000000000007,9.500000000000007,2.0255289978630016,3.0427628356478147,1.5693192383601644
-9.600000000000009,9.600000000000009,2.0255289978630016,3.0427628356478147,1.5693192383601644
-9.700000000000008,9.700000000000008,2.0255289978630016,3.0427628356478147,1.5693192383601644
-9.800000000000008,9.800000000000008,2.0255289978630016,3.0427628356478147,1.5693192383601644
-9.900000000000007,9.900000000000007,2.0410123149745303,3.044084757658548,1.5655555291774768
-10.000000000000007,10.000000000000007,2.0410123149745303,3.044084757658548,1.5655555291774768
-10.100000000000009,10.100000000000009,2.0410123149745303,3.044084757658548,1.5655555291774768
-10.200000000000008,10.200000000000008,2.055262110009699,3.0469409443573783,1.5605161812028827
-10.300000000000008,10.300000000000008,2.055262110009699,3.0469409443573783,1.5605161812028827
-10.40000000000001,10.40000000000001,2.055262110009699,3.0469409443573783,1.5605161812028827
-10.500000000000009,10.500000000000009,2.055262110009699,3.0469409443573783,1.5605161812028827
-10.600000000000009,10.600000000000009,2.0690403304878067,3.050137123047693,1.5552637009732428
-10.700000000000008,10.700000000000008,2.0690403304878067,3.050137123047693,1.5552637009732428
-10.800000000000008,10.800000000000008,2.0690403304878067,3.050137123047693,1.5552637009732428
-10.90000000000001,10.90000000000001,2.081331179632677,3.053176129046142,1.5486656440080862
-11.000000000000009,11.000000000000009,2.081331179632677,3.053176129046142,1.5486656440080862
-11.100000000000009,11.100000000000009,2.081331179632677,3.053176129046142,1.5486656440080862
-11.20000000000001,11.20000000000001,2.081331179632677,3.053176129046142,1.5486656440080862
-11.30000000000001,11.30000000000001,2.091844655141973,3.054303099599398,1.539883439487082
-11.40000000000001,11.40000000000001,2.091844655141973,3.054303099599398,1.539883439487082
-11.500000000000009,11.500000000000009,2.091844655141973,3.054303099599398,1.539883439487082
-11.600000000000009,11.600000000000009,2.0998496992930225,3.0553325433309966,1.528595158227673
-11.70000000000001,11.70000000000001,2.0998496992930225,3.0553325433309966,1.528595158227673
-11.80000000000001,11.80000000000001,2.0998496992930225,3.0553325433309966,1.528595158227673
-11.90000000000001,11.90000000000001,2.0998496992930225,3.0553325433309966,1.528595158227673
-12.00000000000001,12.00000000000001,2.106400531114553,3.0561523005953033,1.517869407242064
-12.10000000000001,12.10000000000001,2.106400531114553,3.0561523005953033,1.517869407242064
-12.20000000000001,12.20000000000001,2.106400531114553,3.0561523005953033,1.517869407242064
-12.30000000000001,12.30000000000001,2.1126186269551104,3.05669611610103,1.507643416782789
-12.40000000000001,12.40000000000001,2.1126186269551104,3.05669611610103,1.507643416782789
-12.50000000000001,12.50000000000001,2.1126186269551104,3.05669611610103,1.507643416782789
-12.60000000000001,12.60000000000001,2.1126186269551104,3.05669611610103,1.507643416782789
-12.70000000000001,12.70000000000001,2.1187064867333607,3.0581598207923477,1.4978716575185496
-12.800000000000011,12.800000000000011,2.1187064867333607,3.0581598207923477,1.4978716575185496
-12.900000000000011,12.900000000000011,2.1187064867333607,3.0581598207923477,1.4978716575185496
-13.00000000000001,13.00000000000001,2.1243732866587077,3.0597748618326426,1.4885664371933274
-13.10000000000001,13.10000000000001,2.1243732866587077,3.0597748618326426,1.4885664371933274
-13.20000000000001,13.20000000000001,2.1243732866587077,3.0597748618326426,1.4885664371933274
-13.300000000000011,13.300000000000011,2.1243732866587077,3.0597748618326426,1.4885664371933274
-13.400000000000011,13.400000000000011,2.1303486149746993,3.0618390135919413,1.479581167369138
-13.50000000000001,13.50000000000001,2.1303486149746993,3.0618390135919413,1.479581167369138
-13.600000000000012,13.600000000000012,2.1303486149746993,3.0618390135919413,1.479581167369138
-13.700000000000012,13.700000000000012,2.137303693780546,3.0636690332412635,1.4712038100758078
-13.800000000000011,13.800000000000011,2.137303693780546,3.0636690332412635,1.4712038100758078
-13.900000000000011,13.900000000000011,2.137303693780546,3.0636690332412635,1.4712038100758078
-14.00000000000001,14.00000000000001,2.137303693780546,3.0636690332412635,1.4712038100758078
-14.100000000000012,14.100000000000012,2.142363040576958,3.065160497036665,1.4628232986538938
-14.200000000000012,14.200000000000012,2.142363040576958,3.065160497036665,1.4628232986538938
-14.300000000000011,14.300000000000011,2.142363040576958,3.065160497036665,1.4628232986538938
-14.400000000000013,14.400000000000013,2.1475962440574707,3.066945729369393,1.4545861895233285
-14.500000000000012,14.500000000000012,2.1475962440574707,3.066945729369393,1.4545861895233285
-14.600000000000012,14.600000000000012,2.1475962440574707,3.066945729369393,1.4545861895233285
-14.700000000000012,14.700000000000012,2.1475962440574707,3.066945729369393,1.4545861895233285
-14.800000000000011,14.800000000000011,2.152134364332036,3.068614890028424,1.4466624091542395
-14.900000000000013,14.900000000000013,2.152134364332036,3.068614890028424,1.4466624091542395
-15.000000000000012,15.000000000000012,2.152134364332036,3.068614890028424,1.4466624091542395
-15.100000000000012,15.100000000000012,2.156505590596227,3.070058199800024,1.438333956852411
-15.200000000000014,15.200000000000014,2.156505590596227,3.070058199800024,1.438333956852411
-15.300000000000013,15.300000000000013,2.156505590596227,3.070058199800024,1.438333956852411
-15.400000000000013,15.400000000000013,2.156505590596227,3.070058199800024,1.438333956852411
-15.500000000000012,15.500000000000012,2.1611233273144137,3.07162479966976,1.4301552633700056
-15.600000000000012,15.600000000000012,2.1611233273144137,3.07162479966976,1.4301552633700056
-15.700000000000014,15.700000000000014,2.1611233273144137,3.07162479966976,1.4301552633700056
-15.800000000000013,15.800000000000013,2.16454712052924,3.0728734804741666,1.420059923911586
-15.900000000000013,15.900000000000013,2.16454712052924,3.0728734804741666,1.420059923911586
-16.000000000000014,16.000000000000014,2.16454712052924,3.0728734804741666,1.420059923911586
-16.100000000000016,16.100000000000016,2.16454712052924,3.0728734804741666,1.420059923911586
-16.200000000000014,16.200000000000014,2.167588188323745,3.074019905607851,1.4097650106649653
-16.30000000000001,16.30000000000001,2.167588188323745,3.074019905607851,1.4097650106649653
-16.400000000000013,16.400000000000013,2.167588188323745,3.074019905607851,1.4097650106649653
-16.500000000000014,16.500000000000014,2.1702018797110836,3.0745915560984454,1.400654703497189
-16.600000000000016,16.600000000000016,2.1702018797110836,3.0745915560984454,1.400654703497189
-16.700000000000014,16.700000000000014,2.1702018797110836,3.0745915560984454,1.400654703497189
-16.800000000000015,16.800000000000015,2.1702018797110836,3.0745915560984454,1.400654703497189
-16.900000000000013,16.900000000000013,2.1727739615547335,3.0761419179525817,1.391905492240534
-17.000000000000014,17.000000000000014,2.1727739615547335,3.0761419179525817,1.391905492240534
-17.100000000000016,17.100000000000016,2.1727739615547335,3.0761419179525817,1.391905492240534
-17.200000000000014,17.200000000000014,2.1754271129854916,3.07714289219873,1.3833144918467717
-17.300000000000015,17.300000000000015,2.1754271129854916,3.07714289219873,1.3833144918467717
-17.400000000000013,17.400000000000013,2.1754271129854916,3.07714289219873,1.3833144918467717
-17.500000000000014,17.500000000000014,2.1754271129854916,3.07714289219873,1.3833144918467717
-17.600000000000016,17.600000000000016,2.1788297039874305,3.0796963849244436,1.3756740913442254
-17.700000000000014,17.700000000000014,2.1788297039874305,3.0796963849244436,1.3756740913442254
-17.800000000000015,17.800000000000015,2.1788297039874305,3.0796963849244436,1.3756740913442254
-17.900000000000016,17.900000000000016,2.18204005747238,3.081440574282116,1.367856628442145
-18.000000000000014,18.000000000000014,2.18204005747238,3.081440574282116,1.367856628442145
-18.100000000000016,18.100000000000016,2.18204005747238,3.081440574282116,1.367856628442145
-18.200000000000017,18.200000000000017,2.18204005747238,3.081440574282116,1.367856628442145
-18.300000000000015,18.300000000000015,2.185011250996987,3.083324348214437,1.3599073890696476
-18.400000000000016,18.400000000000016,2.185011250996987,3.083324348214437,1.3599073890696476
-18.500000000000014,18.500000000000014,2.185011250996987,3.083324348214437,1.3599073890696476
-18.600000000000016,18.600000000000016,2.1889137505084393,3.0860189909165503,1.3521506931942076
-18.700000000000017,18.700000000000017,2.1889137505084393,3.0860189909165503,1.3521506931942076
-18.800000000000015,18.800000000000015,2.1889137505084393,3.0860189909165503,1.3521506931942076
-18.900000000000016,18.900000000000016,2.1889137505084393,3.0860189909165503,1.3521506931942076
-19.000000000000014,19.000000000000014,2.192683503143796,3.0889299466110143,1.343800467319443
-19.100000000000016,19.100000000000016,2.192683503143796,3.0889299466110143,1.343800467319443
-19.200000000000017,19.200000000000017,2.192683503143796,3.0889299466110143,1.343800467319443
-19.300000000000015,19.300000000000015,2.1966360350871894,3.092108240776138,1.335680141435056
-19.400000000000016,19.400000000000016,2.1966360350871894,3.092108240776138,1.335680141435056
-19.500000000000018,19.500000000000018,2.1966360350871894,3.092108240776138,1.335680141435056
-19.600000000000016,19.600000000000016,2.1966360350871894,3.092108240776138,1.335680141435056
-19.700000000000017,19.700000000000017,2.2002989619172015,3.095812325934053,1.327423799601986
-19.80000000000002,19.80000000000002,2.2002989619172015,3.095812325934053,1.327423799601986
-19.900000000000016,19.900000000000016,2.2002989619172015,3.095812325934053,1.327423799601986
-20.000000000000018,20.000000000000018,2.2032028614837533,3.098962370491645,1.3186685556807476
-20.100000000000016,20.100000000000016,2.2032028614837533,3.098962370491645,1.3186685556807476
-20.200000000000017,20.200000000000017,2.2032028614837533,3.098962370491645,1.3186685556807476
-20.30000000000002,20.30000000000002,2.2032028614837533,3.098962370491645,1.3186685556807476
-20.400000000000016,20.400000000000016,2.205977593094164,3.1018534985199064,1.3101525595007764
-20.500000000000018,20.500000000000018,2.205977593094164,3.1018534985199064,1.3101525595007764
-20.600000000000016,20.600000000000016,2.205977593094164,3.1018534985199064,1.3101525595007764
-20.700000000000017,20.700000000000017,2.208402230772544,3.1050430352498326,1.3018580949237262
-20.80000000000002,20.80000000000002,2.208402230772544,3.1050430352498326,1.3018580949237262
-20.900000000000016,20.900000000000016,2.208402230772544,3.1050430352498326,1.3018580949237262
-21.000000000000018,21.000000000000018,2.208402230772544,3.1050430352498326,1.3018580949237262
-21.10000000000002,21.10000000000002,2.2112261349248667,3.1095693054107976,1.29346902048229
-21.200000000000017,21.200000000000017,2.2112261349248667,3.1095693054107976,1.29346902048229
-21.30000000000002,21.30000000000002,2.2112261349248667,3.1095693054107976,1.29346902048229
-21.40000000000002,21.40000000000002,2.214150335509886,3.114375316098727,1.2847830795916786
-21.500000000000018,21.500000000000018,2.214150335509886,3.114375316098727,1.2847830795916786
-21.60000000000002,21.60000000000002,2.214150335509886,3.114375316098727,1.2847830795916786
-21.700000000000017,21.700000000000017,2.214150335509886,3.114375316098727,1.2847830795916786
-21.80000000000002,21.80000000000002,2.2178832755477558,3.1209738077709153,1.276067369575829
-21.90000000000002,21.90000000000002,2.2178832755477558,3.1209738077709153,1.276067369575829
-22.000000000000018,22.000000000000018,2.2178832755477558,3.1209738077709153,1.276067369575829
-22.10000000000002,22.10000000000002,2.221692291034064,3.127578888819321,1.2671811010506562
-22.200000000000017,22.200000000000017,2.221692291034064,3.127578888819321,1.2671811010506562
-22.30000000000002,22.30000000000002,2.221692291034064,3.127578888819321,1.2671811010506562
-22.40000000000002,22.40000000000002,2.221692291034064,3.127578888819321,1.2671811010506562
-22.500000000000018,22.500000000000018,2.2261947524244565,3.1358266181638905,1.2587185442415096
-22.60000000000002,22.60000000000002,2.2261947524244565,3.1358266181638905,1.2587185442415096
-22.70000000000002,22.70000000000002,2.2261947524244565,3.1358266181638905,1.2587185442415096
-22.80000000000002,22.80000000000002,2.231551502744419,3.14480334205953,1.2509310304742582
-22.90000000000002,22.90000000000002,2.231551502744419,3.14480334205953,1.2509310304742582
-23.00000000000002,23.00000000000002,2.231551502744419,3.14480334205953,1.2509310304742582
-23.10000000000002,23.10000000000002,2.231551502744419,3.14480334205953,1.2509310304742582
-23.20000000000002,23.20000000000002,2.2371554883908673,3.1536983403220735,1.2433867396830824
-23.30000000000002,23.30000000000002,2.2371554883908673,3.1536983403220735,1.2433867396830824
-23.40000000000002,23.40000000000002,2.2371554883908673,3.1536983403220735,1.2433867396830824
-23.50000000000002,23.50000000000002,2.242959944700364,3.162571811373633,1.2362049825683878
-23.60000000000002,23.60000000000002,2.242959944700364,3.162571811373633,1.2362049825683878
-23.70000000000002,23.70000000000002,2.242959944700364,3.162571811373633,1.2362049825683878
-23.80000000000002,23.80000000000002,2.242959944700364,3.162571811373633,1.2362049825683878
-23.90000000000002,23.90000000000002,2.2493139769876587,3.1714779187549946,1.2290955689039824
-24.00000000000002,24.00000000000002,2.2493139769876587,3.1714779187549946,1.2290955689039824
-24.10000000000002,24.10000000000002,2.2493139769876587,3.1714779187549946,1.2290955689039824
-24.20000000000002,24.20000000000002,2.256198504488892,3.1803607222311,1.2221296736210452
-24.300000000000022,24.300000000000022,2.256198504488892,3.1803607222311,1.2221296736210452
-24.40000000000002,24.40000000000002,2.256198504488892,3.1803607222311,1.2221296736210452
-24.50000000000002,24.50000000000002,2.256198504488892,3.1803607222311,1.2221296736210452
-24.600000000000023,24.600000000000023,2.2629077625788314,3.188050525585744,1.2149975573223788
-24.70000000000002,24.70000000000002,2.2629077625788314,3.188050525585744,1.2149975573223788
-24.800000000000022,24.800000000000022,2.2629077625788314,3.188050525585744,1.2149975573223788
-24.90000000000002,24.90000000000002,2.270040815082436,3.195102714920103,1.207866855249005
-25.00000000000002,25.00000000000002,2.270040815082436,3.195102714920103,1.207866855249005
-25.100000000000023,25.100000000000023,2.270040815082436,3.195102714920103,1.207866855249005
-25.20000000000002,25.20000000000002,2.270040815082436,3.195102714920103,1.207866855249005
-25.300000000000022,25.300000000000022,2.277845731359359,3.201943156496862,1.2009673915962722
-25.40000000000002,25.40000000000002,2.277845731359359,3.201943156496862,1.2009673915962722
-25.50000000000002,25.50000000000002,2.277845731359359,3.201943156496862,1.2009673915962722
-25.600000000000023,25.600000000000023,2.2864116415481965,3.2098180918806642,1.1944971202977663
-25.70000000000002,25.70000000000002,2.2864116415481965,3.2098180918806642,1.1944971202977663
-25.800000000000022,25.800000000000022,2.2864116415481965,3.2098180918806642,1.1944971202977663
-25.900000000000023,25.900000000000023,2.2864116415481965,3.2098180918806642,1.1944971202977663
-26.00000000000002,26.00000000000002,2.296062955103451,3.219195020757684,1.1888350207988947
-26.100000000000023,26.100000000000023,2.296062955103451,3.219195020757684,1.1888350207988947
-26.200000000000024,26.200000000000024,2.296062955103451,3.219195020757684,1.1888350207988947
-26.300000000000022,26.300000000000022,2.3058968813242418,3.228604571755827,1.1834916752599873
-26.400000000000023,26.400000000000023,2.3058968813242418,3.228604571755827,1.1834916752599873
-26.50000000000002,26.50000000000002,2.3058968813242418,3.228604571755827,1.1834916752599873
-26.600000000000023,26.600000000000023,2.3058968813242418,3.228604571755827,1.1834916752599873
-26.700000000000024,26.700000000000024,2.316648287321744,3.238593081663181,1.1792482479239057
-26.800000000000022,26.800000000000022,2.316648287321744,3.238593081663181,1.1792482479239057
-26.900000000000023,26.900000000000023,2.316648287321744,3.238593081663181,1.1792482479239057
-27.00000000000002,27.00000000000002,2.327682662459746,3.248474132820787,1.1746281015399982
-27.100000000000023,27.100000000000023,2.327682662459746,3.248474132820787,1.1746281015399982
-27.200000000000024,27.200000000000024,2.327682662459746,3.248474132820787,1.1746281015399982
-27.300000000000022,27.300000000000022,2.327682662459746,3.248474132820787,1.1746281015399982
-27.400000000000023,27.400000000000023,2.3391841418545933,3.2580998162057595,1.1698958446554222
-27.500000000000025,27.500000000000025,2.3391841418545933,3.2580998162057595,1.1698958446554222
-27.600000000000023,27.600000000000023,2.3391841418545933,3.2580998162057595,1.1698958446554222
-27.700000000000024,27.700000000000024,2.351208448045442,3.267440066478129,1.165630505835759
-27.800000000000026,27.800000000000026,2.351208448045442,3.267440066478129,1.165630505835759
-27.900000000000023,27.900000000000023,2.351208448045442,3.267440066478129,1.165630505835759
-28.000000000000025,28.000000000000025,2.351208448045442,3.267440066478129,1.165630505835759
-28.100000000000023,28.100000000000023,2.3638073565782447,3.2764743754505923,1.161099617534678
-28.200000000000024,28.200000000000024,2.3638073565782447,3.2764743754505923,1.161099617534678
-28.300000000000026,28.300000000000026,2.3638073565782447,3.2764743754505923,1.161099617534678
-28.400000000000023,28.400000000000023,2.376969382467527,3.285514675068428,1.156897447820442
-28.500000000000025,28.500000000000025,2.376969382467527,3.285514675068428,1.156897447820442
-28.600000000000023,28.600000000000023,2.376969382467527,3.285514675068428,1.156897447820442
-28.700000000000024,28.700000000000024,2.376969382467527,3.285514675068428,1.156897447820442
-28.800000000000026,28.800000000000026,2.390585056473725,3.294146063559471,1.152875218115087
-28.900000000000023,28.900000000000023,2.390585056473725,3.294146063559471,1.152875218115087
-29.000000000000025,29.000000000000025,2.390585056473725,3.294146063559471,1.152875218115087
-29.100000000000026,29.100000000000026,2.4044589070849307,3.302057889645317,1.1487060755559506
-29.200000000000024,29.200000000000024,2.4044589070849307,3.302057889645317,1.1487060755559506
-29.300000000000026,29.300000000000026,2.4044589070849307,3.302057889645317,1.1487060755559506
-29.400000000000027,29.400000000000027,2.4044589070849307,3.302057889645317,1.1487060755559506
-29.500000000000025,29.500000000000025,2.419142678355347,3.309792745915257,1.1446998492980625
-29.600000000000026,29.600000000000026,2.419142678355347,3.309792745915257,1.1446998492980625
-29.700000000000024,29.700000000000024,2.419142678355347,3.309792745915257,1.1446998492980625
-29.800000000000026,29.800000000000026,2.4347315120331507,3.318379228455876,1.143145188508354
-29.900000000000027,29.900000000000027,2.4347315120331507,3.318379228455876,1.143145188508354
-30.000000000000025,30.000000000000025,2.4347315120331507,3.318379228455876,1.143145188508354
-30.100000000000026,30.100000000000026,2.4347315120331507,3.318379228455876,1.143145188508354
-30.200000000000024,30.200000000000024,2.450832548592787,3.3265216436552576,1.1419319967301944
-30.300000000000026,30.300000000000026,2.450832548592787,3.3265216436552576,1.1419319967301944
-30.400000000000027,30.400000000000027,2.450832548592787,3.3265216436552576,1.1419319967301944
-30.500000000000025,30.500000000000025,2.4674305813310995,3.3342407893148116,1.1412405229334897
-30.600000000000026,30.600000000000026,2.4674305813310995,3.3342407893148116,1.1412405229334897
-30.700000000000028,30.700000000000028,2.4674305813310995,3.3342407893148116,1.1412405229334897
-30.800000000000026,30.800000000000026,2.4674305813310995,3.3342407893148116,1.1412405229334897
-30.900000000000027,30.900000000000027,2.4838457310352604,3.339393938852709,1.1394372747762165
-31.00000000000003,31.00000000000003,2.4838457310352604,3.339393938852709,1.1394372747762165
-31.100000000000026,31.100000000000026,2.4838457310352604,3.339393938852709,1.1394372747762165
-31.200000000000028,31.200000000000028,2.500121752314584,3.3423880572904414,1.1369321671330903
-31.300000000000026,31.300000000000026,2.500121752314584,3.3423880572904414,1.1369321671330903
-31.400000000000027,31.400000000000027,2.500121752314584,3.3423880572904414,1.1369321671330903
-31.50000000000003,31.50000000000003,2.500121752314584,3.3423880572904414,1.1369321671330903
-31.600000000000026,31.600000000000026,2.516911169597678,3.344890446642032,1.1342694027378146
-31.700000000000028,31.700000000000028,2.516911169597678,3.344890446642032,1.1342694027378146
-31.800000000000026,31.800000000000026,2.516911169597678,3.344890446642032,1.1342694027378146
-31.900000000000027,31.900000000000027,2.5340086466280884,3.3463266418801774,1.1312368003753352
-32.00000000000003,32.00000000000003,2.5340086466280884,3.3463266418801774,1.1312368003753352
-32.10000000000002,32.10000000000002,2.5340086466280884,3.3463266418801774,1.1312368003753352
-32.20000000000003,32.20000000000003,2.5340086466280884,3.3463266418801774,1.1312368003753352
-32.300000000000026,32.300000000000026,2.553090905911619,3.346971924377184,1.127624045175592
-32.40000000000003,32.40000000000003,2.553090905911619,3.346971924377184,1.127624045175592
-32.50000000000003,32.50000000000003,2.553090905911619,3.346971924377184,1.127624045175592
-32.60000000000003,32.60000000000003,2.574314975325313,3.3481193425713927,1.124330286721441
-32.70000000000003,32.70000000000003,2.574314975325313,3.3481193425713927,1.124330286721441
-32.800000000000026,32.800000000000026,2.574314975325313,3.3481193425713927,1.124330286721441
-32.90000000000003,32.90000000000003,2.574314975325313,3.3481193425713927,1.124330286721441
-33.00000000000003,33.00000000000003,2.595881007209874,3.348080668562295,1.120307816317365
-33.10000000000003,33.10000000000003,2.595881007209874,3.348080668562295,1.120307816317365
-33.20000000000003,33.20000000000003,2.595881007209874,3.348080668562295,1.120307816317365
-33.300000000000026,33.300000000000026,2.618356702072319,3.347702813365978,1.116083193379938
-33.40000000000003,33.40000000000003,2.618356702072319,3.347702813365978,1.116083193379938
-33.50000000000003,33.50000000000003,2.618356702072319,3.347702813365978,1.116083193379938
-33.60000000000003,33.60000000000003,2.618356702072319,3.347702813365978,1.116083193379938
-33.70000000000003,33.70000000000003,2.6432966293302806,3.3478286379762308,1.1122327152987181
-33.800000000000026,33.800000000000026,2.6432966293302806,3.3478286379762308,1.1122327152987181
-33.90000000000003,33.90000000000003,2.6432966293302806,3.3478286379762308,1.1122327152987181
-34.00000000000003,34.00000000000003,2.668711852237618,3.3477425374843457,1.1086153186509689
-34.10000000000003,34.10000000000003,2.668711852237618,3.3477425374843457,1.1086153186509689
-34.20000000000003,34.20000000000003,2.668711852237618,3.3477425374843457,1.1086153186509689
-34.30000000000003,34.30000000000003,2.668711852237618,3.3477425374843457,1.1086153186509689
-34.40000000000003,34.40000000000003,2.6947825881407343,3.3475004043412886,1.10491450937154
-34.50000000000003,34.50000000000003,2.6947825881407343,3.3475004043412886,1.10491450937154
-34.60000000000003,34.60000000000003,2.6947825881407343,3.3475004043412886,1.10491450937154
-34.70000000000003,34.70000000000003,2.723986072072633,3.3485490648157743,1.1017941490613907
-34.80000000000003,34.80000000000003,2.723986072072633,3.3485490648157743,1.1017941490613907
-34.90000000000003,34.90000000000003,2.723986072072633,3.3485490648157743,1.1017941490613907
-35.00000000000003,35.00000000000003,2.723986072072633,3.3485490648157743,1.1017941490613907
-35.10000000000003,35.10000000000003,2.7537754693505287,3.3495448952129383,1.0986541349304884
-35.20000000000003,35.20000000000003,2.7537754693505287,3.3495448952129383,1.0986541349304884
-35.30000000000003,35.30000000000003,2.7537754693505287,3.3495448952129383,1.0986541349304884
-35.400000000000034,35.400000000000034,2.7840426787038024,3.3502298601742586,1.0952159573083469
-35.50000000000003,35.50000000000003,2.7840426787038024,3.3502298601742586,1.0952159573083469
-35.60000000000003,35.60000000000003,2.7840426787038024,3.3502298601742586,1.0952159573083469
-35.70000000000003,35.70000000000003,2.7840426787038024,3.3502298601742586,1.0952159573083469
-35.80000000000003,35.80000000000003,2.8141401069720042,3.3497261624495267,1.090902651891643
-35.900000000000034,35.900000000000034,2.8141401069720042,3.3497261624495267,1.090902651891643
-36.00000000000003,36.00000000000003,2.8141401069720042,3.3497261624495267,1.090902651891643
-36.10000000000003,36.10000000000003,2.8446429472318258,3.348476296955742,1.0858496023394166
-36.20000000000003,36.20000000000003,2.8446429472318258,3.348476296955742,1.0858496023394166
-36.30000000000003,36.30000000000003,2.8446429472318258,3.348476296955742,1.0858496023394166
-36.400000000000034,36.400000000000034,2.8446429472318258,3.348476296955742,1.0858496023394166
-36.50000000000003,36.50000000000003,2.8762241918565326,3.3479719676181103,1.0812623480333428
-36.60000000000003,36.60000000000003,2.8762241918565326,3.3479719676181103,1.0812623480333428
-36.70000000000003,36.70000000000003,2.8762241918565326,3.3479719676181103,1.0812623480333428
-36.80000000000003,36.80000000000003,2.907737668832402,3.345916799629514,1.0752523900220081
-36.900000000000034,36.900000000000034,2.907737668832402,3.345916799629514,1.0752523900220081
-37.00000000000003,37.00000000000003,2.907737668832402,3.345916799629514,1.0752523900220081
-37.10000000000003,37.10000000000003,2.907737668832402,3.345916799629514,1.0752523900220081
-37.20000000000003,37.20000000000003,2.9394817717832438,3.34437104257061,1.0694752378722765
-37.30000000000003,37.30000000000003,2.9394817717832438,3.34437104257061,1.0694752378722765
-37.400000000000034,37.400000000000034,2.9394817717832438,3.34437104257061,1.0694752378722765
-37.500000000000036,37.500000000000036,2.971019767535843,3.3438365737399667,1.0644003532743498
-37.60000000000003,37.60000000000003,2.971019767535843,3.3438365737399667,1.0644003532743498
-37.70000000000003,37.70000000000003,2.971019767535843,3.3438365737399667,1.0644003532743498
-37.80000000000003,37.80000000000003,2.971019767535843,3.3438365737399667,1.0644003532743498
-37.900000000000034,37.900000000000034,3.0030820883311997,3.34248586198095,1.0587123950177333
-38.000000000000036,38.000000000000036,3.0030820883311997,3.34248586198095,1.0587123950177333
-38.10000000000003,38.10000000000003,3.0030820883311997,3.34248586198095,1.0587123950177333
-38.20000000000003,38.20000000000003,3.0353704791096456,3.3407652091218636,1.0525554905223418
-38.30000000000003,38.30000000000003,3.0353704791096456,3.3407652091218636,1.0525554905223418
-38.400000000000034,38.400000000000034,3.0353704791096456,3.3407652091218636,1.0525554905223418
-38.500000000000036,38.500000000000036,3.0353704791096456,3.3407652091218636,1.0525554905223418
-38.60000000000004,38.60000000000004,3.0685302593386714,3.3386161538792285,1.046273362686999
-38.70000000000003,38.70000000000003,3.0685302593386714,3.3386161538792285,1.046273362686999
-38.80000000000003,38.80000000000003,3.0685302593386714,3.3386161538792285,1.046273362686999
-38.900000000000034,38.900000000000034,3.102426751735717,3.335879588763052,1.0395410020409277
-39.000000000000036,39.000000000000036,3.102426751735717,3.335879588763052,1.0395410020409277
-39.10000000000004,39.10000000000004,3.102426751735717,3.335879588763052,1.0395410020409277
-39.20000000000003,39.20000000000003,3.102426751735717,3.335879588763052,1.0395410020409277
-39.30000000000003,39.30000000000003,3.137130910544221,3.333459131673349,1.0331059053164577
-39.400000000000034,39.400000000000034,3.137130910544221,3.333459131673349,1.0331059053164577
-39.500000000000036,39.500000000000036,3.137130910544221,3.333459131673349,1.0331059053164577
-39.60000000000004,39.60000000000004,3.1724314412805446,3.3314744658590927,1.0267921027049953
-39.70000000000003,39.70000000000003,3.1724314412805446,3.3314744658590927,1.0267921027049953
-39.80000000000003,39.80000000000003,3.1724314412805446,3.3314744658590927,1.0267921027049953
-39.900000000000034,39.900000000000034,3.1724314412805446,3.3314744658590927,1.0267921027049953
-40.000000000000036,40.000000000000036,3.2084236255316516,3.329641553274419,1.0204654799224473
-40.10000000000004,40.10000000000004,3.2084236255316516,3.329641553274419,1.0204654799224473
-40.20000000000003,40.20000000000003,3.2084236255316516,3.329641553274419,1.0204654799224473
-40.30000000000003,40.30000000000003,3.244694963077906,3.3283383013570815,1.0142799674161727
-40.400000000000034,40.400000000000034,3.244694963077906,3.3283383013570815,1.0142799674161727
-40.500000000000036,40.500000000000036,3.244694963077906,3.3283383013570815,1.0142799674161727
-40.60000000000004,40.60000000000004,3.244694963077906,3.3283383013570815,1.0142799674161727
-40.70000000000004,40.70000000000004,3.2811152439624265,3.3274158267471816,1.0084370482741978
-40.80000000000003,40.80000000000003,3.2811152439624265,3.3274158267471816,1.0084370482741978
-40.900000000000034,40.900000000000034,3.2811152439624265,3.3274158267471816,1.0084370482741978
-41.000000000000036,41.000000000000036,3.316975637835202,3.3256648366131327,1.0022329163205368
-41.10000000000004,41.10000000000004,3.316975637835202,3.3256648366131327,1.0022329163205368
-41.20000000000004,41.20000000000004,3.316975637835202,3.3256648366131327,1.0022329163205368
-41.30000000000003,41.30000000000003,3.316975637835202,3.3256648366131327,1.0022329163205368
-41.400000000000034,41.400000000000034,3.352783495777352,3.321927877927077,0.9950456581096283
-41.500000000000036,41.500000000000036,3.352783495777352,3.321927877927077,0.9950456581096283
-41.60000000000004,41.60000000000004,3.352783495777352,3.321927877927077,0.9950456581096283
-41.70000000000004,41.70000000000004,3.3880239977745332,3.3174353468247917,0.9874528874503721
-41.80000000000004,41.80000000000004,3.3880239977745332,3.3174353468247917,0.9874528874503721
-41.900000000000034,41.900000000000034,3.3880239977745332,3.3174353468247917,0.9874528874503721
-42.000000000000036,42.000000000000036,3.3880239977745332,3.3174353468247917,0.9874528874503721
-42.10000000000004,42.10000000000004,3.4235367752301262,3.3115618190299867,0.9787804975217385
-42.20000000000004,42.20000000000004,3.4235367752301262,3.3115618190299867,0.9787804975217385
-42.30000000000004,42.30000000000004,3.4235367752301262,3.3115618190299867,0.9787804975217385
-42.400000000000034,42.400000000000034,3.459235515567607,3.3053702749988765,0.9694727212750804
-42.500000000000036,42.500000000000036,3.459235515567607,3.3053702749988765,0.9694727212750804
-42.60000000000004,42.60000000000004,3.459235515567607,3.3053702749988765,0.9694727212750804
-42.70000000000004,42.70000000000004,3.459235515567607,3.3053702749988765,0.9694727212750804
-42.80000000000004,42.80000000000004,3.4956504251108953,3.2992297137276965,0.9600464204453115
-42.900000000000034,42.900000000000034,3.4956504251108953,3.2992297137276965,0.9600464204453115
-43.000000000000036,43.000000000000036,3.4956504251108953,3.2992297137276965,0.9600464204453115
-43.10000000000004,43.10000000000004,3.5324807339896283,3.293483815308567,0.9506793216905101
-43.20000000000004,43.20000000000004,3.5324807339896283,3.293483815308567,0.9506793216905101
-43.30000000000004,43.30000000000004,3.5324807339896283,3.293483815308567,0.9506793216905101
-43.400000000000034,43.400000000000034,3.5324807339896283,3.293483815308567,0.9506793216905101
-43.500000000000036,43.500000000000036,3.57041788365215,3.2880229727155235,0.9410672238448325
-43.60000000000004,43.60000000000004,3.57041788365215,3.2880229727155235,0.9410672238448325
-43.70000000000004,43.70000000000004,3.57041788365215,3.2880229727155235,0.9410672238448325
-43.80000000000004,43.80000000000004,3.6088327472378414,3.2823457497576722,0.9310673145915204
-43.90000000000004,43.90000000000004,3.6088327472378414,3.2823457497576722,0.9310673145915204
-44.000000000000036,44.000000000000036,3.6088327472378414,3.2823457497576722,0.9310673145915204
-44.10000000000004,44.10000000000004,3.6088327472378414,3.2823457497576722,0.9310673145915204
-44.20000000000004,44.20000000000004,3.6473011681505736,3.276706834528673,0.9211497268368269
-44.30000000000004,44.30000000000004,3.6473011681505736,3.276706834528673,0.9211497268368269
-44.40000000000004,44.40000000000004,3.6473011681505736,3.276706834528673,0.9211497268368269
-44.500000000000036,44.500000000000036,3.6859993659860613,3.2713242126306614,0.911403490822887
-44.60000000000004,44.60000000000004,3.6859993659860613,3.2713242126306614,0.911403490822887
-44.70000000000004,44.70000000000004,3.6859993659860613,3.2713242126306614,0.911403490822887
-44.80000000000004,44.80000000000004,3.6859993659860613,3.2713242126306614,0.911403490822887
-44.90000000000004,44.90000000000004,3.7247936752752917,3.2654704837259265,0.9012100243378438
-45.00000000000004,45.00000000000004,3.7247936752752917,3.2654704837259265,0.9012100243378438
-45.10000000000004,45.10000000000004,3.7247936752752917,3.2654704837259265,0.9012100243378438
-45.20000000000004,45.20000000000004,3.7631393181403765,3.2595286903847174,0.8913103363619621
-45.30000000000004,45.30000000000004,3.7631393181403765,3.2595286903847174,0.8913103363619621
-45.40000000000004,45.40000000000004,3.7631393181403765,3.2595286903847174,0.8913103363619621
-45.50000000000004,45.50000000000004,3.7631393181403765,3.2595286903847174,0.8913103363619621
-45.60000000000004,45.60000000000004,3.802065230822529,3.2539148856511484,0.8812373026735264
-45.70000000000004,45.70000000000004,3.802065230822529,3.2539148856511484,0.8812373026735264
-45.80000000000004,45.80000000000004,3.802065230822529,3.2539148856511484,0.8812373026735264
-45.90000000000004,45.90000000000004,3.8409523171776567,3.247372962726682,0.8705128250002805
-46.00000000000004,46.00000000000004,3.8409523171776567,3.247372962726682,0.8705128250002805
-46.10000000000004,46.10000000000004,3.8409523171776567,3.247372962726682,0.8705128250002805
-46.20000000000004,46.20000000000004,3.8409523171776567,3.247372962726682,0.8705128250002805
-46.30000000000004,46.30000000000004,3.880685666345188,3.240582146176703,0.8591544346947849
-46.40000000000004,46.40000000000004,3.880685666345188,3.240582146176703,0.8591544346947849
-46.50000000000004,46.50000000000004,3.880685666345188,3.240582146176703,0.8591544346947849
-46.60000000000004,46.60000000000004,3.9213530534455354,3.2337230213061523,0.847450291312688
-46.70000000000004,46.70000000000004,3.9213530534455354,3.2337230213061523,0.847450291312688
-46.80000000000004,46.80000000000004,3.9213530534455354,3.2337230213061523,0.847450291312688
-46.90000000000004,46.90000000000004,3.9213530534455354,3.2337230213061523,0.847450291312688
-47.00000000000004,47.00000000000004,3.9625543650816692,3.2265471138706006,0.8351624388982261
-47.100000000000044,47.100000000000044,3.9625543650816692,3.2265471138706006,0.8351624388982261
-47.20000000000004,47.20000000000004,3.9625543650816692,3.2265471138706006,0.8351624388982261
-47.30000000000004,47.30000000000004,4.0036766436351074,3.2188861475320514,0.8222584585837917
-47.40000000000004,47.40000000000004,4.0036766436351074,3.2188861475320514,0.8222584585837917
-47.50000000000004,47.50000000000004,4.0036766436351074,3.2188861475320514,0.8222584585837917
-47.600000000000044,47.600000000000044,4.0036766436351074,3.2188861475320514,0.8222584585837917
-47.70000000000004,47.70000000000004,4.04495386546945,3.21058530674645,0.8087682094966712
-47.80000000000004,47.80000000000004,4.04495386546945,3.21058530674645,0.8087682094966712
-47.90000000000004,47.90000000000004,4.04495386546945,3.21058530674645,0.8087682094966712
-48.00000000000004,48.00000000000004,4.085720757738825,3.202144433937044,0.7954733719793997
-48.100000000000044,48.100000000000044,4.085720757738825,3.202144433937044,0.7954733719793997
-48.200000000000045,48.200000000000045,4.085720757738825,3.202144433937044,0.7954733719793997
-48.30000000000004,48.30000000000004,4.085720757738825,3.202144433937044,0.7954733719793997
-48.40000000000004,48.40000000000004,4.126711353860573,3.19306322011375,0.7817738155698837
-48.50000000000004,48.50000000000004,4.126711353860573,3.19306322011375,0.7817738155698837
-48.600000000000044,48.600000000000044,4.126711353860573,3.19306322011375,0.7817738155698837
-48.700000000000045,48.700000000000045,4.168180008316152,3.183001450588126,0.7670337058383673
-48.80000000000004,48.80000000000004,4.168180008316152,3.183001450588126,0.7670337058383673
-48.90000000000004,48.90000000000004,4.168180008316152,3.183001450588126,0.7670337058383673
-49.00000000000004,49.00000000000004,4.168180008316152,3.183001450588126,0.7670337058383673
-49.100000000000044,49.100000000000044,4.210559821278759,3.172031838969256,0.7512294890500717
-49.200000000000045,49.200000000000045,4.210559821278759,3.172031838969256,0.7512294890500717
-49.30000000000004,49.30000000000004,4.210559821278759,3.172031838969256,0.7512294890500717
-49.40000000000004,49.40000000000004,4.253028384760276,3.1600024765957397,0.7345967906750671
-49.50000000000004,49.50000000000004,4.253028384760276,3.1600024765957397,0.7345967906750671
-49.600000000000044,49.600000000000044,4.253028384760276,3.1600024765957397,0.7345967906750671
-49.700000000000045,49.700000000000045,4.253028384760276,3.1600024765957397,0.7345967906750671
-49.80000000000004,49.80000000000004,4.296551963836179,3.1468155681137353,0.7167684957876416
-49.90000000000004,49.90000000000004,4.296551963836179,3.1468155681137353,0.7167684957876416
-50.00000000000004,50.00000000000004,4.296551963836179,3.1468155681137353,0.7167684957876416
-50.100000000000044,50.100000000000044,4.340325610184473,3.132563511834966,0.6981497852727935
-50.200000000000045,50.200000000000045,4.340325610184473,3.132563511834966,0.6981497852727935
-50.30000000000005,50.30000000000005,4.340325610184473,3.132563511834966,0.6981497852727935
-50.40000000000004,50.40000000000004,4.340325610184473,3.132563511834966,0.6981497852727935
-50.50000000000004,50.50000000000004,4.3837923139339825,3.11802742606333,0.6796436921019627
-50.600000000000044,50.600000000000044,4.3837923139339825,3.11802742606333,0.6796436921019627
-50.700000000000045,50.700000000000045,4.3837923139339825,3.11802742606333,0.6796436921019627
-50.80000000000005,50.80000000000005,4.426819717096771,3.1032416662745512,0.6609169134163225
-50.90000000000004,50.90000000000004,4.426819717096771,3.1032416662745512,0.6609169134163225
-51.00000000000004,51.00000000000004,4.426819717096771,3.1032416662745512,0.6609169134163225
-51.100000000000044,51.100000000000044,4.426819717096771,3.1032416662745512,0.6609169134163225
-51.200000000000045,51.200000000000045,4.469913176356815,3.08765065590475,0.6414776637033343
-51.30000000000005,51.30000000000005,4.469913176356815,3.08765065590475,0.6414776637033343
-51.40000000000005,51.40000000000005,4.469913176356815,3.08765065590475,0.6414776637033343
-51.50000000000004,51.50000000000004,4.513272974134071,3.071338734066483,0.6213969320182785
-51.600000000000044,51.600000000000044,4.513272974134071,3.071338734066483,0.6213969320182785
-51.700000000000045,51.700000000000045,4.513272974134071,3.071338734066483,0.6213969320182785
-51.80000000000005,51.80000000000005,4.513272974134071,3.071338734066483,0.6213969320182785
-51.90000000000005,51.90000000000005,4.557087194816882,3.0539181545356446,0.6003613858436176
-52.00000000000004,52.00000000000004,4.557087194816882,3.0539181545356446,0.6003613858436176
-52.100000000000044,52.100000000000044,4.557087194816882,3.0539181545356446,0.6003613858436176
-52.200000000000045,52.200000000000045,4.600657447342468,3.0362107696435414,0.5788017948629782
-52.30000000000005,52.30000000000005,4.600657447342468,3.0362107696435414,0.5788017948629782
-52.40000000000005,52.40000000000005,4.600657447342468,3.0362107696435414,0.5788017948629782
-52.50000000000004,52.50000000000004,4.600657447342468,3.0362107696435414,0.5788017948629782
-52.600000000000044,52.600000000000044,4.644755116569381,3.0174411956004406,0.5560236197470382
-52.700000000000045,52.700000000000045,4.644755116569381,3.0174411956004406,0.5560236197470382
-52.80000000000005,52.80000000000005,4.644755116569381,3.0174411956004406,0.5560236197470382
-52.90000000000005,52.90000000000005,4.689183690316448,2.9976395878119857,0.532436032298809
-53.00000000000004,53.00000000000004,4.689183690316448,2.9976395878119857,0.532436032298809
-53.100000000000044,53.100000000000044,4.689183690316448,2.9976395878119857,0.532436032298809
-53.200000000000045,53.200000000000045,4.689183690316448,2.9976395878119857,0.532436032298809
-53.30000000000005,53.30000000000005,4.734739836007215,2.9763268012553326,0.5072494891974572
-53.40000000000005,53.40000000000005,4.734739836007215,2.9763268012553326,0.5072494891974572
-53.50000000000005,53.50000000000005,4.734739836007215,2.9763268012553326,0.5072494891974572
-53.600000000000044,53.600000000000044,4.7806552110697185,2.9534441896400185,0.48079182531157516
-53.700000000000045,53.700000000000045,4.7806552110697185,2.9534441896400185,0.48079182531157516
-53.80000000000005,53.80000000000005,4.7806552110697185,2.9534441896400185,0.48079182531157516
-53.90000000000005,53.90000000000005,4.7806552110697185,2.9534441896400185,0.48079182531157516
-54.00000000000005,54.00000000000005,4.827101122288733,2.9294046336170156,0.45334695554982124
-54.100000000000044,54.100000000000044,4.827101122288733,2.9294046336170156,0.45334695554982124
-54.200000000000045,54.200000000000045,4.827101122288733,2.9294046336170156,0.45334695554982124
-54.30000000000005,54.30000000000005,4.87408722015998,2.9036279635211337,0.4243615891381082
-54.40000000000005,54.40000000000005,4.87408722015998,2.9036279635211337,0.4243615891381082
-54.50000000000005,54.50000000000005,4.87408722015998,2.9036279635211337,0.4243615891381082
-54.60000000000005,54.60000000000005,4.87408722015998,2.9036279635211337,0.4243615891381082
-54.700000000000045,54.700000000000045,4.922252015064228,2.8764358463907915,0.3942274068445669
-54.80000000000005,54.80000000000005,4.922252015064228,2.8764358463907915,0.3942274068445669
-54.90000000000005,54.90000000000005,4.922252015064228,2.8764358463907915,0.3942274068445669
-55.00000000000005,55.00000000000005,4.971407562021928,2.8481296052001115,0.3631790419298428
-55.10000000000005,55.10000000000005,4.971407562021928,2.8481296052001115,0.3631790419298428
-55.200000000000045,55.200000000000045,4.971407562021928,2.8481296052001115,0.3631790419298428
-55.30000000000005,55.30000000000005,4.971407562021928,2.8481296052001115,0.3631790419298428
-55.40000000000005,55.40000000000005,5.022537129742577,2.817865290001666,0.33059952781284246
-55.50000000000005,55.50000000000005,5.022537129742577,2.817865290001666,0.33059952781284246
-55.60000000000005,55.60000000000005,5.022537129742577,2.817865290001666,0.33059952781284246
-55.700000000000045,55.700000000000045,5.075126704984691,2.786338006242517,0.29702934650188756
-55.80000000000005,55.80000000000005,5.075126704984691,2.786338006242517,0.29702934650188756
-55.90000000000005,55.90000000000005,5.075126704984691,2.786338006242517,0.29702934650188756
-56.00000000000005,56.00000000000005,5.075126704984691,2.786338006242517,0.29702934650188756
-56.10000000000005,56.10000000000005,5.128334543515521,2.753605345256694,0.2620513417740341
-56.200000000000045,56.200000000000045,5.128334543515521,2.753605345256694,0.2620513417740341
-56.30000000000005,56.30000000000005,5.128334543515521,2.753605345256694,0.2620513417740341
-56.40000000000005,56.40000000000005,5.182379705125377,2.7198687353308517,0.22583928534363332
-56.50000000000005,56.50000000000005,5.182379705125377,2.7198687353308517,0.22583928534363332
-56.60000000000005,56.60000000000005,5.182379705125377,2.7198687353308517,0.22583928534363332
-56.70000000000005,56.70000000000005,5.182379705125377,2.7198687353308517,0.22583928534363332
-56.80000000000005,56.80000000000005,5.237727181464012,2.684707830575894,0.18811253383745222
-56.90000000000005,56.90000000000005,5.237727181464012,2.684707830575894,0.18811253383745222
-57.00000000000005,57.00000000000005,5.237727181464012,2.684707830575894,0.18811253383745222
-57.10000000000005,57.10000000000005,5.294333902902698,2.6489080099980424,0.14984772510342323
-57.20000000000005,57.20000000000005,5.294333902902698,2.6489080099980424,0.14984772510342323
-57.30000000000005,57.30000000000005,5.294333902902698,2.6489080099980424,0.14984772510342323
-57.40000000000005,57.40000000000005,5.294333902902698,2.6489080099980424,0.14984772510342323
-57.50000000000005,57.50000000000005,5.352246450209924,2.611571557402148,0.10972489225344942
-57.60000000000005,57.60000000000005,5.352246450209924,2.611571557402148,0.10972489225344942
-57.70000000000005,57.70000000000005,5.352246450209924,2.611571557402148,0.10972489225344942
-57.800000000000054,57.800000000000054,5.41080402659721,2.573566479652399,0.06904634764166356
-57.90000000000005,57.90000000000005,5.41080402659721,2.573566479652399,0.06904634764166356
-58.00000000000005,58.00000000000005,5.41080402659721,2.573566479652399,0.06904634764166356
-58.10000000000005,58.10000000000005,5.41080402659721,2.573566479652399,0.06904634764166356
-58.20000000000005,58.20000000000005,5.470320523127309,2.5346598385155805,0.027312660258395117
-58.300000000000054,58.300000000000054,5.470320523127309,2.5346598385155805,0.027312660258395117
-58.40000000000005,58.40000000000005,5.470320523127309,2.5346598385155805,0.027312660258395117
-58.50000000000005,58.50000000000005,5.530661282692221,2.4941548050392774,0.015943244802093717
-58.60000000000005,58.60000000000005,5.530661282692221,2.4941548050392774,0.015943244802093717
-58.70000000000005,58.70000000000005,5.530661282692221,2.4941548050392774,0.015943244802093717
-58.800000000000054,58.800000000000054,5.530661282692221,2.4941548050392774,0.015943244802093717
-58.90000000000005,58.90000000000005,5.593667218973771,2.453475538836094,0.059635570229052796
-59.00000000000005,59.00000000000005,5.593667218973771,2.453475538836094,0.059635570229052796
-59.10000000000005,59.10000000000005,5.593667218973771,2.453475538836094,0.059635570229052796
-59.20000000000005,59.20000000000005,5.658568146455925,2.412834013081381,0.10352960075321258
-59.300000000000054,59.300000000000054,5.658568146455925,2.412834013081381,0.10352960075321258
-59.40000000000005,59.40000000000005,5.658568146455925,2.412834013081381,0.10352960075321258
-59.50000000000005,59.50000000000005,5.658568146455925,2.412834013081381,0.10352960075321258
-59.60000000000005,59.60000000000005,5.7258666506666485,2.3718018971997923,0.14818820509082026
-59.70000000000005,59.70000000000005,5.7258666506666485,2.3718018971997923,0.14818820509082026
-59.800000000000054,59.800000000000054,5.7258666506666485,2.3718018971997923,0.14818820509082026
-59.900000000000055,59.900000000000055,5.793915957203639,2.3301090848702923,0.193421015215283
-60.00000000000005,60.00000000000005,5.793915957203639,2.3301090848702923,0.193421015215283
-60.10000000000005,60.10000000000005,5.793915957203639,2.3301090848702923,0.193421015215283
-60.20000000000005,60.20000000000005,5.793915957203639,2.3301090848702923,0.193421015215283
-60.300000000000054,60.300000000000054,5.86417276231393,2.2875801315361026,0.23958626245727027
-60.400000000000055,60.400000000000055,5.86417276231393,2.2875801315361026,0.23958626245727027
-60.50000000000005,60.50000000000005,5.86417276231393,2.2875801315361026,0.23958626245727027
-60.60000000000005,60.60000000000005,5.933165277337528,2.245335922978223,0.285450979733966
-60.70000000000005,60.70000000000005,5.933165277337528,2.245335922978223,0.285450979733966
-60.800000000000054,60.800000000000054,5.933165277337528,2.245335922978223,0.285450979733966
-60.900000000000055,60.900000000000055,5.933165277337528,2.245335922978223,0.285450979733966
-61.00000000000006,61.00000000000006,6.002669674877312,2.20199178153069,0.3325032623414337
-61.10000000000005,61.10000000000005,6.002669674877312,2.20199178153069,0.3325032623414337
-61.20000000000005,61.20000000000005,6.002669674877312,2.20199178153069,0.3325032623414337
-61.300000000000054,61.300000000000054,6.0720901871704935,2.1576830909287446,0.38057639106400154
-61.400000000000055,61.400000000000055,6.0720901871704935,2.1576830909287446,0.38057639106400154
-61.50000000000006,61.50000000000006,6.0720901871704935,2.1576830909287446,0.38057639106400154
-61.60000000000005,61.60000000000005,6.0720901871704935,2.1576830909287446,0.38057639106400154
-61.70000000000005,61.70000000000005,6.1415392243317735,2.112309537052119,0.42987806232823816
-61.800000000000054,61.800000000000054,6.1415392243317735,2.112309537052119,0.42987806232823816
-61.900000000000055,61.900000000000055,6.1415392243317735,2.112309537052119,0.42987806232823816
-62.00000000000006,62.00000000000006,6.21134344542431,2.0664586105432647,0.4798752642267216
-62.10000000000005,62.10000000000005,6.21134344542431,2.0664586105432647,0.4798752642267216
-62.20000000000005,62.20000000000005,6.21134344542431,2.0664586105432647,0.4798752642267216
-62.300000000000054,62.300000000000054,6.21134344542431,2.0664586105432647,0.4798752642267216
-62.400000000000055,62.400000000000055,6.281988351987397,2.019335582198621,0.5312627052174411
-62.50000000000006,62.50000000000006,6.281988351987397,2.019335582198621,0.5312627052174411
-62.60000000000005,62.60000000000005,6.281988351987397,2.019335582198621,0.5312627052174411
-62.70000000000005,62.70000000000005,6.3526151573110585,1.9712414875005915,0.5837347936053944
-62.800000000000054,62.800000000000054,6.3526151573110585,1.9712414875005915,0.5837347936053944
-62.900000000000055,62.900000000000055,6.3526151573110585,1.9712414875005915,0.5837347936053944
-63.00000000000006,63.00000000000006,6.3526151573110585,1.9712414875005915,0.5837347936053944
-63.10000000000006,63.10000000000006,6.423429133754029,1.9221298157594355,0.6376806632041313
-63.20000000000005,63.20000000000005,6.423429133754029,1.9221298157594355,0.6376806632041313
-63.300000000000054,63.300000000000054,6.423429133754029,1.9221298157594355,0.6376806632041313
-63.400000000000055,63.400000000000055,6.493962105588506,1.871560660511163,0.6932510950840459
-63.50000000000006,63.50000000000006,6.493962105588506,1.871560660511163,0.6932510950840459
-63.60000000000006,63.60000000000006,6.493962105588506,1.871560660511163,0.6932510950840459
-63.70000000000005,63.70000000000005,6.493962105588506,1.871560660511163,0.6932510950840459
-63.800000000000054,63.800000000000054,6.561593779478414,1.8205268117976208,0.7494387739933527
-63.900000000000055,63.900000000000055,6.561593779478414,1.8205268117976208,0.7494387739933527
-64.00000000000006,64.00000000000006,6.561593779478414,1.8205268117976208,0.7494387739933527
-64.10000000000005,64.10000000000005,6.6272593750633355,1.769838637565886,0.8062000464783056
-64.20000000000006,64.20000000000006,6.6272593750633355,1.769838637565886,0.8062000464783056
-64.30000000000005,64.30000000000005,6.6272593750633355,1.769838637565886,0.8062000464783056
-64.40000000000006,64.40000000000006,6.6272593750633355,1.769838637565886,0.8062000464783056
-64.50000000000006,64.50000000000006,6.6913635073053035,1.718047766997085,0.8645409972655526
-64.60000000000005,64.60000000000005,6.6913635073053035,1.718047766997085,0.8645409972655526
-64.70000000000006,64.70000000000006,6.6913635073053035,1.718047766997085,0.8645409972655526
-64.80000000000005,64.80000000000005,6.753184824564554,1.6650793002802655,0.9240234418376047
-64.90000000000006,64.90000000000006,6.753184824564554,1.6650793002802655,0.9240234418376047
-65.00000000000006,65.00000000000006,6.753184824564554,1.6650793002802655,0.9240234418376047
-65.10000000000005,65.10000000000005,6.753184824564554,1.6650793002802655,0.9240234418376047
-65.20000000000006,65.20000000000006,6.816831347293124,1.6096086049060614,0.986006326900169
-65.30000000000005,65.30000000000005,6.816831347293124,1.6096086049060614,0.986006326900169
-65.40000000000006,65.40000000000006,6.816831347293124,1.6096086049060614,0.986006326900169
-65.50000000000006,65.50000000000006,6.878841797411316,1.5527024258815225,1.0496525381453008
-65.60000000000005,65.60000000000005,6.878841797411316,1.5527024258815225,1.0496525381453008
-65.70000000000006,65.70000000000006,6.878841797411316,1.5527024258815225,1.0496525381453008
-65.80000000000005,65.80000000000005,6.878841797411316,1.5527024258815225,1.0496525381453008
-65.90000000000006,65.90000000000006,6.934181671780362,1.4954083507711953,1.1109254491844358
-66.00000000000006,66.00000000000006,6.934181671780362,1.4954083507711953,1.1109254491844358
-66.10000000000005,66.10000000000005,6.934181671780362,1.4954083507711953,1.1109254491844358
-66.20000000000006,66.20000000000006,6.989653802881258,1.436604731586648,1.1692713918688242
-66.30000000000005,66.30000000000005,6.989653802881258,1.436604731586648,1.1692713918688242
-66.40000000000006,66.40000000000006,6.989653802881258,1.436604731586648,1.1692713918688242
-66.50000000000006,66.50000000000006,6.989653802881258,1.436604731586648,1.1692713918688242
-66.60000000000005,66.60000000000005,7.045809987176263,1.3742443165943516,1.2221276108439143
-66.70000000000006,66.70000000000006,7.045809987176263,1.3742443165943516,1.2221276108439143
-66.80000000000005,66.80000000000005,7.045809987176263,1.3742443165943516,1.2221276108439143
-66.90000000000006,66.90000000000006,7.100121753876669,1.3108662450501505,1.267782748237097
-67.00000000000006,67.00000000000006,7.100121753876669,1.3108662450501505,1.267782748237097
-67.10000000000007,67.10000000000007,7.100121753876669,1.3108662450501505,1.267782748237097
-67.20000000000006,67.20000000000006,7.100121753876669,1.3108662450501505,1.267782748237097
-67.30000000000005,67.30000000000005,7.153233675762126,1.2454688973393933,1.310447326153926
-67.40000000000006,67.40000000000006,7.153233675762126,1.2454688973393933,1.310447326153926
-67.50000000000006,67.50000000000006,7.153233675762126,1.2454688973393933,1.310447326153926
-67.60000000000007,67.60000000000007,7.206457876911815,1.1780178471357037,1.3505860543536472
-67.70000000000006,67.70000000000006,7.206457876911815,1.1780178471357037,1.3505860543536472
-67.80000000000005,67.80000000000005,7.206457876911815,1.1780178471357037,1.3505860543536472
-67.90000000000006,67.90000000000006,7.206457876911815,1.1780178471357037,1.3505860543536472
-68.00000000000006,68.00000000000006,7.255724286963503,1.1085698094139635,1.388602811916538
-68.10000000000007,68.10000000000007,7.255724286963503,1.1085698094139635,1.388602811916538
-68.20000000000006,68.20000000000006,7.255724286963503,1.1085698094139635,1.388602811916538
-68.30000000000005,68.30000000000005,7.305505655054122,1.0376654756244272,1.4261900390242346
-68.40000000000006,68.40000000000006,7.305505655054122,1.0376654756244272,1.4261900390242346
-68.50000000000006,68.50000000000006,7.305505655054122,1.0376654756244272,1.4261900390242346
-68.60000000000007,68.60000000000007,7.305505655054122,1.0376654756244272,1.4261900390242346
-68.70000000000006,68.70000000000006,7.354351691283596,0.9644711288842184,1.4637779333893004
-68.80000000000005,68.80000000000005,7.354351691283596,0.9644711288842184,1.4637779333893004
-68.90000000000006,68.90000000000006,7.354351691283596,0.9644711288842184,1.4637779333893004
-69.00000000000006,69.00000000000006,7.401875864431636,0.8913823771871874,1.4993445964387657
-69.10000000000007,69.10000000000007,7.401875864431636,0.8913823771871874,1.4993445964387657
-69.20000000000006,69.20000000000006,7.401875864431636,0.8913823771871874,1.4993445964387657
-69.30000000000005,69.30000000000005,7.401875864431636,0.8913823771871874,1.4993445964387657
-69.40000000000006,69.40000000000006,7.449787756575286,0.8160154397382416,1.5356593418238864
-69.50000000000006,69.50000000000006,7.449787756575286,0.8160154397382416,1.5356593418238864
-69.60000000000007,69.60000000000007,7.449787756575286,0.8160154397382416,1.5356593418238864
-69.70000000000006,69.70000000000006,7.49488340300969,0.7387738853125742,1.5719801133521814
-69.80000000000007,69.80000000000007,7.49488340300969,0.7387738853125742,1.5719801133521814
-69.90000000000006,69.90000000000006,7.49488340300969,0.7387738853125742,1.5719801133521814
-70.00000000000006,70.00000000000006,7.49488340300969,0.7387738853125742,1.5719801133521814
-70.10000000000007,70.10000000000007,7.540086574250812,0.6589487922490673,1.6087235883699473
-70.20000000000006,70.20000000000006,7.540086574250812,0.6589487922490673,1.6087235883699473
-70.30000000000007,70.30000000000007,7.540086574250812,0.6589487922490673,1.6087235883699473
-70.40000000000006,70.40000000000006,7.587269158648643,0.5774092636852628,1.6440487600236744
-70.50000000000006,70.50000000000006,7.587269158648643,0.5774092636852628,1.6440487600236744
-70.60000000000007,70.60000000000007,7.587269158648643,0.5774092636852628,1.6440487600236744
-70.70000000000006,70.70000000000006,7.587269158648643,0.5774092636852628,1.6440487600236744
-70.80000000000007,70.80000000000007,7.632722718508773,0.4930248453213785,1.6759206834453466
-70.90000000000006,70.90000000000006,7.632722718508773,0.4930248453213785,1.6759206834453466
-71.00000000000006,71.00000000000006,7.632722718508773,0.4930248453213785,1.6759206834453466
-71.10000000000007,71.10000000000007,7.6794108768352185,0.40745147421530903,1.70566557205678
-71.20000000000006,71.20000000000006,7.6794108768352185,0.40745147421530903,1.70566557205678
-71.30000000000007,71.30000000000007,7.6794108768352185,0.40745147421530903,1.70566557205678
-71.40000000000006,71.40000000000006,7.6794108768352185,0.40745147421530903,1.70566557205678
-71.50000000000006,71.50000000000006,7.724711241931612,0.31992376479537993,1.7352465780144823
-71.60000000000007,71.60000000000007,7.724711241931612,0.31992376479537993,1.7352465780144823
-71.70000000000006,71.70000000000006,7.724711241931612,0.31992376479537993,1.7352465780144823
-71.80000000000007,71.80000000000007,7.770326716673112,0.22848831323045912,1.7645191729167646
-71.90000000000006,71.90000000000006,7.770326716673112,0.22848831323045912,1.7645191729167646
-72.00000000000006,72.00000000000006,7.770326716673112,0.22848831323045912,1.7645191729167646
-72.10000000000007,72.10000000000007,7.770326716673112,0.22848831323045912,1.7645191729167646
-72.20000000000006,72.20000000000006,7.817909548920344,0.13188301603381616,1.7943103838965861
-72.30000000000007,72.30000000000007,7.817909548920344,0.13188301603381616,1.7943103838965861
-72.40000000000006,72.40000000000006,7.817909548920344,0.13188301603381616,1.7943103838965861
-72.50000000000006,72.50000000000006,7.866035110118294,0.033583288726262726,1.8233795915825495
-72.60000000000007,72.60000000000007,7.866035110118294,0.033583288726262726,1.8233795915825495
-72.70000000000006,72.70000000000006,7.866035110118294,0.033583288726262726,1.8233795915825495
-72.80000000000007,72.80000000000007,7.866035110118294,0.033583288726262726,1.8233795915825495
-72.90000000000006,72.90000000000006,7.913316754911023,0.0622626998654562,1.8527036213754315
-73.00000000000006,73.00000000000006,7.913316754911023,0.0622626998654562,1.8527036213754315
-73.10000000000007,73.10000000000007,7.913316754911023,0.0622626998654562,1.8527036213754315
-73.20000000000006,73.20000000000006,7.959201432251535,0.1418203660083135,1.880755496763694
-73.30000000000007,73.30000000000007,7.959201432251535,0.1418203660083135,1.880755496763694
-73.40000000000006,73.40000000000006,7.959201432251535,0.1418203660083135,1.880755496763694
-73.50000000000007,73.50000000000007,7.959201432251535,0.1418203660083135,1.880755496763694
-73.60000000000007,73.60000000000007,8.006303539570427,0.2233662219966145,1.9101215123623188
-73.70000000000006,73.70000000000006,8.006303539570427,0.2233662219966145,1.9101215123623188
-73.80000000000007,73.80000000000007,8.006303539570427,0.2233662219966145,1.9101215123623188
-73.90000000000006,73.90000000000006,8.051712070609476,0.30141867174464204,1.9393672054094018
-74.00000000000007,74.00000000000007,8.051712070609476,0.30141867174464204,1.9393672054094018
-74.10000000000007,74.10000000000007,8.051712070609476,0.30141867174464204,1.9393672054094018
-74.20000000000006,74.20000000000006,8.051712070609476,0.30141867174464204,1.9393672054094018
-74.30000000000007,74.30000000000007,8.09929727904678,0.3725706584343222,1.969323077299441
-74.40000000000006,74.40000000000006,8.09929727904678,0.3725706584343222,1.969323077299441
-74.50000000000007,74.50000000000007,8.09929727904678,0.3725706584343222,1.969323077299441
-74.60000000000007,74.60000000000007,8.144250792732494,0.43980705587058927,1.998682709070192
-74.70000000000006,74.70000000000006,8.144250792732494,0.43980705587058927,1.998682709070192
-74.80000000000007,74.80000000000007,8.144250792732494,0.43980705587058927,1.998682709070192
-74.90000000000006,74.90000000000006,8.144250792732494,0.43980705587058927,1.998682709070192
-75.00000000000007,75.00000000000007,8.187523368314986,0.49734949377253357,2.026891001540092
-75.10000000000007,75.10000000000007,8.187523368314986,0.49734949377253357,2.026891001540092
-75.20000000000006,75.20000000000006,8.187523368314986,0.49734949377253357,2.026891001540092
-75.30000000000007,75.30000000000007,8.228952492383241,0.543140707174951,2.0533783211183247
-75.40000000000006,75.40000000000006,8.228952492383241,0.543140707174951,2.0533783211183247
-75.50000000000007,75.50000000000007,8.228952492383241,0.543140707174951,2.0533783211183247
-75.60000000000007,75.60000000000007,8.228952492383241,0.543140707174951,2.0533783211183247
-75.70000000000006,75.70000000000006,8.268271126197487,0.5859134932643237,2.0790044346878807
-75.80000000000007,75.80000000000007,8.268271126197487,0.5859134932643237,2.0790044346878807
-75.90000000000006,75.90000000000006,8.268271126197487,0.5859134932643237,2.0790044346878807
-76.00000000000007,76.00000000000007,8.300912749486939,0.6298568942475409,2.1035813745205987
-76.10000000000007,76.10000000000007,8.300912749486939,0.6298568942475409,2.1035813745205987
-76.20000000000007,76.20000000000007,8.300912749486939,0.6298568942475409,2.1035813745205987
-76.30000000000007,76.30000000000007,8.300912749486939,0.6298568942475409,2.1035813745205987
-76.40000000000006,76.40000000000006,8.334174747538738,0.6801493620060381,2.1288643417366426
-76.50000000000007,76.50000000000007,8.334174747538738,0.6801493620060381,2.1288643417366426
-76.60000000000007,76.60000000000007,8.334174747538738,0.6801493620060381,2.1288643417366426
-76.70000000000007,76.70000000000007,8.36793143875184,0.7293805170653981,2.153956738829096
-76.80000000000007,76.80000000000007,8.36793143875184,0.7293805170653981,2.153956738829096
-76.90000000000006,76.90000000000006,8.36793143875184,0.7293805170653981,2.153956738829096
-77.00000000000007,77.00000000000007,8.36793143875184,0.7293805170653981,2.153956738829096
-77.10000000000007,77.10000000000007,8.401112203855682,0.7778036428455537,2.1784003833050063
-77.20000000000007,77.20000000000007,8.401112203855682,0.7778036428455537,2.1784003833050063
-77.30000000000007,77.30000000000007,8.401112203855682,0.7778036428455537,2.1784003833050063
-77.40000000000006,77.40000000000006,8.432960453594692,0.8183052332980635,2.2008913812110977
-77.50000000000007,77.50000000000007,8.432960453594692,0.8183052332980635,2.2008913812110977
-77.60000000000007,77.60000000000007,8.432960453594692,0.8183052332980635,2.2008913812110977
-77.70000000000007,77.70000000000007,8.432960453594692,0.8183052332980635,2.2008913812110977
-77.80000000000007,77.80000000000007,8.462543421140003,0.8605131111478946,2.223207435961026
-77.90000000000006,77.90000000000006,8.462543421140003,0.8605131111478946,2.223207435961026
-78.00000000000007,78.00000000000007,8.462543421140003,0.8605131111478946,2.223207435961026
-78.10000000000007,78.10000000000007,8.490232367566469,0.9016217783337095,2.2445594893655194
-78.20000000000007,78.20000000000007,8.490232367566469,0.9016217783337095,2.2445594893655194
-78.30000000000007,78.30000000000007,8.490232367566469,0.9016217783337095,2.2445594893655194
-78.40000000000006,78.40000000000006,8.490232367566469,0.9016217783337095,2.2445594893655194
-78.50000000000007,78.50000000000007,8.517567021600764,0.944299055346181,2.266100757594782
-78.60000000000007,78.60000000000007,8.517567021600764,0.944299055346181,2.266100757594782
-78.70000000000007,78.70000000000007,8.517567021600764,0.944299055346181,2.266100757594782
-78.80000000000007,78.80000000000007,8.543520138519392,0.985757241436171,2.2870047150718604
-78.90000000000006,78.90000000000006,8.543520138519392,0.985757241436171,2.2870047150718604
-79.00000000000007,79.00000000000007,8.543520138519392,0.985757241436171,2.2870047150718604
-79.10000000000007,79.10000000000007,8.543520138519392,0.985757241436171,2.2870047150718604
-79.20000000000007,79.20000000000007,8.568014628199107,1.0270726658826068,2.3082056382533165
-79.30000000000007,79.30000000000007,8.568014628199107,1.0270726658826068,2.3082056382533165
-79.40000000000006,79.40000000000006,8.568014628199107,1.0270726658826068,2.3082056382533165
-79.50000000000007,79.50000000000007,8.593699503567253,1.0653389128596038,2.329045802707955
-79.60000000000007,79.60000000000007,8.593699503567253,1.0653389128596038,2.329045802707955
-79.70000000000007,79.70000000000007,8.593699503567253,1.0653389128596038,2.329045802707955
-79.80000000000007,79.80000000000007,8.593699503567253,1.0653389128596038,2.329045802707955
-79.90000000000008,79.90000000000008,8.618720687906674,1.104214436870071,2.3503191409188577
-80.00000000000007,80.00000000000007,8.618720687906674,1.104214436870071,2.3503191409188577
-80.10000000000007,80.10000000000007,8.618720687906674,1.104214436870071,2.3503191409188577
-80.20000000000007,80.20000000000007,8.642792372917121,1.141255046918011,2.371119937332355
-80.30000000000007,80.30000000000007,8.642792372917121,1.141255046918011,2.371119937332355
-80.40000000000008,80.40000000000008,8.642792372917121,1.141255046918011,2.371119937332355
-80.50000000000007,80.50000000000007,8.642792372917121,1.141255046918011,2.371119937332355
-80.60000000000007,80.60000000000007,8.667344421339513,1.1791958782635612,2.3926784366291014
-80.70000000000007,80.70000000000007,8.667344421339513,1.1791958782635612,2.3926784366291014
-80.80000000000007,80.80000000000007,8.667344421339513,1.1791958782635612,2.3926784366291014
-80.90000000000008,80.90000000000008,8.690469146125887,1.2154822360033266,2.412932551810447
-81.00000000000007,81.00000000000007,8.690469146125887,1.2154822360033266,2.412932551810447
-81.10000000000007,81.10000000000007,8.690469146125887,1.2154822360033266,2.412932551810447
-81.20000000000007,81.20000000000007,8.690469146125887,1.2154822360033266,2.412932551810447
-81.30000000000007,81.30000000000007,8.71264847211492,1.2484305794914203,2.431668681552555
-81.40000000000008,81.40000000000008,8.71264847211492,1.2484305794914203,2.431668681552555
-81.50000000000007,81.50000000000007,8.71264847211492,1.2484305794914203,2.431668681552555
-81.60000000000007,81.60000000000007,8.735072362532234,1.274774128402311,2.4486937294241504
-81.70000000000007,81.70000000000007,8.735072362532234,1.274774128402311,2.4486937294241504
-81.80000000000007,81.80000000000007,8.735072362532234,1.274774128402311,2.4486937294241504
-81.90000000000008,81.90000000000008,8.735072362532234,1.274774128402311,2.4486937294241504
-82.00000000000007,82.00000000000007,8.758256962769043,1.3008824218892818,2.4655448840006637
-82.10000000000007,82.10000000000007,8.758256962769043,1.3008824218892818,2.4655448840006637
-82.20000000000007,82.20000000000007,8.758256962769043,1.3008824218892818,2.4655448840006637
-82.30000000000007,82.30000000000007,8.783784717623599,1.3213730158973094,2.479799743151852
-82.40000000000008,82.40000000000008,8.783784717623599,1.3213730158973094,2.479799743151852
-82.50000000000007,82.50000000000007,8.783784717623599,1.3213730158973094,2.479799743151852
-82.60000000000008,82.60000000000008,8.783784717623599,1.3213730158973094,2.479799743151852
-82.70000000000007,82.70000000000007,8.810551788449935,1.341027567672132,2.4936696584475477
-82.80000000000007,82.80000000000007,8.810551788449935,1.341027567672132,2.4936696584475477
-82.90000000000008,82.90000000000008,8.810551788449935,1.341027567672132,2.4936696584475477
-83.00000000000007,83.00000000000007,8.837094631972809,1.3587299061342988,2.506428517585952
-83.10000000000008,83.10000000000008,8.837094631972809,1.3587299061342988,2.506428517585952
-83.20000000000007,83.20000000000007,8.837094631972809,1.3587299061342988,2.506428517585952
-83.30000000000007,83.30000000000007,8.837094631972809,1.3587299061342988,2.506428517585952
-83.40000000000008,83.40000000000008,8.866984362542668,1.374763046261167,2.518746151752228
-83.50000000000007,83.50000000000007,8.866984362542668,1.374763046261167,2.518746151752228
-83.60000000000008,83.60000000000008,8.866984362542668,1.374763046261167,2.518746151752228
-83.70000000000007,83.70000000000007,8.897466930350115,1.3874478161175563,2.5292408982403396
-83.80000000000007,83.80000000000007,8.897466930350115,1.3874478161175563,2.5292408982403396
-83.90000000000008,83.90000000000008,8.897466930350115,1.3874478161175563,2.5292408982403396
-84.00000000000007,84.00000000000007,8.897466930350115,1.3874478161175563,2.5292408982403396
-84.10000000000008,84.10000000000008,8.926198815348458,1.3980892058403191,2.538385018101332
-84.20000000000007,84.20000000000007,8.926198815348458,1.3980892058403191,2.538385018101332
-84.30000000000007,84.30000000000007,8.926198815348458,1.3980892058403191,2.538385018101332
-84.40000000000008,84.40000000000008,8.951936792748862,1.4061800930982074,2.5457733899378736
-84.50000000000007,84.50000000000007,8.951936792748862,1.4061800930982074,2.5457733899378736
-84.60000000000008,84.60000000000008,8.951936792748862,1.4061800930982074,2.5457733899378736
-84.70000000000007,84.70000000000007,8.951936792748862,1.4061800930982074,2.5457733899378736
-84.80000000000007,84.80000000000007,8.976260160917281,1.4134261427702481,2.5525220154764052
-84.90000000000008,84.90000000000008,8.976260160917281,1.4134261427702481,2.5525220154764052
-85.00000000000007,85.00000000000007,8.976260160917281,1.4134261427702481,2.5525220154764052
-85.10000000000008,85.10000000000008,8.998018065107159,1.419925901234036,2.5585698254173654
-85.20000000000007,85.20000000000007,8.998018065107159,1.419925901234036,2.5585698254173654
-85.30000000000007,85.30000000000007,8.998018065107159,1.419925901234036,2.5585698254173654
-85.40000000000008,85.40000000000008,8.998018065107159,1.419925901234036,2.5585698254173654
-85.50000000000007,85.50000000000007,9.01858802315902,1.426238709105171,2.564419932714152
-85.60000000000008,85.60000000000008,9.01858802315902,1.426238709105171,2.564419932714152
-85.70000000000007,85.70000000000007,9.01858802315902,1.426238709105171,2.564419932714152
-85.80000000000007,85.80000000000007,9.036698847644283,1.4313488100916452,2.5693525110054964
-85.90000000000008,85.90000000000008,9.036698847644283,1.4313488100916452,2.5693525110054964
-86.00000000000007,86.00000000000007,9.036698847644283,1.4313488100916452,2.5693525110054964
-86.10000000000008,86.10000000000008,9.036698847644283,1.4313488100916452,2.5693525110054964
-86.20000000000007,86.20000000000007,9.05371588636804,1.4361911885326748,2.574031308039844
-86.30000000000008,86.30000000000008,9.05371588636804,1.4361911885326748,2.574031308039844
-86.40000000000008,86.40000000000008,9.05371588636804,1.4361911885326748,2.574031308039844
-86.50000000000007,86.50000000000007,9.068458692823507,1.440421763411472,2.5781189264750255
-86.60000000000008,86.60000000000008,9.068458692823507,1.440421763411472,2.5781189264750255
-86.70000000000007,86.70000000000007,9.068458692823507,1.440421763411472,2.5781189264750255
-86.80000000000008,86.80000000000008,9.068458692823507,1.440421763411472,2.5781189264750255
-86.90000000000008,86.90000000000008,9.082187952128484,1.444395445379491,2.5819539141411836
-87.00000000000007,87.00000000000007,9.082187952128484,1.444395445379491,2.5819539141411836
-87.10000000000008,87.10000000000008,9.082187952128484,1.444395445379491,2.5819539141411836
-87.20000000000007,87.20000000000007,9.093733818776634,1.4477600341629524,2.585200920108914
-87.30000000000008,87.30000000000008,9.093733818776634,1.4477600341629524,2.585200920108914
-87.40000000000008,87.40000000000008,9.093733818776634,1.4477600341629524,2.585200920108914
-87.50000000000007,87.50000000000007,9.093733818776634,1.4477600341629524,2.585200920108914
-87.60000000000008,87.60000000000008,9.104326821832887,1.4508617726429915,2.5881980091144534
-87.70000000000007,87.70000000000007,9.104326821832887,1.4508617726429915,2.5881980091144534
-87.80000000000008,87.80000000000008,9.104326821832887,1.4508617726429915,2.5881980091144534
-87.90000000000008,87.90000000000008,9.112807276333516,1.453357427476452,2.5906095073781827
-88.00000000000007,88.00000000000007,9.112807276333516,1.453357427476452,2.5906095073781827
-88.10000000000008,88.10000000000008,9.112807276333516,1.453357427476452,2.5906095073781827
-88.20000000000007,88.20000000000007,9.112807276333516,1.453357427476452,2.5906095073781827
-88.30000000000008,88.30000000000008,9.120377604351773,1.4555977615507703,2.5927710451957107
-88.40000000000008,88.40000000000008,9.120377604351773,1.4555977615507703,2.5927710451957107
-88.50000000000007,88.50000000000007,9.120377604351773,1.4555977615507703,2.5927710451957107
-88.60000000000008,88.60000000000008,9.125886433444752,1.4572338781622207,2.5943495013802993
-88.70000000000007,88.70000000000007,9.125886433444752,1.4572338781622207,2.5943495013802993
-88.80000000000008,88.80000000000008,9.125886433444752,1.4572338781622207,2.5943495013802993
-88.90000000000008,88.90000000000008,9.125886433444752,1.4572338781622207,2.5943495013802993
-89.00000000000009,89.00000000000009,9.130509690091156,1.458608425752151,2.5956780869022675
-89.10000000000008,89.10000000000008,9.130509690091156,1.458608425752151,2.5956780869022675
-89.20000000000007,89.20000000000007,9.130509690091156,1.458608425752151,2.5956780869022675
-89.30000000000008,89.30000000000008,9.13311400720771,1.4593840954708008,2.5964279260079373
-89.40000000000008,89.40000000000008,9.13311400720771,1.4593840954708008,2.5964279260079373
-89.50000000000009,89.50000000000009,9.13311400720771,1.4593840954708008,2.5964279260079373
-89.60000000000008,89.60000000000008,9.13311400720771,1.4593840954708008,2.5964279260079373
-89.70000000000007,89.70000000000007,9.134812247066682,1.4598918290451188,2.5969172802961396
-89.80000000000008,89.80000000000008,9.134812247066682,1.4598918290451188,2.5969172802961396
-89.90000000000008,89.90000000000008,9.134812247066682,1.4598918290451188,2.5969172802961396
