odt_length_scale,odt_amplitude_95_range,ice_length_scale,ice_thickness_95_range,net_ice_thickness_change,gmsl_slc_expectation,gmsl_slc_std,gmsl_ssh_expectation,gmsl_ssh_std,gmsl_ssh_odt_expectation,gmsl_ssh_odt_std,lmax
0.009995291163082719,0.01,0.0999529116308272,100,-200.0,9388.31190456124,0.00046309798326262176,-7393.664006573352,0.000231425116329844,-7393.664006573352,0.00023161717611929294,128.0
0.009995291163082719,0.1,0.0999529116308272,100,-200.0,9388.31190456124,0.00046309740615738516,-7393.664006573352,0.0002314255402540892,-7393.664006573352,0.0002499019031577157,128.0
0.009995291163082719,10.0,0.0999529116308272,100,-200.0,9388.31190456124,0.00045723148875200393,-7393.664006573352,0.000235668280049071,-7393.664006573352,0.009433310380656427,128.0
0.49976455815413595,0.01,0.0999529116308272,100,-200.0,9388.31190456124,0.00046309798326262495,-7393.664006573352,0.00023142511632984262,-7393.664006573352,0.00023161717611929294,128.0
0.49976455815413595,0.1,0.0999529116308272,100,-200.0,9388.31190456124,0.0004630974061572997,-7393.664006573439,0.00023142554025347794,-7393.664006573439,0.00024990190315720513,128.0
0.49976455815413595,10.0,0.0999529116308272,100,-200.0,9388.31190456124,0.00045723148875197937,-7393.664006573352,0.00023566828004908672,-7393.664006573352,0.009433310380673911,128.0
0.009995291163082719,0.01,0.0999529116308272,100,200.0,-9388.31190456124,0.00046309798326262994,7393.664006573352,0.0002314251163298472,7393.664006573352,0.00023161717611929204,128.0
0.009995291163082719,0.1,0.0999529116308272,100,200.0,-9388.31190456124,0.00046309740615738793,7393.664006573352,0.00023142554025409558,7393.664006573352,0.00024990190315772116,128.0
0.009995291163082719,10.0,0.0999529116308272,100,200.0,-9388.31190456124,0.0004572314887520072,7393.664006573352,0.00023566828004907594,7393.664006573352,0.009433310380656427,128.0
0.49976455815413595,0.01,0.0999529116308272,100,200.0,-9388.31190456124,0.00046309798326263086,7393.664006573352,0.00023142511632984674,7393.664006573352,0.00023161717611929158,128.0
0.49976455815413595,0.1,0.0999529116308272,100,200.0,-9388.31190456124,0.000463097406157387,7393.664006573352,0.00023142554025409466,7393.664006573352,0.0002499019031577847,128.0
0.49976455815413595,10.0,0.0999529116308272,100,200.0,-9388.31190456124,0.0004572314887519877,7393.664006573352,0.00023566828004909212,7393.664006573352,0.009433310380673906,128.0
0.009995291163082719,0.01,0.0999529116308272,500,-200.0,9388.311904561357,0.0023154899442943116,-7393.6640065732645,0.0011571255611055877,-7393.6640065732645,0.0011571639883650893,128.0
0.009995291163082719,0.1,0.0999529116308272,500,-200.0,9388.311904561182,0.002315489828875915,-7393.664006573439,0.0011571256458821437,-7393.664006573439,0.001160962075555474,128.0
0.009995291163082719,10.0,0.0999529116308272,500,-200.0,9388.31190456124,0.002314323783382778,-7393.664006573352,0.0011579816569760404,-7393.664006573352,0.009501196067731258,128.0
0.49976455815413595,0.01,0.0999529116308272,500,-200.0,9388.31190456124,0.0023154899442939868,-7393.664006573352,0.001157125561095256,-7393.664006573352,0.0011571639883548458,128.0
0.49976455815413595,0.1,0.0999529116308272,500,-200.0,9388.31190456124,0.002315489828873044,-7393.664006573352,0.0011571256458801818,-7393.664006573352,0.00116096207555359,128.0
0.49976455815413595,10.0,0.0999529116308272,500,-200.0,9388.31190456124,0.002314323783382775,-7393.664006573352,0.0011579816569760595,-7393.664006573352,0.009501196067748604,128.0
0.009995291163082719,0.01,0.0999529116308272,500,200.0,-9388.31190456124,0.002315489944294019,7393.664006573352,0.001157125561095259,7393.664006573352,0.0011571639883548766,128.0
0.009995291163082719,0.1,0.0999529116308272,500,200.0,-9388.31190456124,0.0023154898288730704,7393.664006573352,0.0011571256458801818,7393.664006573352,0.0011609620755536033,128.0
0.009995291163082719,10.0,0.0999529116308272,500,200.0,-9388.31190456124,0.0023143237833828044,7393.664006573352,0.001157981656976058,7393.664006573352,0.009501196067731256,128.0
0.49976455815413595,0.01,0.0999529116308272,500,200.0,-9388.31190456124,0.002315489944294019,7393.664006573352,0.001157125561095259,7393.664006573352,0.0011571639883548707,128.0
0.49976455815413595,0.1,0.0999529116308272,500,200.0,-9388.31190456124,0.0023154898288730735,7393.664006573352,0.0011571256458801818,7393.664006573352,0.0011609620755536148,128.0
0.49976455815413595,10.0,0.0999529116308272,500,200.0,-9388.31190456124,0.0023143237833827958,7393.664006573352,0.001157981656976061,7393.664006573352,0.009501196067748607,128.0
0.009995291163082719,0.01,0.49976455815413595,100,-200.0,9388.31190456124,0.0004630979832631348,-7393.664006573352,0.00023142511633011438,-7393.664006573352,0.0002316171761195526,128.0
0.009995291163082719,0.1,0.49976455815413595,100,-200.0,9388.31190456124,0.00046309740615788585,-7393.664006573352,0.00023142554025436048,-7393.664006573352,0.000249901903157972,128.0
0.009995291163082719,10.0,0.49976455815413595,100,-200.0,9388.311904561357,0.0004572314887526727,-7393.664006573206,0.00023566828004929698,-7393.664006573206,0.009433310380656437,128.0
0.49976455815413595,0.01,0.49976455815413595,100,-200.0,9388.31190456124,0.0004630979832631343,-7393.664006573352,0.00023142511633011302,-7393.664006573352,0.0002316171761195526,128.0
0.49976455815413595,0.1,0.49976455815413595,100,-200.0,9388.31190456124,0.00046309740615788585,-7393.664006573352,0.00023142554025435956,-7393.664006573352,0.00024990190315803975,128.0
0.49976455815413595,10.0,0.49976455815413595,100,-200.0,9388.31190456124,0.0004572314887524865,-7393.664006573352,0.00023566828004934864,-7393.664006573352,0.009433310380673915,128.0
0.009995291163082719,0.01,0.49976455815413595,100,200.0,-9388.31190456124,0.0004630979832631412,7393.664006573352,0.00023142511633011896,7393.664006573352,0.0002316171761195622,128.0
0.009995291163082719,0.1,0.49976455815413595,100,200.0,-9388.31190456124,0.0004630974061579037,7393.664006573352,0.00023142554025436368,7393.664006573352,0.0002499019031579779,128.0
0.009995291163082719,10.0,0.49976455815413595,100,200.0,-9388.31190456124,0.0004572314887525277,7393.664006573352,0.0002356682800493347,7393.664006573352,0.009433310380656437,128.0
0.49976455815413595,0.01,0.49976455815413595,100,200.0,-9388.31190456124,0.0004630979832631421,7393.664006573352,0.0002314251163301208,7393.664006573352,0.00023161717611956312,128.0
0.49976455815413595,0.1,0.49976455815413595,100,200.0,-9388.31190456124,0.0004630974061579037,7393.664006573352,0.00023142554025436506,7393.664006573352,0.0002499019031580487,128.0
0.49976455815413595,10.0,0.49976455815413595,100,200.0,-9388.31190456124,0.0004572314887525018,7393.664006573352,0.00023566828004935628,7393.664006573352,0.00943331038067391,128.0
0.009995291163082719,0.01,0.49976455815413595,500,-200.0,9388.31190456124,0.0023154899442966058,-7393.664006573352,0.0011571255610966337,-7393.664006573352,0.001157163988356194,128.0
0.009995291163082719,0.1,0.49976455815413595,500,-200.0,9388.31190456124,0.0023154898288756573,-7393.664006573352,0.0011571256458815316,-7393.664006573352,0.0011609620755548698,128.0
0.009995291163082719,10.0,0.49976455815413595,500,-200.0,9388.31190456124,0.002314323783385352,-7393.664006573352,0.0011579816569773234,-7393.664006573352,0.009501196067731437,128.0
0.49976455815413595,0.01,0.49976455815413595,500,-200.0,9388.31190456124,0.002315489944296603,-7393.664006573352,0.0011571255610966353,-7393.664006573352,0.0011571639883561971,128.0
0.49976455815413595,0.1,0.49976455815413595,500,-200.0,9388.31190456124,0.0023154898288756573,-7393.664006573352,0.001157125645881539,-7393.664006573352,0.0011609620755548887,128.0
0.49976455815413595,10.0,0.49976455815413595,500,-200.0,9388.31190456124,0.0023143237833853428,-7393.664006573352,0.001157981656977322,-7393.664006573352,0.009501196067748774,128.0
0.009995291163082719,0.01,0.49976455815413595,500,200.0,-9388.311904561357,0.002315489944297402,7393.664006573206,0.0011571255610962868,7393.664006573206,0.0011571639883557695,128.0
0.009995291163082719,0.1,0.49976455815413595,500,200.0,-9388.31190456124,0.0023154898288756547,7393.664006573352,0.0011571256458815374,7393.664006573352,0.0011609620755548829,128.0
0.009995291163082719,10.0,0.49976455815413595,500,200.0,-9388.31190456124,0.002314323783385337,7393.664006573352,0.001157981656977322,7393.664006573352,0.009501196067731438,128.0
0.49976455815413595,0.01,0.49976455815413595,500,200.0,-9388.31190456124,0.0023154899442966058,7393.664006573352,0.0011571255610966587,7393.664006573352,0.0011571639883561752,128.0
0.49976455815413595,0.1,0.49976455815413595,500,200.0,-9388.31190456124,0.0023154898288756547,7393.664006573352,0.0011571256458815374,7393.664006573352,0.001160962075554902,128.0
0.49976455815413595,10.0,0.49976455815413595,500,200.0,-9388.31190456124,0.0023143237833853428,7393.664006573352,0.0011579816569773293,7393.664006573352,0.009501196067748772,128.0
