true_mean,true_std,est_mean,est_std,error_mean,error_std,ice_length_scale,ice_gmsl_target_std,net_ice_thickness_change,odt_length_scale,odt_standard_deviation,altimetry_error_length_scale,altimetry_error_amplitude,altimetry_range
0.5381202654348995,0.000494331789230113,0.5574181637313642,0.004988250161477003,0.019297898296464666,0.005012684270061181,636800.0,0.0005,-15.0,63680.0,0.16,31840.0,0.03,77
0.5381202654348995,0.000494331789230113,0.5665960672338881,0.005599297269113942,0.028475801798988565,0.0056210758601668315,636800.0,0.0005,-15.0,63680.0,0.16,31840.0,0.03,66
0.5381202654348995,0.000494331789230113,0.5771277711244457,0.007125668752943854,0.03900750568954614,0.007142794907774117,636800.0,0.0005,-15.0,63680.0,0.16,31840.0,0.03,55
0.5381202654348995,0.000494331789230113,0.5574181637313642,0.0018858785591439134,0.019297898296464666,0.001949590176853117,636800.0,0.0005,-15.0,63680.0,0.16,31840.0,0.003,77
0.5381202654348995,0.000494331789230113,0.5665960672338881,0.00302651923473349,0.028475801798988565,0.003066623973697335,636800.0,0.0005,-15.0,63680.0,0.16,31840.0,0.003,66
0.5381202654348995,0.000494331789230113,0.5771277711244457,0.005196891769600824,0.03900750568954614,0.005220349411944399,636800.0,0.0005,-15.0,63680.0,0.16,31840.0,0.003,55
0.5381202654348995,0.000494331789230113,0.5574181637313642,0.0018425462173494566,0.019297898296464666,0.001907705554039259,636800.0,0.0005,-15.0,63680.0,0.16,31840.0,0.0015,77
0.5381202654348995,0.000494331789230113,0.5665960672338881,0.002998615531922987,0.028475801798988565,0.0030390885189696634,636800.0,0.0005,-15.0,63680.0,0.16,31840.0,0.0015,66
0.5381202654348995,0.000494331789230113,0.5771277711244457,0.005179539310171702,0.03900750568954614,0.005203075185258944,636800.0,0.0005,-15.0,63680.0,0.16,31840.0,0.0015,55
0.5381202654348995,0.000494331789230113,0.5574181637313642,0.004748515774915989,0.019297898296464666,0.004774176995301854,636800.0,0.0005,-15.0,63680.0,0.08,31840.0,0.03,77
0.5381202654348995,0.000494331789230113,0.5665960672338881,0.0049827254002587345,0.028475801798988565,0.005007186468689479,636800.0,0.0005,-15.0,63680.0,0.08,31840.0,0.03,66
0.5381202654348995,0.000494331789230113,0.5771277711244457,0.0055572315131833475,0.03900750568954614,0.005579174312473264,636800.0,0.0005,-15.0,63680.0,0.08,31840.0,0.03,55
0.5381202654348995,0.000494331789230113,0.5574181637313642,0.0011055769222401304,0.019297898296464666,0.001211059143408531,636800.0,0.0005,-15.0,63680.0,0.08,31840.0,0.003,77
0.5381202654348995,0.000494331789230113,0.5665960672338881,0.0016233425962159259,0.028475801798988565,0.00169693992307698,636800.0,0.0005,-15.0,63680.0,0.08,31840.0,0.003,66
0.5381202654348995,0.000494331789230113,0.5771277711244457,0.002667461523505683,0.03900750568954614,0.0027128794476029903,636800.0,0.0005,-15.0,63680.0,0.08,31840.0,0.003,55
0.5381202654348995,0.000494331789230113,0.5574181637313642,0.0010299218194698022,0.019297898296464666,0.0011424109908712507,636800.0,0.0005,-15.0,63680.0,0.08,31840.0,0.0015,77
0.5381202654348995,0.000494331789230113,0.5665960672338881,0.0015707060879639953,0.028475801798988565,0.0016466576853161083,636800.0,0.0005,-15.0,63680.0,0.08,31840.0,0.0015,66
0.5381202654348995,0.000494331789230113,0.5771277711244457,0.002633494708567282,0.03900750568954614,0.002679488439589788,636800.0,0.0005,-15.0,63680.0,0.08,31840.0,0.0015,55
0.5381202654348995,0.000494331789230113,0.5574181637313642,0.004666701581814053,0.019297898296464666,0.0046928101998215555,636800.0,0.0005,-15.0,63680.0,0.008,31840.0,0.03,77
0.5381202654348995,0.000494331789230113,0.5665960672338881,0.004761768772370335,0.028475801798988565,0.004787358954513932,636800.0,0.0005,-15.0,63680.0,0.008,31840.0,0.03,66
0.5381202654348995,0.000494331789230113,0.5771277711244457,0.004931364129009586,0.03900750568954614,0.004956078701022201,636800.0,0.0005,-15.0,63680.0,0.008,31840.0,0.03,55
0.5381202654348995,0.000494331789230113,0.5574181637313642,0.0006723108805231814,0.019297898296464666,0.0008344853730972762,636800.0,0.0005,-15.0,63680.0,0.008,31840.0,0.003,77
0.5381202654348995,0.000494331789230113,0.5665960672338881,0.0006943562571379217,0.028475801798988565,0.0008523464845179035,636800.0,0.0005,-15.0,63680.0,0.008,31840.0,0.003,66
0.5381202654348995,0.000494331789230113,0.5771277711244457,0.0007422136223134805,0.03900750568954614,0.0008917650918213512,636800.0,0.0005,-15.0,63680.0,0.008,31840.0,0.003,55
0.5381202654348995,0.000494331789230113,0.5574181637313642,0.000538925359674129,0.019297898296464666,0.0007313032620899036,636800.0,0.0005,-15.0,63680.0,0.008,31840.0,0.0015,77
0.5381202654348995,0.000494331789230113,0.5665960672338881,0.000560363312418524,0.028475801798988565,0.000747242236325079,636800.0,0.0005,-15.0,63680.0,0.008,31840.0,0.0015,66
0.5381202654348995,0.000494331789230113,0.5771277711244457,0.0006089535793608391,0.03900750568954614,0.0007843394543562263,636800.0,0.0005,-15.0,63680.0,0.008,31840.0,0.0015,55
0.17937342181163318,0.000494331789230113,0.18580605457712143,0.004988250161476932,0.00643263276548825,0.0050126842700611105,636800.0,0.0005,-5.0,63680.0,0.16,31840.0,0.03,77
0.17937342181163318,0.000494331789230113,0.18886535574462932,0.005599297269113897,0.009491933932996133,0.005621075860166787,636800.0,0.0005,-5.0,63680.0,0.16,31840.0,0.03,66
0.17937342181163318,0.000494331789230113,0.19237592370814857,0.007125668752943872,0.01300250189651539,0.007142794907774136,636800.0,0.0005,-5.0,63680.0,0.16,31840.0,0.03,55
0.17937342181163318,0.000494331789230113,0.18580605457712143,0.0018858785591439118,0.00643263276548825,0.0019495901768531154,636800.0,0.0005,-5.0,63680.0,0.16,31840.0,0.003,77
0.17937342181163318,0.000494331789230113,0.18886535574462932,0.003026519234733485,0.009491933932996133,0.00306662397369733,636800.0,0.0005,-5.0,63680.0,0.16,31840.0,0.003,66
0.17937342181163318,0.000494331789230113,0.19237592370814857,0.005196891769600918,0.01300250189651539,0.005220349411944492,636800.0,0.0005,-5.0,63680.0,0.16,31840.0,0.003,55
0.17937342181163318,0.000494331789230113,0.18580605457712143,0.0018425462173494566,0.00643263276548825,0.001907705554039259,636800.0,0.0005,-5.0,63680.0,0.16,31840.0,0.0015,77
0.17937342181163318,0.000494331789230113,0.18886535574462932,0.002998615531923001,0.009491933932996133,0.003039088518969677,636800.0,0.0005,-5.0,63680.0,0.16,31840.0,0.0015,66
0.17937342181163318,0.000494331789230113,0.19237592370814857,0.005179539310171728,0.01300250189651539,0.00520307518525897,636800.0,0.0005,-5.0,63680.0,0.16,31840.0,0.0015,55
0.17937342181163318,0.000494331789230113,0.18580605457712143,0.004748515774916016,0.00643263276548825,0.004774176995301881,636800.0,0.0005,-5.0,63680.0,0.08,31840.0,0.03,77
0.17937342181163318,0.000494331789230113,0.18886535574462932,0.00498272540025881,0.009491933932996133,0.005007186468689554,636800.0,0.0005,-5.0,63680.0,0.08,31840.0,0.03,66
0.17937342181163318,0.000494331789230113,0.19237592370814857,0.0055572315131833736,0.01300250189651539,0.00557917431247329,636800.0,0.0005,-5.0,63680.0,0.08,31840.0,0.03,55
0.17937342181163318,0.000494331789230113,0.18580605457712143,0.0011055769222401287,0.00643263276548825,0.0012110591434085292,636800.0,0.0005,-5.0,63680.0,0.08,31840.0,0.003,77
0.17937342181163318,0.000494331789230113,0.18886535574462932,0.0016233425962159302,0.009491933932996133,0.0016969399230769844,636800.0,0.0005,-5.0,63680.0,0.08,31840.0,0.003,66
0.17937342181163318,0.000494331789230113,0.19237592370814857,0.002667461523505718,0.01300250189651539,0.002712879447603024,636800.0,0.0005,-5.0,63680.0,0.08,31840.0,0.003,55
0.17937342181163318,0.000494331789230113,0.18580605457712143,0.0010299218194698007,0.00643263276548825,0.0011424109908712494,636800.0,0.0005,-5.0,63680.0,0.08,31840.0,0.0015,77
0.17937342181163318,0.000494331789230113,0.18886535574462932,0.001570706087963984,0.009491933932996133,0.0016466576853160974,636800.0,0.0005,-5.0,63680.0,0.08,31840.0,0.0015,66
0.17937342181163318,0.000494331789230113,0.19237592370814857,0.002633494708567324,0.01300250189651539,0.002679488439589829,636800.0,0.0005,-5.0,63680.0,0.08,31840.0,0.0015,55
0.17937342181163318,0.000494331789230113,0.18580605457712143,0.004666701581814044,0.00643263276548825,0.004692810199821547,636800.0,0.0005,-5.0,63680.0,0.008,31840.0,0.03,77
0.17937342181163318,0.000494331789230113,0.18886535574462932,0.004761768772370317,0.009491933932996133,0.004787358954513915,636800.0,0.0005,-5.0,63680.0,0.008,31840.0,0.03,66
0.17937342181163318,0.000494331789230113,0.19237592370814857,0.004931364129009569,0.01300250189651539,0.004956078701022186,636800.0,0.0005,-5.0,63680.0,0.008,31840.0,0.03,55
0.17937342181163318,0.000494331789230113,0.18580605457712143,0.0006723108805231771,0.00643263276548825,0.0008344853730972728,636800.0,0.0005,-5.0,63680.0,0.008,31840.0,0.003,77
0.17937342181163318,0.000494331789230113,0.18886535574462932,0.0006943562571379273,0.009491933932996133,0.000852346484517908,636800.0,0.0005,-5.0,63680.0,0.008,31840.0,0.003,66
0.17937342181163318,0.000494331789230113,0.19237592370814857,0.0007422136223134814,0.01300250189651539,0.0008917650918213518,636800.0,0.0005,-5.0,63680.0,0.008,31840.0,0.003,55
0.17937342181163318,0.000494331789230113,0.18580605457712143,0.0005389253596741285,0.00643263276548825,0.0007313032620899032,636800.0,0.0005,-5.0,63680.0,0.008,31840.0,0.0015,77
0.17937342181163318,0.000494331789230113,0.18886535574462932,0.0005603633124185258,0.009491933932996133,0.0007472422363250803,636800.0,0.0005,-5.0,63680.0,0.008,31840.0,0.0015,66
0.17937342181163318,0.000494331789230113,0.19237592370814857,0.0006089535793608376,0.01300250189651539,0.0007843394543562251,636800.0,0.0005,-5.0,63680.0,0.008,31840.0,0.0015,55
0.0,0.000494331789230113,0.0,0.0049882501614769825,0.0,0.005012684270061161,636800.0,0.0005,0.0,63680.0,0.16,31840.0,0.03,77
0.0,0.000494331789230113,0.0,0.005599297269113857,0.0,0.005621075860166747,636800.0,0.0005,0.0,63680.0,0.16,31840.0,0.03,66
0.0,0.000494331789230113,0.0,0.007125668752943761,0.0,0.007142794907774024,636800.0,0.0005,0.0,63680.0,0.16,31840.0,0.03,55
0.0,0.000494331789230113,0.0,0.0018858785591439205,0.0,0.001949590176853124,636800.0,0.0005,0.0,63680.0,0.16,31840.0,0.003,77
0.0,0.000494331789230113,0.0,0.0030265192347334532,0.0,0.003066623973697299,636800.0,0.0005,0.0,63680.0,0.16,31840.0,0.003,66
0.0,0.000494331789230113,0.0,0.005196891769600972,0.0,0.005220349411944546,636800.0,0.0005,0.0,63680.0,0.16,31840.0,0.003,55
0.0,0.000494331789230113,0.0,0.001842546217349446,0.0,0.0019077055540392485,636800.0,0.0005,0.0,63680.0,0.16,31840.0,0.0015,77
0.0,0.000494331789230113,0.0,0.002998615531922987,0.0,0.0030390885189696634,636800.0,0.0005,0.0,63680.0,0.16,31840.0,0.0015,66
0.0,0.000494331789230113,0.0,0.005179539310171725,0.0,0.005203075185258967,636800.0,0.0005,0.0,63680.0,0.16,31840.0,0.0015,55
0.0,0.000494331789230113,0.0,0.004748515774915997,0.0,0.0047741769953018615,636800.0,0.0005,0.0,63680.0,0.08,31840.0,0.03,77
0.0,0.000494331789230113,0.0,0.004982725400258764,0.0,0.005007186468689508,636800.0,0.0005,0.0,63680.0,0.08,31840.0,0.03,66
0.0,0.000494331789230113,0.0,0.005557231513183352,0.0,0.005579174312473269,636800.0,0.0005,0.0,63680.0,0.08,31840.0,0.03,55
0.0,0.000494331789230113,0.0,0.001105576922240133,0.0,0.001211059143408533,636800.0,0.0005,0.0,63680.0,0.08,31840.0,0.003,77
0.0,0.000494331789230113,0.0,0.001623342596215908,0.0,0.0016969399230769631,636800.0,0.0005,0.0,63680.0,0.08,31840.0,0.003,66
0.0,0.000494331789230113,0.0,0.002667461523505678,0.0,0.002712879447602985,636800.0,0.0005,0.0,63680.0,0.08,31840.0,0.003,55
0.0,0.000494331789230113,0.0,0.0010299218194698043,0.0,0.0011424109908712526,636800.0,0.0005,0.0,63680.0,0.08,31840.0,0.0015,77
0.0,0.000494331789230113,0.0,0.001570706087963962,0.0,0.0016466576853160762,636800.0,0.0005,0.0,63680.0,0.08,31840.0,0.0015,66
0.0,0.000494331789230113,0.0,0.002633494708567285,0.0,0.002679488439589791,636800.0,0.0005,0.0,63680.0,0.08,31840.0,0.0015,55
0.0,0.000494331789230113,0.0,0.0046667015818140775,0.0,0.00469281019982158,636800.0,0.0005,0.0,63680.0,0.008,31840.0,0.03,77
0.0,0.000494331789230113,0.0,0.004761768772370404,0.0,0.004787358954514001,636800.0,0.0005,0.0,63680.0,0.008,31840.0,0.03,66
0.0,0.000494331789230113,0.0,0.0049313641290095675,0.0,0.004956078701022184,636800.0,0.0005,0.0,63680.0,0.008,31840.0,0.03,55
0.0,0.000494331789230113,0.0,0.0006723108805231846,0.0,0.0008344853730972788,636800.0,0.0005,0.0,63680.0,0.008,31840.0,0.003,77
0.0,0.000494331789230113,0.0,0.0006943562571379281,0.0,0.0008523464845179087,636800.0,0.0005,0.0,63680.0,0.008,31840.0,0.003,66
0.0,0.000494331789230113,0.0,0.0007422136223134814,0.0,0.0008917650918213518,636800.0,0.0005,0.0,63680.0,0.008,31840.0,0.003,55
0.0,0.000494331789230113,0.0,0.0005389253596741285,0.0,0.0007313032620899033,636800.0,0.0005,0.0,63680.0,0.008,31840.0,0.0015,77
0.0,0.000494331789230113,0.0,0.0005603633124185248,0.0,0.0007472422363250796,636800.0,0.0005,0.0,63680.0,0.008,31840.0,0.0015,66
0.0,0.000494331789230113,0.0,0.0006089535793608369,0.0,0.0007843394543562245,636800.0,0.0005,0.0,63680.0,0.008,31840.0,0.0015,55
-0.17937342181163318,0.000494331789230113,-0.18580605457712143,0.004988250161476922,-0.00643263276548825,0.005012684270061099,636800.0,0.0005,5.0,63680.0,0.16,31840.0,0.03,77
-0.17937342181163318,0.000494331789230113,-0.18886535574462932,0.005599297269113919,-0.009491933932996133,0.00562107586016681,636800.0,0.0005,5.0,63680.0,0.16,31840.0,0.03,66
-0.17937342181163318,0.000494331789230113,-0.19237592370814857,0.0071256687529438496,-0.01300250189651539,0.007142794907774113,636800.0,0.0005,5.0,63680.0,0.16,31840.0,0.03,55
-0.17937342181163318,0.000494331789230113,-0.18580605457712143,0.0018858785591439166,-0.00643263276548825,0.00194959017685312,636800.0,0.0005,5.0,63680.0,0.16,31840.0,0.003,77
-0.17937342181163318,0.000494331789230113,-0.18886535574462932,0.003026519234733478,-0.009491933932996133,0.0030666239736973234,636800.0,0.0005,5.0,63680.0,0.16,31840.0,0.003,66
-0.17937342181163318,0.000494331789230113,-0.19237592370814857,0.005196891769600925,-0.01300250189651539,0.0052203494119444985,636800.0,0.0005,5.0,63680.0,0.16,31840.0,0.003,55
-0.17937342181163318,0.000494331789230113,-0.18580605457712143,0.0018425462173494492,-0.00643263276548825,0.0019077055540392518,636800.0,0.0005,5.0,63680.0,0.16,31840.0,0.0015,77
-0.17937342181163318,0.000494331789230113,-0.18886535574462932,0.002998615531922961,-0.009491933932996133,0.003039088518969638,636800.0,0.0005,5.0,63680.0,0.16,31840.0,0.0015,66
-0.17937342181163318,0.000494331789230113,-0.19237592370814857,0.0051795393101717446,-0.01300250189651539,0.005203075185258987,636800.0,0.0005,5.0,63680.0,0.16,31840.0,0.0015,55
-0.17937342181163318,0.000494331789230113,-0.18580605457712143,0.0047485157749159864,-0.00643263276548825,0.004774176995301852,636800.0,0.0005,5.0,63680.0,0.08,31840.0,0.03,77
-0.17937342181163318,0.000494331789230113,-0.18886535574462932,0.004982725400258773,-0.009491933932996133,0.005007186468689517,636800.0,0.0005,5.0,63680.0,0.08,31840.0,0.03,66
-0.17937342181163318,0.000494331789230113,-0.19237592370814857,0.005557231513183302,-0.01300250189651539,0.005579174312473219,636800.0,0.0005,5.0,63680.0,0.08,31840.0,0.03,55
-0.17937342181163318,0.000494331789230113,-0.18580605457712143,0.001105576922240133,-0.00643263276548825,0.0012110591434085333,636800.0,0.0005,5.0,63680.0,0.08,31840.0,0.003,77
-0.17937342181163318,0.000494331789230113,-0.18886535574462932,0.0016233425962159291,-0.009491933932996133,0.0016969399230769833,636800.0,0.0005,5.0,63680.0,0.08,31840.0,0.003,66
-0.17937342181163318,0.000494331789230113,-0.19237592370814857,0.0026674615235056528,-0.01300250189651539,0.0027128794476029604,636800.0,0.0005,5.0,63680.0,0.08,31840.0,0.003,55
-0.17937342181163318,0.000494331789230113,-0.18580605457712143,0.0010299218194697987,-0.00643263276548825,0.0011424109908712474,636800.0,0.0005,5.0,63680.0,0.08,31840.0,0.0015,77
-0.17937342181163318,0.000494331789230113,-0.18886535574462932,0.0015707060879639931,-0.009491933932996133,0.001646657685316106,636800.0,0.0005,5.0,63680.0,0.08,31840.0,0.0015,66
-0.17937342181163318,0.000494331789230113,-0.19237592370814857,0.0026334947085672918,-0.01300250189651539,0.002679488439589798,636800.0,0.0005,5.0,63680.0,0.08,31840.0,0.0015,55
-0.17937342181163318,0.000494331789230113,-0.18580605457712143,0.004666701581814056,-0.00643263276548825,0.004692810199821559,636800.0,0.0005,5.0,63680.0,0.008,31840.0,0.03,77
-0.17937342181163318,0.000494331789230113,-0.18886535574462932,0.004761768772370335,-0.009491933932996133,0.004787358954513932,636800.0,0.0005,5.0,63680.0,0.008,31840.0,0.03,66
-0.17937342181163318,0.000494331789230113,-0.19237592370814857,0.004931364129009584,-0.01300250189651539,0.0049560787010222,636800.0,0.0005,5.0,63680.0,0.008,31840.0,0.03,55
-0.17937342181163318,0.000494331789230113,-0.18580605457712143,0.0006723108805231842,-0.00643263276548825,0.0008344853730972785,636800.0,0.0005,5.0,63680.0,0.008,31840.0,0.003,77
-0.17937342181163318,0.000494331789230113,-0.18886535574462932,0.0006943562571379273,-0.009491933932996133,0.0008523464845179079,636800.0,0.0005,5.0,63680.0,0.008,31840.0,0.003,66
-0.17937342181163318,0.000494331789230113,-0.19237592370814857,0.0007422136223134819,-0.01300250189651539,0.0008917650918213524,636800.0,0.0005,5.0,63680.0,0.008,31840.0,0.003,55
-0.17937342181163318,0.000494331789230113,-0.18580605457712143,0.0005389253596741285,-0.00643263276548825,0.0007313032620899033,636800.0,0.0005,5.0,63680.0,0.008,31840.0,0.0015,77
-0.17937342181163318,0.000494331789230113,-0.18886535574462932,0.0005603633124185242,-0.009491933932996133,0.0007472422363250791,636800.0,0.0005,5.0,63680.0,0.008,31840.0,0.0015,66
-0.17937342181163318,0.000494331789230113,-0.19237592370814857,0.0006089535793608377,-0.01300250189651539,0.0007843394543562251,636800.0,0.0005,5.0,63680.0,0.008,31840.0,0.0015,55
-0.5381202654348995,0.000494331789230113,-0.5574181637313642,0.004988250161477,-0.019297898296464666,0.005012684270061178,636800.0,0.0005,15.0,63680.0,0.16,31840.0,0.03,77
-0.5381202654348995,0.000494331789230113,-0.5665960672338881,0.005599297269113912,-0.028475801798988565,0.005621075860166803,636800.0,0.0005,15.0,63680.0,0.16,31840.0,0.03,66
-0.5381202654348995,0.000494331789230113,-0.5771277711244457,0.007125668752943851,-0.03900750568954614,0.007142794907774115,636800.0,0.0005,15.0,63680.0,0.16,31840.0,0.03,55
-0.5381202654348995,0.000494331789230113,-0.5574181637313642,0.001885878559143911,-0.019297898296464666,0.0019495901768531146,636800.0,0.0005,15.0,63680.0,0.16,31840.0,0.003,77
-0.5381202654348995,0.000494331789230113,-0.5665960672338881,0.003026519234733468,-0.028475801798988565,0.0030666239736973134,636800.0,0.0005,15.0,63680.0,0.16,31840.0,0.003,66
-0.5381202654348995,0.000494331789230113,-0.5771277711244457,0.00519689176960091,-0.03900750568954614,0.005220349411944485,636800.0,0.0005,15.0,63680.0,0.16,31840.0,0.003,55
-0.5381202654348995,0.000494331789230113,-0.5574181637313642,0.0018425462173494293,-0.019297898296464666,0.0019077055540392325,636800.0,0.0005,15.0,63680.0,0.16,31840.0,0.0015,77
-0.5381202654348995,0.000494331789230113,-0.5665960672338881,0.002998615531922994,-0.028475801798988565,0.0030390885189696703,636800.0,0.0005,15.0,63680.0,0.16,31840.0,0.0015,66
-0.5381202654348995,0.000494331789230113,-0.5771277711244457,0.005179539310171757,-0.03900750568954614,0.005203075185258999,636800.0,0.0005,15.0,63680.0,0.16,31840.0,0.0015,55
-0.5381202654348995,0.000494331789230113,-0.5574181637313642,0.004748515774915998,-0.019297898296464666,0.004774176995301863,636800.0,0.0005,15.0,63680.0,0.08,31840.0,0.03,77
-0.5381202654348995,0.000494331789230113,-0.5665960672338881,0.004982725400258755,-0.028475801798988565,0.0050071864686895,636800.0,0.0005,15.0,63680.0,0.08,31840.0,0.03,66
-0.5381202654348995,0.000494331789230113,-0.5771277711244457,0.005557231513183337,-0.03900750568954614,0.005579174312473254,636800.0,0.0005,15.0,63680.0,0.08,31840.0,0.03,55
-0.5381202654348995,0.000494331789230113,-0.5574181637313642,0.0011055769222401276,-0.019297898296464666,0.0012110591434085283,636800.0,0.0005,15.0,63680.0,0.08,31840.0,0.003,77
-0.5381202654348995,0.000494331789230113,-0.5665960672338881,0.001623342596215926,-0.028475801798988565,0.0016969399230769805,636800.0,0.0005,15.0,63680.0,0.08,31840.0,0.003,66
-0.5381202654348995,0.000494331789230113,-0.5771277711244457,0.0026674615235056697,-0.03900750568954614,0.002712879447602977,636800.0,0.0005,15.0,63680.0,0.08,31840.0,0.003,55
-0.5381202654348995,0.000494331789230113,-0.5574181637313642,0.0010299218194698024,-0.019297898296464666,0.0011424109908712509,636800.0,0.0005,15.0,63680.0,0.08,31840.0,0.0015,77
-0.5381202654348995,0.000494331789230113,-0.5665960672338881,0.0015707060879639788,-0.028475801798988565,0.0016466576853160924,636800.0,0.0005,15.0,63680.0,0.08,31840.0,0.0015,66
-0.5381202654348995,0.000494331789230113,-0.5771277711244457,0.0026334947085672983,-0.03900750568954614,0.002679488439589804,636800.0,0.0005,15.0,63680.0,0.08,31840.0,0.0015,55
-0.5381202654348995,0.000494331789230113,-0.5574181637313642,0.00466670158181405,-0.019297898296464666,0.004692810199821553,636800.0,0.0005,15.0,63680.0,0.008,31840.0,0.03,77
-0.5381202654348995,0.000494331789230113,-0.5665960672338881,0.004761768772370377,-0.028475801798988565,0.004787358954513974,636800.0,0.0005,15.0,63680.0,0.008,31840.0,0.03,66
-0.5381202654348995,0.000494331789230113,-0.5771277711244457,0.0049313641290095675,-0.03900750568954614,0.004956078701022184,636800.0,0.0005,15.0,63680.0,0.008,31840.0,0.03,55
-0.5381202654348995,0.000494331789230113,-0.5574181637313642,0.0006723108805231828,-0.019297898296464666,0.0008344853730972774,636800.0,0.0005,15.0,63680.0,0.008,31840.0,0.003,77
-0.5381202654348995,0.000494331789230113,-0.5665960672338881,0.0006943562571379261,-0.028475801798988565,0.000852346484517907,636800.0,0.0005,15.0,63680.0,0.008,31840.0,0.003,66
-0.5381202654348995,0.000494331789230113,-0.5771277711244457,0.0007422136223134851,-0.03900750568954614,0.000891765091821355,636800.0,0.0005,15.0,63680.0,0.008,31840.0,0.003,55
-0.5381202654348995,0.000494331789230113,-0.5574181637313642,0.0005389253596741281,-0.019297898296464666,0.000731303262089903,636800.0,0.0005,15.0,63680.0,0.008,31840.0,0.0015,77
-0.5381202654348995,0.000494331789230113,-0.5665960672338881,0.0005603633124185225,-0.028475801798988565,0.0007472422363250778,636800.0,0.0005,15.0,63680.0,0.008,31840.0,0.0015,66
-0.5381202654348995,0.000494331789230113,-0.5771277711244457,0.0006089535793608367,-0.03900750568954614,0.0007843394543562244,636800.0,0.0005,15.0,63680.0,0.008,31840.0,0.0015,55
0.5381202654348995,0.0049433178923011314,0.5574181637313642,0.006894521710447736,0.019297898296464666,0.00848356183452326,636800.0,0.005,-15.0,63680.0,0.16,31840.0,0.03,77
0.5381202654348995,0.0049433178923011314,0.5665960672338881,0.007398488945465887,0.028475801798988565,0.00889797900989463,636800.0,0.005,-15.0,63680.0,0.16,31840.0,0.03,66
0.5381202654348995,0.0049433178923011314,0.5771277711244457,0.008659124620903227,0.03900750568954614,0.009970798914062851,636800.0,0.005,-15.0,63680.0,0.16,31840.0,0.03,55
0.5381202654348995,0.0049433178923011314,0.5574181637313642,0.005119406985403549,0.019297898296464666,0.007116510357369203,636800.0,0.005,-15.0,63680.0,0.16,31840.0,0.003,77
0.5381202654348995,0.0049433178923011314,0.5665960672338881,0.00570485122036386,0.028475801798988565,0.007548623664671033,636800.0,0.005,-15.0,63680.0,0.16,31840.0,0.003,66
0.5381202654348995,0.0049433178923011314,0.5771277711244457,0.007156323643365894,0.03900750568954614,0.008697664046911802,636800.0,0.005,-15.0,63680.0,0.16,31840.0,0.003,55
0.5381202654348995,0.0049433178923011314,0.5574181637313642,0.005103603286446613,0.019297898296464666,0.0071051501243656464,636800.0,0.005,-15.0,63680.0,0.16,31840.0,0.0015,77
0.5381202654348995,0.0049433178923011314,0.5665960672338881,0.005690097000628819,0.028475801798988565,0.007537479397047104,636800.0,0.005,-15.0,63680.0,0.16,31840.0,0.0015,66
0.5381202654348995,0.0049433178923011314,0.5771277711244457,0.007143732322061493,0.03900750568954614,0.008687307020798252,636800.0,0.005,-15.0,63680.0,0.16,31840.0,0.0015,55
0.5381202654348995,0.0049433178923011314,0.5574181637313642,0.00672310880523182,0.019297898296464666,0.008344853730972768,636800.0,0.005,-15.0,63680.0,0.08,31840.0,0.03,77
0.5381202654348995,0.0049433178923011314,0.5665960672338881,0.006943562571379245,0.028475801798988565,0.008523464845179057,636800.0,0.005,-15.0,63680.0,0.08,31840.0,0.03,66
0.5381202654348995,0.0049433178923011314,0.5771277711244457,0.0074221362231347955,0.03900750568954614,0.008917650918213503,636800.0,0.005,-15.0,63680.0,0.08,31840.0,0.03,55
0.5381202654348995,0.0049433178923011314,0.5574181637313642,0.004886111979206969,0.019297898296464666,0.00695057422503309,636800.0,0.005,-15.0,63680.0,0.08,31840.0,0.003,77
0.5381202654348995,0.0049433178923011314,0.5665960672338881,0.0051010538080836125,0.028475801798988565,0.0071033190648674095,636800.0,0.005,-15.0,63680.0,0.08,31840.0,0.003,66
0.5381202654348995,0.0049433178923011314,0.5771277711244457,0.005596484164458554,0.03900750568954614,0.0074670627951946315,636800.0,0.005,-15.0,63680.0,0.08,31840.0,0.003,55
0.5381202654348995,0.0049433178923011314,0.5574181637313642,0.004869551200735019,0.019297898296464666,0.006938942331575063,636800.0,0.005,-15.0,63680.0,0.08,31840.0,0.0015,77
0.5381202654348995,0.0049433178923011314,0.5665960672338881,0.00508454780516836,0.028475801798988565,0.007091475034672751,636800.0,0.005,-15.0,63680.0,0.08,31840.0,0.0015,66
0.5381202654348995,0.0049433178923011314,0.5771277711244457,0.005580374396373781,0.03900750568954614,0.0074549963238118725,636800.0,0.005,-15.0,63680.0,0.08,31840.0,0.0015,55
0.5381202654348995,0.0049433178923011314,0.5574181637313642,0.0066655752637012275,0.019297898296464666,0.008298571285493075,636800.0,0.005,-15.0,63680.0,0.008,31840.0,0.03,77
0.5381202654348995,0.0049433178923011314,0.5665960672338881,0.006786748161660036,0.028475801798988565,0.008396210001788924,636800.0,0.005,-15.0,63680.0,0.008,31840.0,0.03,66
0.5381202654348995,0.0049433178923011314,0.5771277711244457,0.0069658909119031205,0.03900750568954614,0.008541664239530783,636800.0,0.005,-15.0,63680.0,0.008,31840.0,0.03,55
0.5381202654348995,0.0049433178923011314,0.5574181637313642,0.004806640392460178,0.019297898296464666,0.006894938987893528,636800.0,0.005,-15.0,63680.0,0.008,31840.0,0.003,77
0.5381202654348995,0.0049433178923011314,0.5665960672338881,0.004885451809208831,0.028475801798988565,0.006950110154842607,636800.0,0.005,-15.0,63680.0,0.008,31840.0,0.003,66
0.5381202654348995,0.0049433178923011314,0.5771277711244457,0.004975556761288095,0.03900750568954614,0.007013740576122285,636800.0,0.005,-15.0,63680.0,0.008,31840.0,0.003,55
0.5381202654348995,0.0049433178923011314,0.5574181637313642,0.004789804848389939,0.019297898296464666,0.006883213077480913,636800.0,0.005,-15.0,63680.0,0.008,31840.0,0.0015,77
0.5381202654348995,0.0049433178923011314,0.5665960672338881,0.00486821484839976,0.028475801798988565,0.006938004583057321,636800.0,0.005,-15.0,63680.0,0.008,31840.0,0.0015,66
0.5381202654348995,0.0049433178923011314,0.5771277711244457,0.004957429624862904,0.03900750568954614,0.007000892819477588,636800.0,0.005,-15.0,63680.0,0.008,31840.0,0.0015,55
0.17937342181163318,0.0049433178923011314,0.18580605457712143,0.006894521710447702,0.00643263276548825,0.008483561834523234,636800.0,0.005,-5.0,63680.0,0.16,31840.0,0.03,77
0.17937342181163318,0.0049433178923011314,0.18886535574462932,0.007398488945465931,0.009491933932996133,0.008897979009894667,636800.0,0.005,-5.0,63680.0,0.16,31840.0,0.03,66
0.17937342181163318,0.0049433178923011314,0.19237592370814857,0.008659124620903217,0.01300250189651539,0.009970798914062844,636800.0,0.005,-5.0,63680.0,0.16,31840.0,0.03,55
0.17937342181163318,0.0049433178923011314,0.18580605457712143,0.0051194069854035495,0.00643263276548825,0.007116510357369204,636800.0,0.005,-5.0,63680.0,0.16,31840.0,0.003,77
0.17937342181163318,0.0049433178923011314,0.18886535574462932,0.0057048512203638525,0.009491933932996133,0.0075486236646710265,636800.0,0.005,-5.0,63680.0,0.16,31840.0,0.003,66
0.17937342181163318,0.0049433178923011314,0.19237592370814857,0.0071563236433658875,0.01300250189651539,0.008697664046911798,636800.0,0.005,-5.0,63680.0,0.16,31840.0,0.003,55
0.17937342181163318,0.0049433178923011314,0.18580605457712143,0.0051036032864466094,0.00643263276548825,0.007105150124365644,636800.0,0.005,-5.0,63680.0,0.16,31840.0,0.0015,77
0.17937342181163318,0.0049433178923011314,0.18886535574462932,0.005690097000628821,0.009491933932996133,0.007537479397047105,636800.0,0.005,-5.0,63680.0,0.16,31840.0,0.0015,66
0.17937342181163318,0.0049433178923011314,0.19237592370814857,0.0071437323220615015,0.01300250189651539,0.008687307020798257,636800.0,0.005,-5.0,63680.0,0.16,31840.0,0.0015,55
0.17937342181163318,0.0049433178923011314,0.18580605457712143,0.006723108805231855,0.00643263276548825,0.008344853730972797,636800.0,0.005,-5.0,63680.0,0.08,31840.0,0.03,77
0.17937342181163318,0.0049433178923011314,0.18886535574462932,0.006943562571379277,0.009491933932996133,0.008523464845179083,636800.0,0.005,-5.0,63680.0,0.08,31840.0,0.03,66
0.17937342181163318,0.0049433178923011314,0.19237592370814857,0.007422136223134743,0.01300250189651539,0.00891765091821346,636800.0,0.005,-5.0,63680.0,0.08,31840.0,0.03,55
0.17937342181163318,0.0049433178923011314,0.18580605457712143,0.0048861119792069675,0.00643263276548825,0.0069505742250330895,636800.0,0.005,-5.0,63680.0,0.08,31840.0,0.003,77
0.17937342181163318,0.0049433178923011314,0.18886535574462932,0.005101053808083611,0.009491933932996133,0.007103319064867409,636800.0,0.005,-5.0,63680.0,0.08,31840.0,0.003,66
0.17937342181163318,0.0049433178923011314,0.19237592370814857,0.00559648416445855,0.01300250189651539,0.007467062795194628,636800.0,0.005,-5.0,63680.0,0.08,31840.0,0.003,55
0.17937342181163318,0.0049433178923011314,0.18580605457712143,0.0048695512007350195,0.00643263276548825,0.006938942331575063,636800.0,0.005,-5.0,63680.0,0.08,31840.0,0.0015,77
0.17937342181163318,0.0049433178923011314,0.18886535574462932,0.00508454780516836,0.009491933932996133,0.007091475034672751,636800.0,0.005,-5.0,63680.0,0.08,31840.0,0.0015,66
0.17937342181163318,0.0049433178923011314,0.19237592370814857,0.005580374396373773,0.01300250189651539,0.007454996323811866,636800.0,0.005,-5.0,63680.0,0.08,31840.0,0.0015,55
0.17937342181163318,0.0049433178923011314,0.18580605457712143,0.006665575263701231,0.00643263276548825,0.008298571285493076,636800.0,0.005,-5.0,63680.0,0.008,31840.0,0.03,77
0.17937342181163318,0.0049433178923011314,0.18886535574462932,0.006786748161660108,0.009491933932996133,0.008396210001788983,636800.0,0.005,-5.0,63680.0,0.008,31840.0,0.03,66
0.17937342181163318,0.0049433178923011314,0.19237592370814857,0.00696589091190309,0.01300250189651539,0.008541664239530759,636800.0,0.005,-5.0,63680.0,0.008,31840.0,0.03,55
0.17937342181163318,0.0049433178923011314,0.18580605457712143,0.004806640392460178,0.00643263276548825,0.006894938987893529,636800.0,0.005,-5.0,63680.0,0.008,31840.0,0.003,77
0.17937342181163318,0.0049433178923011314,0.18886535574462932,0.00488545180920883,0.009491933932996133,0.006950110154842607,636800.0,0.005,-5.0,63680.0,0.008,31840.0,0.003,66
0.17937342181163318,0.0049433178923011314,0.19237592370814857,0.004975556761288095,0.01300250189651539,0.007013740576122285,636800.0,0.005,-5.0,63680.0,0.008,31840.0,0.003,55
0.17937342181163318,0.0049433178923011314,0.18580605457712143,0.004789804848389939,0.00643263276548825,0.006883213077480913,636800.0,0.005,-5.0,63680.0,0.008,31840.0,0.0015,77
0.17937342181163318,0.0049433178923011314,0.18886535574462932,0.00486821484839976,0.009491933932996133,0.006938004583057321,636800.0,0.005,-5.0,63680.0,0.008,31840.0,0.0015,66
0.17937342181163318,0.0049433178923011314,0.19237592370814857,0.004957429624862904,0.01300250189651539,0.007000892819477587,636800.0,0.005,-5.0,63680.0,0.008,31840.0,0.0015,55
0.0,0.0049433178923011314,0.0,0.006894521710447676,0.0,0.008483561834523212,636800.0,0.005,0.0,63680.0,0.16,31840.0,0.03,77
0.0,0.0049433178923011314,0.0,0.007398488945465971,0.0,0.0088979790098947,636800.0,0.005,0.0,63680.0,0.16,31840.0,0.03,66
0.0,0.0049433178923011314,0.0,0.008659124620903215,0.0,0.009970798914062842,636800.0,0.005,0.0,63680.0,0.16,31840.0,0.03,55
0.0,0.0049433178923011314,0.0,0.005119406985403549,0.0,0.007116510357369203,636800.0,0.005,0.0,63680.0,0.16,31840.0,0.003,77
0.0,0.0049433178923011314,0.0,0.00570485122036385,0.0,0.007548623664671025,636800.0,0.005,0.0,63680.0,0.16,31840.0,0.003,66
0.0,0.0049433178923011314,0.0,0.007156323643365878,0.0,0.00869766404691179,636800.0,0.005,0.0,63680.0,0.16,31840.0,0.003,55
0.0,0.0049433178923011314,0.0,0.005103603286446605,0.0,0.007105150124365641,636800.0,0.005,0.0,63680.0,0.16,31840.0,0.0015,77
0.0,0.0049433178923011314,0.0,0.005690097000628809,0.0,0.007537479397047097,636800.0,0.005,0.0,63680.0,0.16,31840.0,0.0015,66
0.0,0.0049433178923011314,0.0,0.007143732322061491,0.0,0.00868730702079825,636800.0,0.005,0.0,63680.0,0.16,31840.0,0.0015,55
0.0,0.0049433178923011314,0.0,0.006723108805231834,0.0,0.008344853730972778,636800.0,0.005,0.0,63680.0,0.08,31840.0,0.03,77
0.0,0.0049433178923011314,0.0,0.006943562571379207,0.0,0.008523464845179027,636800.0,0.005,0.0,63680.0,0.08,31840.0,0.03,66
0.0,0.0049433178923011314,0.0,0.007422136223134803,0.0,0.00891765091821351,636800.0,0.005,0.0,63680.0,0.08,31840.0,0.03,55
0.0,0.0049433178923011314,0.0,0.004886111979206968,0.0,0.0069505742250330895,636800.0,0.005,0.0,63680.0,0.08,31840.0,0.003,77
0.0,0.0049433178923011314,0.0,0.005101053808083615,0.0,0.007103319064867412,636800.0,0.005,0.0,63680.0,0.08,31840.0,0.003,66
0.0,0.0049433178923011314,0.0,0.005596484164458542,0.0,0.007467062795194622,636800.0,0.005,0.0,63680.0,0.08,31840.0,0.003,55
0.0,0.0049433178923011314,0.0,0.00486955120073502,0.0,0.0069389423315750634,636800.0,0.005,0.0,63680.0,0.08,31840.0,0.0015,77
0.0,0.0049433178923011314,0.0,0.005084547805168361,0.0,0.007091475034672751,636800.0,0.005,0.0,63680.0,0.08,31840.0,0.0015,66
0.0,0.0049433178923011314,0.0,0.005580374396373767,0.0,0.007454996323811863,636800.0,0.005,0.0,63680.0,0.08,31840.0,0.0015,55
0.0,0.0049433178923011314,0.0,0.006665575263701242,0.0,0.008298571285493087,636800.0,0.005,0.0,63680.0,0.008,31840.0,0.03,77
0.0,0.0049433178923011314,0.0,0.0067867481616601145,0.0,0.008396210001788989,636800.0,0.005,0.0,63680.0,0.008,31840.0,0.03,66
0.0,0.0049433178923011314,0.0,0.006965890911903084,0.0,0.008541664239530752,636800.0,0.005,0.0,63680.0,0.008,31840.0,0.03,55
0.0,0.0049433178923011314,0.0,0.004806640392460178,0.0,0.006894938987893529,636800.0,0.005,0.0,63680.0,0.008,31840.0,0.003,77
0.0,0.0049433178923011314,0.0,0.00488545180920883,0.0,0.006950110154842607,636800.0,0.005,0.0,63680.0,0.008,31840.0,0.003,66
0.0,0.0049433178923011314,0.0,0.004975556761288095,0.0,0.007013740576122285,636800.0,0.005,0.0,63680.0,0.008,31840.0,0.003,55
0.0,0.0049433178923011314,0.0,0.004789804848389939,0.0,0.006883213077480913,636800.0,0.005,0.0,63680.0,0.008,31840.0,0.0015,77
0.0,0.0049433178923011314,0.0,0.004868214848399761,0.0,0.006938004583057322,636800.0,0.005,0.0,63680.0,0.008,31840.0,0.0015,66
0.0,0.0049433178923011314,0.0,0.004957429624862904,0.0,0.007000892819477588,636800.0,0.005,0.0,63680.0,0.008,31840.0,0.0015,55
-0.17937342181163318,0.0049433178923011314,-0.18580605457712143,0.006894521710447704,-0.00643263276548825,0.008483561834523236,636800.0,0.005,5.0,63680.0,0.16,31840.0,0.03,77
-0.17937342181163318,0.0049433178923011314,-0.18886535574462932,0.007398488945465937,-0.009491933932996133,0.008897979009894672,636800.0,0.005,5.0,63680.0,0.16,31840.0,0.03,66
-0.17937342181163318,0.0049433178923011314,-0.19237592370814857,0.008659124620903257,-0.01300250189651539,0.009970798914062877,636800.0,0.005,5.0,63680.0,0.16,31840.0,0.03,55
-0.17937342181163318,0.0049433178923011314,-0.18580605457712143,0.005119406985403548,-0.00643263276548825,0.007116510357369202,636800.0,0.005,5.0,63680.0,0.16,31840.0,0.003,77
-0.17937342181163318,0.0049433178923011314,-0.18886535574462932,0.0057048512203638595,-0.009491933932996133,0.007548623664671031,636800.0,0.005,5.0,63680.0,0.16,31840.0,0.003,66
-0.17937342181163318,0.0049433178923011314,-0.19237592370814857,0.007156323643365903,-0.01300250189651539,0.00869766404691181,636800.0,0.005,5.0,63680.0,0.16,31840.0,0.003,55
-0.17937342181163318,0.0049433178923011314,-0.18580605457712143,0.005103603286446611,-0.00643263276548825,0.007105150124365646,636800.0,0.005,5.0,63680.0,0.16,31840.0,0.0015,77
-0.17937342181163318,0.0049433178923011314,-0.18886535574462932,0.005690097000628815,-0.009491933932996133,0.007537479397047101,636800.0,0.005,5.0,63680.0,0.16,31840.0,0.0015,66
-0.17937342181163318,0.0049433178923011314,-0.19237592370814857,0.007143732322061485,-0.01300250189651539,0.008687307020798245,636800.0,0.005,5.0,63680.0,0.16,31840.0,0.0015,55
-0.17937342181163318,0.0049433178923011314,-0.18580605457712143,0.006723108805231838,-0.00643263276548825,0.008344853730972782,636800.0,0.005,5.0,63680.0,0.08,31840.0,0.03,77
-0.17937342181163318,0.0049433178923011314,-0.18886535574462932,0.006943562571379274,-0.009491933932996133,0.008523464845179081,636800.0,0.005,5.0,63680.0,0.08,31840.0,0.03,66
-0.17937342181163318,0.0049433178923011314,-0.19237592370814857,0.007422136223134821,-0.01300250189651539,0.008917650918213525,636800.0,0.005,5.0,63680.0,0.08,31840.0,0.03,55
-0.17937342181163318,0.0049433178923011314,-0.18580605457712143,0.004886111979206968,-0.00643263276548825,0.0069505742250330895,636800.0,0.005,5.0,63680.0,0.08,31840.0,0.003,77
-0.17937342181163318,0.0049433178923011314,-0.18886535574462932,0.0051010538080836125,-0.009491933932996133,0.00710331906486741,636800.0,0.005,5.0,63680.0,0.08,31840.0,0.003,66
-0.17937342181163318,0.0049433178923011314,-0.19237592370814857,0.005596484164458543,-0.01300250189651539,0.007467062795194623,636800.0,0.005,5.0,63680.0,0.08,31840.0,0.003,55
-0.17937342181163318,0.0049433178923011314,-0.18580605457712143,0.0048695512007350195,-0.00643263276548825,0.006938942331575063,636800.0,0.005,5.0,63680.0,0.08,31840.0,0.0015,77
-0.17937342181163318,0.0049433178923011314,-0.18886535574462932,0.005084547805168357,-0.009491933932996133,0.007091475034672748,636800.0,0.005,5.0,63680.0,0.08,31840.0,0.0015,66
-0.17937342181163318,0.0049433178923011314,-0.19237592370814857,0.005580374396373776,-0.01300250189651539,0.007454996323811868,636800.0,0.005,5.0,63680.0,0.08,31840.0,0.0015,55
-0.17937342181163318,0.0049433178923011314,-0.18580605457712143,0.0066655752637012336,-0.00643263276548825,0.00829857128549308,636800.0,0.005,5.0,63680.0,0.008,31840.0,0.03,77
-0.17937342181163318,0.0049433178923011314,-0.18886535574462932,0.006786748161660088,-0.009491933932996133,0.008396210001788968,636800.0,0.005,5.0,63680.0,0.008,31840.0,0.03,66
-0.17937342181163318,0.0049433178923011314,-0.19237592370814857,0.006965890911903111,-0.01300250189651539,0.008541664239530775,636800.0,0.005,5.0,63680.0,0.008,31840.0,0.03,55
-0.17937342181163318,0.0049433178923011314,-0.18580605457712143,0.004806640392460178,-0.00643263276548825,0.006894938987893528,636800.0,0.005,5.0,63680.0,0.008,31840.0,0.003,77
-0.17937342181163318,0.0049433178923011314,-0.18886535574462932,0.00488545180920883,-0.009491933932996133,0.006950110154842607,636800.0,0.005,5.0,63680.0,0.008,31840.0,0.003,66
-0.17937342181163318,0.0049433178923011314,-0.19237592370814857,0.004975556761288094,-0.01300250189651539,0.007013740576122285,636800.0,0.005,5.0,63680.0,0.008,31840.0,0.003,55
-0.17937342181163318,0.0049433178923011314,-0.18580605457712143,0.004789804848389939,-0.00643263276548825,0.006883213077480913,636800.0,0.005,5.0,63680.0,0.008,31840.0,0.0015,77
-0.17937342181163318,0.0049433178923011314,-0.18886535574462932,0.00486821484839976,-0.009491933932996133,0.006938004583057321,636800.0,0.005,5.0,63680.0,0.008,31840.0,0.0015,66
-0.17937342181163318,0.0049433178923011314,-0.19237592370814857,0.004957429624862904,-0.01300250189651539,0.007000892819477588,636800.0,0.005,5.0,63680.0,0.008,31840.0,0.0015,55
-0.5381202654348995,0.0049433178923011314,-0.5574181637313642,0.006894521710447699,-0.019297898296464666,0.00848356183452323,636800.0,0.005,15.0,63680.0,0.16,31840.0,0.03,77
-0.5381202654348995,0.0049433178923011314,-0.5665960672338881,0.007398488945465936,-0.028475801798988565,0.008897979009894672,636800.0,0.005,15.0,63680.0,0.16,31840.0,0.03,66
-0.5381202654348995,0.0049433178923011314,-0.5771277711244457,0.008659124620903248,-0.03900750568954614,0.00997079891406287,636800.0,0.005,15.0,63680.0,0.16,31840.0,0.03,55
-0.5381202654348995,0.0049433178923011314,-0.5574181637313642,0.005119406985403548,-0.019297898296464666,0.007116510357369203,636800.0,0.005,15.0,63680.0,0.16,31840.0,0.003,77
-0.5381202654348995,0.0049433178923011314,-0.5665960672338881,0.0057048512203638595,-0.028475801798988565,0.007548623664671031,636800.0,0.005,15.0,63680.0,0.16,31840.0,0.003,66
-0.5381202654348995,0.0049433178923011314,-0.5771277711244457,0.007156323643365901,-0.03900750568954614,0.008697664046911809,636800.0,0.005,15.0,63680.0,0.16,31840.0,0.003,55
-0.5381202654348995,0.0049433178923011314,-0.5574181637313642,0.005103603286446614,-0.019297898296464666,0.007105150124365647,636800.0,0.005,15.0,63680.0,0.16,31840.0,0.0015,77
-0.5381202654348995,0.0049433178923011314,-0.5665960672338881,0.0056900970006288215,-0.028475801798988565,0.007537479397047106,636800.0,0.005,15.0,63680.0,0.16,31840.0,0.0015,66
-0.5381202654348995,0.0049433178923011314,-0.5771277711244457,0.007143732322061513,-0.03900750568954614,0.008687307020798268,636800.0,0.005,15.0,63680.0,0.16,31840.0,0.0015,55
-0.5381202654348995,0.0049433178923011314,-0.5574181637313642,0.006723108805231833,-0.019297898296464666,0.008344853730972778,636800.0,0.005,15.0,63680.0,0.08,31840.0,0.03,77
-0.5381202654348995,0.0049433178923011314,-0.5665960672338881,0.006943562571379278,-0.028475801798988565,0.008523464845179084,636800.0,0.005,15.0,63680.0,0.08,31840.0,0.03,66
-0.5381202654348995,0.0049433178923011314,-0.5771277711244457,0.007422136223134803,-0.03900750568954614,0.00891765091821351,636800.0,0.005,15.0,63680.0,0.08,31840.0,0.03,55
-0.5381202654348995,0.0049433178923011314,-0.5574181637313642,0.0048861119792069675,-0.019297898296464666,0.0069505742250330895,636800.0,0.005,15.0,63680.0,0.08,31840.0,0.003,77
-0.5381202654348995,0.0049433178923011314,-0.5665960672338881,0.005101053808083617,-0.028475801798988565,0.007103319064867413,636800.0,0.005,15.0,63680.0,0.08,31840.0,0.003,66
-0.5381202654348995,0.0049433178923011314,-0.5771277711244457,0.005596484164458549,-0.03900750568954614,0.007467062795194627,636800.0,0.005,15.0,63680.0,0.08,31840.0,0.003,55
-0.5381202654348995,0.0049433178923011314,-0.5574181637313642,0.004869551200735021,-0.019297898296464666,0.0069389423315750634,636800.0,0.005,15.0,63680.0,0.08,31840.0,0.0015,77
-0.5381202654348995,0.0049433178923011314,-0.5665960672338881,0.005084547805168351,-0.028475801798988565,0.007091475034672744,636800.0,0.005,15.0,63680.0,0.08,31840.0,0.0015,66
-0.5381202654348995,0.0049433178923011314,-0.5771277711244457,0.005580374396373777,-0.03900750568954614,0.00745499632381187,636800.0,0.005,15.0,63680.0,0.08,31840.0,0.0015,55
-0.5381202654348995,0.0049433178923011314,-0.5574181637313642,0.006665575263701219,-0.019297898296464666,0.008298571285493068,636800.0,0.005,15.0,63680.0,0.008,31840.0,0.03,77
-0.5381202654348995,0.0049433178923011314,-0.5665960672338881,0.006786748161660083,-0.028475801798988565,0.008396210001788963,636800.0,0.005,15.0,63680.0,0.008,31840.0,0.03,66
-0.5381202654348995,0.0049433178923011314,-0.5771277711244457,0.006965890911903108,-0.03900750568954614,0.008541664239530773,636800.0,0.005,15.0,63680.0,0.008,31840.0,0.03,55
-0.5381202654348995,0.0049433178923011314,-0.5574181637313642,0.004806640392460177,-0.019297898296464666,0.006894938987893528,636800.0,0.005,15.0,63680.0,0.008,31840.0,0.003,77
-0.5381202654348995,0.0049433178923011314,-0.5665960672338881,0.004885451809208831,-0.028475801798988565,0.006950110154842608,636800.0,0.005,15.0,63680.0,0.008,31840.0,0.003,66
-0.5381202654348995,0.0049433178923011314,-0.5771277711244457,0.004975556761288095,-0.03900750568954614,0.007013740576122285,636800.0,0.005,15.0,63680.0,0.008,31840.0,0.003,55
-0.5381202654348995,0.0049433178923011314,-0.5574181637313642,0.004789804848389939,-0.019297898296464666,0.006883213077480913,636800.0,0.005,15.0,63680.0,0.008,31840.0,0.0015,77
-0.5381202654348995,0.0049433178923011314,-0.5665960672338881,0.00486821484839976,-0.028475801798988565,0.006938004583057321,636800.0,0.005,15.0,63680.0,0.008,31840.0,0.0015,66
-0.5381202654348995,0.0049433178923011314,-0.5771277711244457,0.004957429624862904,-0.03900750568954614,0.007000892819477587,636800.0,0.005,15.0,63680.0,0.008,31840.0,0.0015,55
0.5381202654348995,0.049433178923011294,0.5574181637313642,0.04809067917852506,0.019297898296464666,0.06896631498265128,636800.0,0.05,-15.0,63680.0,0.16,31840.0,0.03,77
0.5381202654348995,0.049433178923011294,0.5665960672338881,0.04892124809838468,0.028475801798988565,0.06954802437120809,636800.0,0.05,-15.0,63680.0,0.16,31840.0,0.03,66
0.5381202654348995,0.049433178923011294,0.5771277711244457,0.04995506822701306,0.03900750568954614,0.07027907241846593,636800.0,0.05,-15.0,63680.0,0.16,31840.0,0.03,55
0.5381202654348995,0.049433178923011294,0.5574181637313642,0.04786843764024671,0.019297898296464666,0.06881152883458291,636800.0,0.05,-15.0,63680.0,0.16,31840.0,0.003,77
0.5381202654348995,0.049433178923011294,0.5665960672338881,0.04869390315300276,0.028475801798988565,0.06938829427726596,636800.0,0.05,-15.0,63680.0,0.16,31840.0,0.003,66
0.5381202654348995,0.049433178923011294,0.5771277711244457,0.04971661060906903,0.03900750568954614,0.07010977498814444,636800.0,0.05,-15.0,63680.0,0.16,31840.0,0.003,55
0.5381202654348995,0.049433178923011294,0.5574181637313642,0.04786675005409723,0.019297898296464666,0.06881035488337395,636800.0,0.05,-15.0,63680.0,0.16,31840.0,0.0015,77
0.5381202654348995,0.049433178923011294,0.5665960672338881,0.048692176791596514,0.028475801798988565,0.06938708279743816,636800.0,0.05,-15.0,63680.0,0.16,31840.0,0.0015,66
0.5381202654348995,0.049433178923011294,0.5771277711244457,0.04971479974669982,0.03900750568954614,0.07010849087156927,636800.0,0.05,-15.0,63680.0,0.16,31840.0,0.0015,55
0.5381202654348995,0.049433178923011294,0.5574181637313642,0.048066403924601785,0.019297898296464666,0.06894938987893527,636800.0,0.05,-15.0,63680.0,0.08,31840.0,0.03,77
0.5381202654348995,0.049433178923011294,0.5665960672338881,0.04885451809208831,0.028475801798988565,0.06950110154842606,636800.0,0.05,-15.0,63680.0,0.08,31840.0,0.03,66
0.5381202654348995,0.049433178923011294,0.5771277711244457,0.049755567612880955,0.03900750568954614,0.07013740576122285,636800.0,0.05,-15.0,63680.0,0.08,31840.0,0.03,55
0.5381202654348995,0.049433178923011294,0.5574181637313642,0.0478440496248942,0.019297898296464666,0.06879456564979378,636800.0,0.05,-15.0,63680.0,0.08,31840.0,0.003,77
0.5381202654348995,0.049433178923011294,0.5665960672338881,0.04862686116520878,0.028475801798988565,0.06934126336615838,636800.0,0.05,-15.0,63680.0,0.08,31840.0,0.003,66
0.5381202654348995,0.049433178923011294,0.5771277711244457,0.0495161492582797,0.03900750568954614,0.06996776554816282,636800.0,0.05,-15.0,63680.0,0.08,31840.0,0.003,55
0.5381202654348995,0.049433178923011294,0.5574181637313642,0.04784236117848458,0.019297898296464666,0.06879339140911005,636800.0,0.05,-15.0,63680.0,0.08,31840.0,0.0015,77
0.5381202654348995,0.049433178923011294,0.5665960672338881,0.04862513242357873,0.028475801798988565,0.06934005106462654,636800.0,0.05,-15.0,63680.0,0.08,31840.0,0.0015,66
0.5381202654348995,0.049433178923011294,0.5771277711244457,0.04951433106454031,0.03900750568954614,0.06996647882524423,636800.0,0.05,-15.0,63680.0,0.08,31840.0,0.0015,55
0.5381202654348995,0.049433178923011294,0.5574181637313642,0.0480583903999297,0.019297898296464666,0.0689438036829018,636800.0,0.05,-15.0,63680.0,0.008,31840.0,0.03,77
0.5381202654348995,0.049433178923011294,0.5665960672338881,0.0488324771789976,0.028475801798988565,0.06948561006332009,636800.0,0.05,-15.0,63680.0,0.008,31840.0,0.03,66
0.5381202654348995,0.049433178923011294,0.5771277711244457,0.04968955663478728,0.03900750568954614,0.07009059292798273,636800.0,0.05,-15.0,63680.0,0.008,31840.0,0.03,55
0.5381202654348995,0.049433178923011294,0.5574181637313642,0.04783599885126701,0.019297898296464666,0.06878896688083683,636800.0,0.05,-15.0,63680.0,0.008,31840.0,0.003,77
0.5381202654348995,0.049433178923011294,0.5665960672338881,0.048604717016022495,0.028475801798988565,0.0693257361637226,636800.0,0.05,-15.0,63680.0,0.008,31840.0,0.003,66
0.5381202654348995,0.049433178923011294,0.5771277711244457,0.04944981867964733,0.03900750568954614,0.06992083913887509,636800.0,0.05,-15.0,63680.0,0.008,31840.0,0.003,55
0.5381202654348995,0.049433178923011294,0.5574181637313642,0.04783431012068272,0.019297898296464666,0.06878779254457942,636800.0,0.05,-15.0,63680.0,0.008,31840.0,0.0015,77
0.5381202654348995,0.049433178923011294,0.5665960672338881,0.048602987486755435,0.028475801798988565,0.0693245235906613,636800.0,0.05,-15.0,63680.0,0.008,31840.0,0.0015,66
0.5381202654348995,0.049433178923011294,0.5771277711244457,0.0494479980469449,0.03900750568954614,0.06991955155237421,636800.0,0.05,-15.0,63680.0,0.008,31840.0,0.0015,55
0.17937342181163318,0.049433178923011294,0.18580605457712143,0.04809067917852506,0.00643263276548825,0.06896631498265128,636800.0,0.05,-5.0,63680.0,0.16,31840.0,0.03,77
0.17937342181163318,0.049433178923011294,0.18886535574462932,0.048921248098384676,0.009491933932996133,0.06954802437120809,636800.0,0.05,-5.0,63680.0,0.16,31840.0,0.03,66
0.17937342181163318,0.049433178923011294,0.19237592370814857,0.049955068227013066,0.01300250189651539,0.07027907241846593,636800.0,0.05,-5.0,63680.0,0.16,31840.0,0.03,55
0.17937342181163318,0.049433178923011294,0.18580605457712143,0.04786843764024671,0.00643263276548825,0.06881152883458291,636800.0,0.05,-5.0,63680.0,0.16,31840.0,0.003,77
0.17937342181163318,0.049433178923011294,0.18886535574462932,0.04869390315300276,0.009491933932996133,0.06938829427726596,636800.0,0.05,-5.0,63680.0,0.16,31840.0,0.003,66
0.17937342181163318,0.049433178923011294,0.19237592370814857,0.04971661060906903,0.01300250189651539,0.07010977498814444,636800.0,0.05,-5.0,63680.0,0.16,31840.0,0.003,55
0.17937342181163318,0.049433178923011294,0.18580605457712143,0.04786675005409723,0.00643263276548825,0.06881035488337395,636800.0,0.05,-5.0,63680.0,0.16,31840.0,0.0015,77
0.17937342181163318,0.049433178923011294,0.18886535574462932,0.048692176791596514,0.009491933932996133,0.06938708279743816,636800.0,0.05,-5.0,63680.0,0.16,31840.0,0.0015,66
0.17937342181163318,0.049433178923011294,0.19237592370814857,0.04971479974669982,0.01300250189651539,0.07010849087156927,636800.0,0.05,-5.0,63680.0,0.16,31840.0,0.0015,55
0.17937342181163318,0.049433178923011294,0.18580605457712143,0.0480664039246018,0.00643263276548825,0.06894938987893529,636800.0,0.05,-5.0,63680.0,0.08,31840.0,0.03,77
0.17937342181163318,0.049433178923011294,0.18886535574462932,0.0488545180920883,0.009491933932996133,0.06950110154842606,636800.0,0.05,-5.0,63680.0,0.08,31840.0,0.03,66
0.17937342181163318,0.049433178923011294,0.19237592370814857,0.04975556761288096,0.01300250189651539,0.07013740576122285,636800.0,0.05,-5.0,63680.0,0.08,31840.0,0.03,55
0.17937342181163318,0.049433178923011294,0.18580605457712143,0.0478440496248942,0.00643263276548825,0.06879456564979378,636800.0,0.05,-5.0,63680.0,0.08,31840.0,0.003,77
0.17937342181163318,0.049433178923011294,0.18886535574462932,0.04862686116520878,0.009491933932996133,0.06934126336615838,636800.0,0.05,-5.0,63680.0,0.08,31840.0,0.003,66
0.17937342181163318,0.049433178923011294,0.19237592370814857,0.049516149258279706,0.01300250189651539,0.06996776554816284,636800.0,0.05,-5.0,63680.0,0.08,31840.0,0.003,55
0.17937342181163318,0.049433178923011294,0.18580605457712143,0.04784236117848458,0.00643263276548825,0.06879339140911005,636800.0,0.05,-5.0,63680.0,0.08,31840.0,0.0015,77
0.17937342181163318,0.049433178923011294,0.18886535574462932,0.04862513242357873,0.009491933932996133,0.06934005106462654,636800.0,0.05,-5.0,63680.0,0.08,31840.0,0.0015,66
0.17937342181163318,0.049433178923011294,0.19237592370814857,0.04951433106454032,0.01300250189651539,0.06996647882524425,636800.0,0.05,-5.0,63680.0,0.08,31840.0,0.0015,55
0.17937342181163318,0.049433178923011294,0.18580605457712143,0.04805839039992969,0.00643263276548825,0.06894380368290179,636800.0,0.05,-5.0,63680.0,0.008,31840.0,0.03,77
0.17937342181163318,0.049433178923011294,0.18886535574462932,0.04883247717899761,0.009491933932996133,0.06948561006332009,636800.0,0.05,-5.0,63680.0,0.008,31840.0,0.03,66
0.17937342181163318,0.049433178923011294,0.19237592370814857,0.04968955663478728,0.01300250189651539,0.07009059292798271,636800.0,0.05,-5.0,63680.0,0.008,31840.0,0.03,55
0.17937342181163318,0.049433178923011294,0.18580605457712143,0.04783599885126701,0.00643263276548825,0.06878896688083683,636800.0,0.05,-5.0,63680.0,0.008,31840.0,0.003,77
0.17937342181163318,0.049433178923011294,0.18886535574462932,0.048604717016022495,0.009491933932996133,0.0693257361637226,636800.0,0.05,-5.0,63680.0,0.008,31840.0,0.003,66
0.17937342181163318,0.049433178923011294,0.19237592370814857,0.04944981867964733,0.01300250189651539,0.06992083913887509,636800.0,0.05,-5.0,63680.0,0.008,31840.0,0.003,55
0.17937342181163318,0.049433178923011294,0.18580605457712143,0.04783431012068272,0.00643263276548825,0.06878779254457942,636800.0,0.05,-5.0,63680.0,0.008,31840.0,0.0015,77
0.17937342181163318,0.049433178923011294,0.18886535574462932,0.048602987486755435,0.009491933932996133,0.0693245235906613,636800.0,0.05,-5.0,63680.0,0.008,31840.0,0.0015,66
0.17937342181163318,0.049433178923011294,0.19237592370814857,0.0494479980469449,0.01300250189651539,0.06991955155237421,636800.0,0.05,-5.0,63680.0,0.008,31840.0,0.0015,55
0.0,0.049433178923011294,0.0,0.04809067917852506,0.0,0.06896631498265128,636800.0,0.05,0.0,63680.0,0.16,31840.0,0.03,77
0.0,0.049433178923011294,0.0,0.04892124809838467,0.0,0.06954802437120809,636800.0,0.05,0.0,63680.0,0.16,31840.0,0.03,66
0.0,0.049433178923011294,0.0,0.049955068227013066,0.0,0.07027907241846593,636800.0,0.05,0.0,63680.0,0.16,31840.0,0.03,55
0.0,0.049433178923011294,0.0,0.04786843764024671,0.0,0.06881152883458291,636800.0,0.05,0.0,63680.0,0.16,31840.0,0.003,77
0.0,0.049433178923011294,0.0,0.04869390315300276,0.0,0.06938829427726596,636800.0,0.05,0.0,63680.0,0.16,31840.0,0.003,66
0.0,0.049433178923011294,0.0,0.04971661060906904,0.0,0.07010977498814444,636800.0,0.05,0.0,63680.0,0.16,31840.0,0.003,55
0.0,0.049433178923011294,0.0,0.04786675005409723,0.0,0.06881035488337395,636800.0,0.05,0.0,63680.0,0.16,31840.0,0.0015,77
0.0,0.049433178923011294,0.0,0.048692176791596514,0.0,0.06938708279743816,636800.0,0.05,0.0,63680.0,0.16,31840.0,0.0015,66
0.0,0.049433178923011294,0.0,0.04971479974669982,0.0,0.07010849087156927,636800.0,0.05,0.0,63680.0,0.16,31840.0,0.0015,55
0.0,0.049433178923011294,0.0,0.048066403924601785,0.0,0.06894938987893527,636800.0,0.05,0.0,63680.0,0.08,31840.0,0.03,77
0.0,0.049433178923011294,0.0,0.048854518092088316,0.0,0.06950110154842606,636800.0,0.05,0.0,63680.0,0.08,31840.0,0.03,66
0.0,0.049433178923011294,0.0,0.049755567612880955,0.0,0.07013740576122285,636800.0,0.05,0.0,63680.0,0.08,31840.0,0.03,55
0.0,0.049433178923011294,0.0,0.0478440496248942,0.0,0.06879456564979378,636800.0,0.05,0.0,63680.0,0.08,31840.0,0.003,77
0.0,0.049433178923011294,0.0,0.04862686116520878,0.0,0.06934126336615838,636800.0,0.05,0.0,63680.0,0.08,31840.0,0.003,66
0.0,0.049433178923011294,0.0,0.0495161492582797,0.0,0.06996776554816282,636800.0,0.05,0.0,63680.0,0.08,31840.0,0.003,55
0.0,0.049433178923011294,0.0,0.04784236117848458,0.0,0.06879339140911005,636800.0,0.05,0.0,63680.0,0.08,31840.0,0.0015,77
0.0,0.049433178923011294,0.0,0.04862513242357873,0.0,0.06934005106462654,636800.0,0.05,0.0,63680.0,0.08,31840.0,0.0015,66
0.0,0.049433178923011294,0.0,0.04951433106454032,0.0,0.06996647882524425,636800.0,0.05,0.0,63680.0,0.08,31840.0,0.0015,55
0.0,0.049433178923011294,0.0,0.04805839039992969,0.0,0.06894380368290179,636800.0,0.05,0.0,63680.0,0.008,31840.0,0.03,77
0.0,0.049433178923011294,0.0,0.04883247717899761,0.0,0.06948561006332009,636800.0,0.05,0.0,63680.0,0.008,31840.0,0.03,66
0.0,0.049433178923011294,0.0,0.04968955663478728,0.0,0.07009059292798271,636800.0,0.05,0.0,63680.0,0.008,31840.0,0.03,55
0.0,0.049433178923011294,0.0,0.04783599885126701,0.0,0.06878896688083683,636800.0,0.05,0.0,63680.0,0.008,31840.0,0.003,77
0.0,0.049433178923011294,0.0,0.048604717016022495,0.0,0.0693257361637226,636800.0,0.05,0.0,63680.0,0.008,31840.0,0.003,66
0.0,0.049433178923011294,0.0,0.04944981867964733,0.0,0.06992083913887509,636800.0,0.05,0.0,63680.0,0.008,31840.0,0.003,55
0.0,0.049433178923011294,0.0,0.04783431012068272,0.0,0.06878779254457942,636800.0,0.05,0.0,63680.0,0.008,31840.0,0.0015,77
0.0,0.049433178923011294,0.0,0.048602987486755435,0.0,0.0693245235906613,636800.0,0.05,0.0,63680.0,0.008,31840.0,0.0015,66
0.0,0.049433178923011294,0.0,0.0494479980469449,0.0,0.06991955155237421,636800.0,0.05,0.0,63680.0,0.008,31840.0,0.0015,55
-0.17937342181163318,0.049433178923011294,-0.18580605457712143,0.04809067917852506,-0.00643263276548825,0.06896631498265128,636800.0,0.05,5.0,63680.0,0.16,31840.0,0.03,77
-0.17937342181163318,0.049433178923011294,-0.18886535574462932,0.048921248098384676,-0.009491933932996133,0.06954802437120809,636800.0,0.05,5.0,63680.0,0.16,31840.0,0.03,66
-0.17937342181163318,0.049433178923011294,-0.19237592370814857,0.04995506822701306,-0.01300250189651539,0.07027907241846593,636800.0,0.05,5.0,63680.0,0.16,31840.0,0.03,55
-0.17937342181163318,0.049433178923011294,-0.18580605457712143,0.04786843764024671,-0.00643263276548825,0.06881152883458291,636800.0,0.05,5.0,63680.0,0.16,31840.0,0.003,77
-0.17937342181163318,0.049433178923011294,-0.18886535574462932,0.04869390315300276,-0.009491933932996133,0.06938829427726596,636800.0,0.05,5.0,63680.0,0.16,31840.0,0.003,66
-0.17937342181163318,0.049433178923011294,-0.19237592370814857,0.04971661060906903,-0.01300250189651539,0.07010977498814444,636800.0,0.05,5.0,63680.0,0.16,31840.0,0.003,55
-0.17937342181163318,0.049433178923011294,-0.18580605457712143,0.04786675005409723,-0.00643263276548825,0.06881035488337395,636800.0,0.05,5.0,63680.0,0.16,31840.0,0.0015,77
-0.17937342181163318,0.049433178923011294,-0.18886535574462932,0.048692176791596514,-0.009491933932996133,0.06938708279743816,636800.0,0.05,5.0,63680.0,0.16,31840.0,0.0015,66
-0.17937342181163318,0.049433178923011294,-0.19237592370814857,0.04971479974669982,-0.01300250189651539,0.07010849087156927,636800.0,0.05,5.0,63680.0,0.16,31840.0,0.0015,55
-0.17937342181163318,0.049433178923011294,-0.18580605457712143,0.04806640392460179,-0.00643263276548825,0.06894938987893527,636800.0,0.05,5.0,63680.0,0.08,31840.0,0.03,77
-0.17937342181163318,0.049433178923011294,-0.18886535574462932,0.048854518092088316,-0.009491933932996133,0.06950110154842606,636800.0,0.05,5.0,63680.0,0.08,31840.0,0.03,66
-0.17937342181163318,0.049433178923011294,-0.19237592370814857,0.049755567612880955,-0.01300250189651539,0.07013740576122285,636800.0,0.05,5.0,63680.0,0.08,31840.0,0.03,55
-0.17937342181163318,0.049433178923011294,-0.18580605457712143,0.0478440496248942,-0.00643263276548825,0.06879456564979378,636800.0,0.05,5.0,63680.0,0.08,31840.0,0.003,77
-0.17937342181163318,0.049433178923011294,-0.18886535574462932,0.04862686116520878,-0.009491933932996133,0.06934126336615838,636800.0,0.05,5.0,63680.0,0.08,31840.0,0.003,66
-0.17937342181163318,0.049433178923011294,-0.19237592370814857,0.049516149258279706,-0.01300250189651539,0.06996776554816284,636800.0,0.05,5.0,63680.0,0.08,31840.0,0.003,55
-0.17937342181163318,0.049433178923011294,-0.18580605457712143,0.04784236117848458,-0.00643263276548825,0.06879339140911005,636800.0,0.05,5.0,63680.0,0.08,31840.0,0.0015,77
-0.17937342181163318,0.049433178923011294,-0.18886535574462932,0.04862513242357873,-0.009491933932996133,0.06934005106462654,636800.0,0.05,5.0,63680.0,0.08,31840.0,0.0015,66
-0.17937342181163318,0.049433178923011294,-0.19237592370814857,0.04951433106454032,-0.01300250189651539,0.06996647882524425,636800.0,0.05,5.0,63680.0,0.08,31840.0,0.0015,55
-0.17937342181163318,0.049433178923011294,-0.18580605457712143,0.04805839039992969,-0.00643263276548825,0.06894380368290179,636800.0,0.05,5.0,63680.0,0.008,31840.0,0.03,77
-0.17937342181163318,0.049433178923011294,-0.18886535574462932,0.0488324771789976,-0.009491933932996133,0.06948561006332009,636800.0,0.05,5.0,63680.0,0.008,31840.0,0.03,66
-0.17937342181163318,0.049433178923011294,-0.19237592370814857,0.04968955663478728,-0.01300250189651539,0.07009059292798271,636800.0,0.05,5.0,63680.0,0.008,31840.0,0.03,55
-0.17937342181163318,0.049433178923011294,-0.18580605457712143,0.04783599885126701,-0.00643263276548825,0.06878896688083683,636800.0,0.05,5.0,63680.0,0.008,31840.0,0.003,77
-0.17937342181163318,0.049433178923011294,-0.18886535574462932,0.048604717016022495,-0.009491933932996133,0.0693257361637226,636800.0,0.05,5.0,63680.0,0.008,31840.0,0.003,66
-0.17937342181163318,0.049433178923011294,-0.19237592370814857,0.04944981867964733,-0.01300250189651539,0.06992083913887509,636800.0,0.05,5.0,63680.0,0.008,31840.0,0.003,55
-0.17937342181163318,0.049433178923011294,-0.18580605457712143,0.04783431012068272,-0.00643263276548825,0.06878779254457942,636800.0,0.05,5.0,63680.0,0.008,31840.0,0.0015,77
-0.17937342181163318,0.049433178923011294,-0.18886535574462932,0.048602987486755435,-0.009491933932996133,0.0693245235906613,636800.0,0.05,5.0,63680.0,0.008,31840.0,0.0015,66
-0.17937342181163318,0.049433178923011294,-0.19237592370814857,0.0494479980469449,-0.01300250189651539,0.06991955155237421,636800.0,0.05,5.0,63680.0,0.008,31840.0,0.0015,55
-0.5381202654348995,0.049433178923011294,-0.5574181637313642,0.04809067917852505,-0.019297898296464666,0.06896631498265128,636800.0,0.05,15.0,63680.0,0.16,31840.0,0.03,77
-0.5381202654348995,0.049433178923011294,-0.5665960672338881,0.048921248098384676,-0.028475801798988565,0.06954802437120809,636800.0,0.05,15.0,63680.0,0.16,31840.0,0.03,66
-0.5381202654348995,0.049433178923011294,-0.5771277711244457,0.049955068227013066,-0.03900750568954614,0.07027907241846593,636800.0,0.05,15.0,63680.0,0.16,31840.0,0.03,55
-0.5381202654348995,0.049433178923011294,-0.5574181637313642,0.04786843764024671,-0.019297898296464666,0.06881152883458291,636800.0,0.05,15.0,63680.0,0.16,31840.0,0.003,77
-0.5381202654348995,0.049433178923011294,-0.5665960672338881,0.04869390315300276,-0.028475801798988565,0.06938829427726596,636800.0,0.05,15.0,63680.0,0.16,31840.0,0.003,66
-0.5381202654348995,0.049433178923011294,-0.5771277711244457,0.04971661060906903,-0.03900750568954614,0.07010977498814444,636800.0,0.05,15.0,63680.0,0.16,31840.0,0.003,55
-0.5381202654348995,0.049433178923011294,-0.5574181637313642,0.04786675005409723,-0.019297898296464666,0.06881035488337395,636800.0,0.05,15.0,63680.0,0.16,31840.0,0.0015,77
-0.5381202654348995,0.049433178923011294,-0.5665960672338881,0.048692176791596514,-0.028475801798988565,0.06938708279743816,636800.0,0.05,15.0,63680.0,0.16,31840.0,0.0015,66
-0.5381202654348995,0.049433178923011294,-0.5771277711244457,0.04971479974669982,-0.03900750568954614,0.07010849087156927,636800.0,0.05,15.0,63680.0,0.16,31840.0,0.0015,55
-0.5381202654348995,0.049433178923011294,-0.5574181637313642,0.04806640392460179,-0.019297898296464666,0.06894938987893527,636800.0,0.05,15.0,63680.0,0.08,31840.0,0.03,77
-0.5381202654348995,0.049433178923011294,-0.5665960672338881,0.04885451809208831,-0.028475801798988565,0.06950110154842606,636800.0,0.05,15.0,63680.0,0.08,31840.0,0.03,66
-0.5381202654348995,0.049433178923011294,-0.5771277711244457,0.04975556761288095,-0.03900750568954614,0.07013740576122285,636800.0,0.05,15.0,63680.0,0.08,31840.0,0.03,55
-0.5381202654348995,0.049433178923011294,-0.5574181637313642,0.0478440496248942,-0.019297898296464666,0.06879456564979378,636800.0,0.05,15.0,63680.0,0.08,31840.0,0.003,77
-0.5381202654348995,0.049433178923011294,-0.5665960672338881,0.04862686116520878,-0.028475801798988565,0.06934126336615838,636800.0,0.05,15.0,63680.0,0.08,31840.0,0.003,66
-0.5381202654348995,0.049433178923011294,-0.5771277711244457,0.0495161492582797,-0.03900750568954614,0.06996776554816282,636800.0,0.05,15.0,63680.0,0.08,31840.0,0.003,55
-0.5381202654348995,0.049433178923011294,-0.5574181637313642,0.04784236117848458,-0.019297898296464666,0.06879339140911005,636800.0,0.05,15.0,63680.0,0.08,31840.0,0.0015,77
-0.5381202654348995,0.049433178923011294,-0.5665960672338881,0.04862513242357873,-0.028475801798988565,0.06934005106462654,636800.0,0.05,15.0,63680.0,0.08,31840.0,0.0015,66
-0.5381202654348995,0.049433178923011294,-0.5771277711244457,0.04951433106454031,-0.03900750568954614,0.06996647882524423,636800.0,0.05,15.0,63680.0,0.08,31840.0,0.0015,55
-0.5381202654348995,0.049433178923011294,-0.5574181637313642,0.0480583903999297,-0.019297898296464666,0.0689438036829018,636800.0,0.05,15.0,63680.0,0.008,31840.0,0.03,77
-0.5381202654348995,0.049433178923011294,-0.5665960672338881,0.0488324771789976,-0.028475801798988565,0.06948561006332009,636800.0,0.05,15.0,63680.0,0.008,31840.0,0.03,66
-0.5381202654348995,0.049433178923011294,-0.5771277711244457,0.04968955663478728,-0.03900750568954614,0.07009059292798271,636800.0,0.05,15.0,63680.0,0.008,31840.0,0.03,55
-0.5381202654348995,0.049433178923011294,-0.5574181637313642,0.04783599885126701,-0.019297898296464666,0.06878896688083683,636800.0,0.05,15.0,63680.0,0.008,31840.0,0.003,77
-0.5381202654348995,0.049433178923011294,-0.5665960672338881,0.048604717016022495,-0.028475801798988565,0.0693257361637226,636800.0,0.05,15.0,63680.0,0.008,31840.0,0.003,66
-0.5381202654348995,0.049433178923011294,-0.5771277711244457,0.04944981867964733,-0.03900750568954614,0.06992083913887509,636800.0,0.05,15.0,63680.0,0.008,31840.0,0.003,55
-0.5381202654348995,0.049433178923011294,-0.5574181637313642,0.04783431012068272,-0.019297898296464666,0.06878779254457942,636800.0,0.05,15.0,63680.0,0.008,31840.0,0.0015,77
-0.5381202654348995,0.049433178923011294,-0.5665960672338881,0.048602987486755435,-0.028475801798988565,0.0693245235906613,636800.0,0.05,15.0,63680.0,0.008,31840.0,0.0015,66
-0.5381202654348995,0.049433178923011294,-0.5771277711244457,0.0494479980469449,-0.03900750568954614,0.06991955155237421,636800.0,0.05,15.0,63680.0,0.008,31840.0,0.0015,55
0.5381202654348995,0.4943317892301129,0.5574181637313642,0.478362428340114,0.019297898296464666,0.6878913654719729,636800.0,0.5,-15.0,63680.0,0.16,31840.0,0.03,77
0.5381202654348995,0.4943317892301129,0.5665960672338881,0.48605388199072747,0.028475801798988565,0.6932620673610383,636800.0,0.5,-15.0,63680.0,0.16,31840.0,0.03,66
0.5381202654348995,0.4943317892301129,0.5771277711244457,0.4945183000436741,0.03900750568954614,0.6992226161399029,636800.0,0.5,-15.0,63680.0,0.16,31840.0,0.03,55
0.5381202654348995,0.4943317892301129,0.5574181637313642,0.47834013708418516,0.019297898296464666,0.6878758642292676,636800.0,0.5,-15.0,63680.0,0.16,31840.0,0.003,77
0.5381202654348995,0.4943317892301129,0.5665960672338881,0.4860310523896867,0.028475801798988565,0.6932460614604825,636800.0,0.5,-15.0,63680.0,0.16,31840.0,0.003,66
0.5381202654348995,0.4943317892301129,0.5771277711244457,0.494494268527931,0.03900750568954614,0.6992056202937862,636800.0,0.5,-15.0,63680.0,0.16,31840.0,0.003,55
0.5381202654348995,0.4943317892301129,0.5574181637313642,0.47833996820706953,0.019297898296464666,0.6878757467942775,636800.0,0.5,-15.0,63680.0,0.16,31840.0,0.0015,77
0.5381202654348995,0.4943317892301129,0.5665960672338881,0.486030879434071,0.028475801798988565,0.6932459402022497,636800.0,0.5,-15.0,63680.0,0.16,31840.0,0.0015,66
0.5381202654348995,0.4943317892301129,0.5771277711244457,0.4944940864665362,0.03900750568954614,0.6992054915357995,636800.0,0.5,-15.0,63680.0,0.16,31840.0,0.0015,55
0.5381202654348995,0.4943317892301129,0.5574181637313642,0.4783599885126701,0.019297898296464666,0.6878896688083683,636800.0,0.5,-15.0,63680.0,0.08,31840.0,0.03,77
0.5381202654348995,0.4943317892301129,0.5665960672338881,0.4860471701602248,0.028475801798988565,0.6932573616372258,636800.0,0.5,-15.0,63680.0,0.08,31840.0,0.03,66
0.5381202654348995,0.4943317892301129,0.5771277711244457,0.4944981867964732,0.03900750568954614,0.6992083913887508,636800.0,0.5,-15.0,63680.0,0.08,31840.0,0.03,55
0.5381202654348995,0.4943317892301129,0.5574181637313642,0.47833769714304164,0.019297898296464666,0.6878741675274287,636800.0,0.5,-15.0,63680.0,0.08,31840.0,0.003,77
0.5381202654348995,0.4943317892301129,0.5665960672338881,0.486024340243915,0.028475801798988565,0.6932413556280219,636800.0,0.5,-15.0,63680.0,0.08,31840.0,0.003,66
0.5381202654348995,0.4943317892301129,0.5771277711244457,0.4944741543032234,0.03900750568954614,0.6991913951968608,636800.0,0.5,-15.0,63680.0,0.08,31840.0,0.003,55
0.5381202654348995,0.4943317892301129,0.5574181637313642,0.4783375282650646,0.019297898296464666,0.687874050092149,636800.0,0.5,-15.0,63680.0,0.08,31840.0,0.0015,77
0.5381202654348995,0.4943317892301129,0.5665960672338881,0.4860241672859107,0.028475801798988565,0.693241234368966,636800.0,0.5,-15.0,63680.0,0.08,31840.0,0.0015,66
0.5381202654348995,0.4943317892301129,0.5771277711244457,0.4944739722344227,0.03900750568954614,0.6991912664362545,636800.0,0.5,-15.0,63680.0,0.08,31840.0,0.0015,55
0.5381202654348995,0.4943317892301129,0.5574181637313642,0.4783591833668827,0.019297898296464666,0.6878891089084604,636800.0,0.5,-15.0,63680.0,0.008,31840.0,0.03,77
0.5381202654348995,0.4943317892301129,0.5665960672338881,0.48604495523581936,0.028475801798988565,0.6932558087413581,636800.0,0.5,-15.0,63680.0,0.008,31840.0,0.03,66
0.5381202654348995,0.4943317892301129,0.5771277711244457,0.49449154924536526,0.03900750568954614,0.6992036971573636,636800.0,0.5,-15.0,63680.0,0.008,31840.0,0.03,55
0.5381202654348995,0.4943317892301129,0.5574181637313642,0.478336891959733,0.019297898296464666,0.6878736076149033,636800.0,0.5,-15.0,63680.0,0.008,31840.0,0.003,77
0.5381202654348995,0.4943317892301129,0.5665960672338881,0.48602212521546795,0.028475801798988565,0.6932398026962999,636800.0,0.5,-15.0,63680.0,0.008,31840.0,0.003,66
0.5381202654348995,0.4943317892301129,0.5771277711244457,0.49446751642951203,0.03900750568954614,0.6991867008513638,636800.0,0.5,-15.0,63680.0,0.008,31840.0,0.003,55
0.5381202654348995,0.4943317892301129,0.5574181637313642,0.4783367230814717,0.019297898296464666,0.687873490179528,636800.0,0.5,-15.0,63680.0,0.008,31840.0,0.0015,77
0.5381202654348995,0.4943317892301129,0.5665960672338881,0.4860219522566754,0.028475801798988565,0.6932396814369723,636800.0,0.5,-15.0,63680.0,0.008,31840.0,0.0015,66
0.5381202654348995,0.4943317892301129,0.5771277711244457,0.4944673343582672,0.03900750568954614,0.6991865720898931,636800.0,0.5,-15.0,63680.0,0.008,31840.0,0.0015,55
0.17937342181163318,0.4943317892301129,0.18580605457712143,0.478362428340114,0.00643263276548825,0.6878913654719729,636800.0,0.5,-5.0,63680.0,0.16,31840.0,0.03,77
0.17937342181163318,0.4943317892301129,0.18886535574462932,0.48605388199072747,0.009491933932996133,0.6932620673610383,636800.0,0.5,-5.0,63680.0,0.16,31840.0,0.03,66
0.17937342181163318,0.4943317892301129,0.19237592370814857,0.4945183000436741,0.01300250189651539,0.6992226161399029,636800.0,0.5,-5.0,63680.0,0.16,31840.0,0.03,55
0.17937342181163318,0.4943317892301129,0.18580605457712143,0.47834013708418516,0.00643263276548825,0.6878758642292676,636800.0,0.5,-5.0,63680.0,0.16,31840.0,0.003,77
0.17937342181163318,0.4943317892301129,0.18886535574462932,0.4860310523896867,0.009491933932996133,0.6932460614604825,636800.0,0.5,-5.0,63680.0,0.16,31840.0,0.003,66
0.17937342181163318,0.4943317892301129,0.19237592370814857,0.494494268527931,0.01300250189651539,0.6992056202937862,636800.0,0.5,-5.0,63680.0,0.16,31840.0,0.003,55
0.17937342181163318,0.4943317892301129,0.18580605457712143,0.47833996820706953,0.00643263276548825,0.6878757467942775,636800.0,0.5,-5.0,63680.0,0.16,31840.0,0.0015,77
0.17937342181163318,0.4943317892301129,0.18886535574462932,0.486030879434071,0.009491933932996133,0.6932459402022497,636800.0,0.5,-5.0,63680.0,0.16,31840.0,0.0015,66
0.17937342181163318,0.4943317892301129,0.19237592370814857,0.4944940864665362,0.01300250189651539,0.6992054915357995,636800.0,0.5,-5.0,63680.0,0.16,31840.0,0.0015,55
0.17937342181163318,0.4943317892301129,0.18580605457712143,0.4783599885126701,0.00643263276548825,0.6878896688083683,636800.0,0.5,-5.0,63680.0,0.08,31840.0,0.03,77
0.17937342181163318,0.4943317892301129,0.18886535574462932,0.4860471701602248,0.009491933932996133,0.6932573616372258,636800.0,0.5,-5.0,63680.0,0.08,31840.0,0.03,66
0.17937342181163318,0.4943317892301129,0.19237592370814857,0.4944981867964732,0.01300250189651539,0.6992083913887508,636800.0,0.5,-5.0,63680.0,0.08,31840.0,0.03,55
0.17937342181163318,0.4943317892301129,0.18580605457712143,0.47833769714304164,0.00643263276548825,0.6878741675274287,636800.0,0.5,-5.0,63680.0,0.08,31840.0,0.003,77
0.17937342181163318,0.4943317892301129,0.18886535574462932,0.486024340243915,0.009491933932996133,0.6932413556280219,636800.0,0.5,-5.0,63680.0,0.08,31840.0,0.003,66
0.17937342181163318,0.4943317892301129,0.19237592370814857,0.4944741543032234,0.01300250189651539,0.6991913951968608,636800.0,0.5,-5.0,63680.0,0.08,31840.0,0.003,55
0.17937342181163318,0.4943317892301129,0.18580605457712143,0.4783375282650646,0.00643263276548825,0.687874050092149,636800.0,0.5,-5.0,63680.0,0.08,31840.0,0.0015,77
0.17937342181163318,0.4943317892301129,0.18886535574462932,0.4860241672859107,0.009491933932996133,0.693241234368966,636800.0,0.5,-5.0,63680.0,0.08,31840.0,0.0015,66
0.17937342181163318,0.4943317892301129,0.19237592370814857,0.4944739722344227,0.01300250189651539,0.6991912664362545,636800.0,0.5,-5.0,63680.0,0.08,31840.0,0.0015,55
0.17937342181163318,0.4943317892301129,0.18580605457712143,0.4783591833668827,0.00643263276548825,0.6878891089084604,636800.0,0.5,-5.0,63680.0,0.008,31840.0,0.03,77
0.17937342181163318,0.4943317892301129,0.18886535574462932,0.48604495523581936,0.009491933932996133,0.6932558087413581,636800.0,0.5,-5.0,63680.0,0.008,31840.0,0.03,66
0.17937342181163318,0.4943317892301129,0.19237592370814857,0.49449154924536526,0.01300250189651539,0.6992036971573636,636800.0,0.5,-5.0,63680.0,0.008,31840.0,0.03,55
0.17937342181163318,0.4943317892301129,0.18580605457712143,0.478336891959733,0.00643263276548825,0.6878736076149033,636800.0,0.5,-5.0,63680.0,0.008,31840.0,0.003,77
0.17937342181163318,0.4943317892301129,0.18886535574462932,0.48602212521546795,0.009491933932996133,0.6932398026962999,636800.0,0.5,-5.0,63680.0,0.008,31840.0,0.003,66
0.17937342181163318,0.4943317892301129,0.19237592370814857,0.49446751642951203,0.01300250189651539,0.6991867008513638,636800.0,0.5,-5.0,63680.0,0.008,31840.0,0.003,55
0.17937342181163318,0.4943317892301129,0.18580605457712143,0.4783367230814717,0.00643263276548825,0.687873490179528,636800.0,0.5,-5.0,63680.0,0.008,31840.0,0.0015,77
0.17937342181163318,0.4943317892301129,0.18886535574462932,0.4860219522566754,0.009491933932996133,0.6932396814369723,636800.0,0.5,-5.0,63680.0,0.008,31840.0,0.0015,66
0.17937342181163318,0.4943317892301129,0.19237592370814857,0.4944673343582672,0.01300250189651539,0.6991865720898931,636800.0,0.5,-5.0,63680.0,0.008,31840.0,0.0015,55
0.0,0.4943317892301129,0.0,0.478362428340114,0.0,0.6878913654719729,636800.0,0.5,0.0,63680.0,0.16,31840.0,0.03,77
0.0,0.4943317892301129,0.0,0.48605388199072747,0.0,0.6932620673610383,636800.0,0.5,0.0,63680.0,0.16,31840.0,0.03,66
0.0,0.4943317892301129,0.0,0.4945183000436741,0.0,0.6992226161399029,636800.0,0.5,0.0,63680.0,0.16,31840.0,0.03,55
0.0,0.4943317892301129,0.0,0.47834013708418516,0.0,0.6878758642292676,636800.0,0.5,0.0,63680.0,0.16,31840.0,0.003,77
0.0,0.4943317892301129,0.0,0.4860310523896867,0.0,0.6932460614604825,636800.0,0.5,0.0,63680.0,0.16,31840.0,0.003,66
0.0,0.4943317892301129,0.0,0.494494268527931,0.0,0.6992056202937862,636800.0,0.5,0.0,63680.0,0.16,31840.0,0.003,55
0.0,0.4943317892301129,0.0,0.47833996820706953,0.0,0.6878757467942775,636800.0,0.5,0.0,63680.0,0.16,31840.0,0.0015,77
0.0,0.4943317892301129,0.0,0.486030879434071,0.0,0.6932459402022497,636800.0,0.5,0.0,63680.0,0.16,31840.0,0.0015,66
0.0,0.4943317892301129,0.0,0.4944940864665362,0.0,0.6992054915357995,636800.0,0.5,0.0,63680.0,0.16,31840.0,0.0015,55
0.0,0.4943317892301129,0.0,0.4783599885126701,0.0,0.6878896688083683,636800.0,0.5,0.0,63680.0,0.08,31840.0,0.03,77
0.0,0.4943317892301129,0.0,0.4860471701602248,0.0,0.6932573616372258,636800.0,0.5,0.0,63680.0,0.08,31840.0,0.03,66
0.0,0.4943317892301129,0.0,0.4944981867964732,0.0,0.6992083913887508,636800.0,0.5,0.0,63680.0,0.08,31840.0,0.03,55
0.0,0.4943317892301129,0.0,0.47833769714304164,0.0,0.6878741675274287,636800.0,0.5,0.0,63680.0,0.08,31840.0,0.003,77
0.0,0.4943317892301129,0.0,0.486024340243915,0.0,0.6932413556280219,636800.0,0.5,0.0,63680.0,0.08,31840.0,0.003,66
0.0,0.4943317892301129,0.0,0.4944741543032234,0.0,0.6991913951968608,636800.0,0.5,0.0,63680.0,0.08,31840.0,0.003,55
0.0,0.4943317892301129,0.0,0.4783375282650646,0.0,0.687874050092149,636800.0,0.5,0.0,63680.0,0.08,31840.0,0.0015,77
0.0,0.4943317892301129,0.0,0.4860241672859107,0.0,0.693241234368966,636800.0,0.5,0.0,63680.0,0.08,31840.0,0.0015,66
0.0,0.4943317892301129,0.0,0.4944739722344227,0.0,0.6991912664362545,636800.0,0.5,0.0,63680.0,0.08,31840.0,0.0015,55
0.0,0.4943317892301129,0.0,0.4783591833668827,0.0,0.6878891089084604,636800.0,0.5,0.0,63680.0,0.008,31840.0,0.03,77
0.0,0.4943317892301129,0.0,0.48604495523581936,0.0,0.6932558087413581,636800.0,0.5,0.0,63680.0,0.008,31840.0,0.03,66
0.0,0.4943317892301129,0.0,0.49449154924536526,0.0,0.6992036971573636,636800.0,0.5,0.0,63680.0,0.008,31840.0,0.03,55
0.0,0.4943317892301129,0.0,0.478336891959733,0.0,0.6878736076149033,636800.0,0.5,0.0,63680.0,0.008,31840.0,0.003,77
0.0,0.4943317892301129,0.0,0.48602212521546795,0.0,0.6932398026962999,636800.0,0.5,0.0,63680.0,0.008,31840.0,0.003,66
0.0,0.4943317892301129,0.0,0.49446751642951203,0.0,0.6991867008513638,636800.0,0.5,0.0,63680.0,0.008,31840.0,0.003,55
0.0,0.4943317892301129,0.0,0.4783367230814717,0.0,0.687873490179528,636800.0,0.5,0.0,63680.0,0.008,31840.0,0.0015,77
0.0,0.4943317892301129,0.0,0.4860219522566754,0.0,0.6932396814369723,636800.0,0.5,0.0,63680.0,0.008,31840.0,0.0015,66
0.0,0.4943317892301129,0.0,0.4944673343582672,0.0,0.6991865720898931,636800.0,0.5,0.0,63680.0,0.008,31840.0,0.0015,55
-0.17937342181163318,0.4943317892301129,-0.18580605457712143,0.478362428340114,-0.00643263276548825,0.6878913654719729,636800.0,0.5,5.0,63680.0,0.16,31840.0,0.03,77
-0.17937342181163318,0.4943317892301129,-0.18886535574462932,0.48605388199072747,-0.009491933932996133,0.6932620673610383,636800.0,0.5,5.0,63680.0,0.16,31840.0,0.03,66
-0.17937342181163318,0.4943317892301129,-0.19237592370814857,0.4945183000436741,-0.01300250189651539,0.6992226161399029,636800.0,0.5,5.0,63680.0,0.16,31840.0,0.03,55
-0.17937342181163318,0.4943317892301129,-0.18580605457712143,0.47834013708418516,-0.00643263276548825,0.6878758642292676,636800.0,0.5,5.0,63680.0,0.16,31840.0,0.003,77
-0.17937342181163318,0.4943317892301129,-0.18886535574462932,0.4860310523896867,-0.009491933932996133,0.6932460614604825,636800.0,0.5,5.0,63680.0,0.16,31840.0,0.003,66
-0.17937342181163318,0.4943317892301129,-0.19237592370814857,0.494494268527931,-0.01300250189651539,0.6992056202937862,636800.0,0.5,5.0,63680.0,0.16,31840.0,0.003,55
-0.17937342181163318,0.4943317892301129,-0.18580605457712143,0.47833996820706953,-0.00643263276548825,0.6878757467942775,636800.0,0.5,5.0,63680.0,0.16,31840.0,0.0015,77
-0.17937342181163318,0.4943317892301129,-0.18886535574462932,0.486030879434071,-0.009491933932996133,0.6932459402022497,636800.0,0.5,5.0,63680.0,0.16,31840.0,0.0015,66
-0.17937342181163318,0.4943317892301129,-0.19237592370814857,0.4944940864665362,-0.01300250189651539,0.6992054915357995,636800.0,0.5,5.0,63680.0,0.16,31840.0,0.0015,55
-0.17937342181163318,0.4943317892301129,-0.18580605457712143,0.4783599885126701,-0.00643263276548825,0.6878896688083683,636800.0,0.5,5.0,63680.0,0.08,31840.0,0.03,77
-0.17937342181163318,0.4943317892301129,-0.18886535574462932,0.4860471701602248,-0.009491933932996133,0.6932573616372258,636800.0,0.5,5.0,63680.0,0.08,31840.0,0.03,66
-0.17937342181163318,0.4943317892301129,-0.19237592370814857,0.4944981867964732,-0.01300250189651539,0.6992083913887508,636800.0,0.5,5.0,63680.0,0.08,31840.0,0.03,55
-0.17937342181163318,0.4943317892301129,-0.18580605457712143,0.47833769714304164,-0.00643263276548825,0.6878741675274287,636800.0,0.5,5.0,63680.0,0.08,31840.0,0.003,77
-0.17937342181163318,0.4943317892301129,-0.18886535574462932,0.486024340243915,-0.009491933932996133,0.6932413556280219,636800.0,0.5,5.0,63680.0,0.08,31840.0,0.003,66
-0.17937342181163318,0.4943317892301129,-0.19237592370814857,0.4944741543032234,-0.01300250189651539,0.6991913951968608,636800.0,0.5,5.0,63680.0,0.08,31840.0,0.003,55
-0.17937342181163318,0.4943317892301129,-0.18580605457712143,0.4783375282650646,-0.00643263276548825,0.687874050092149,636800.0,0.5,5.0,63680.0,0.08,31840.0,0.0015,77
-0.17937342181163318,0.4943317892301129,-0.18886535574462932,0.4860241672859107,-0.009491933932996133,0.693241234368966,636800.0,0.5,5.0,63680.0,0.08,31840.0,0.0015,66
-0.17937342181163318,0.4943317892301129,-0.19237592370814857,0.4944739722344227,-0.01300250189651539,0.6991912664362545,636800.0,0.5,5.0,63680.0,0.08,31840.0,0.0015,55
-0.17937342181163318,0.4943317892301129,-0.18580605457712143,0.4783591833668827,-0.00643263276548825,0.6878891089084604,636800.0,0.5,5.0,63680.0,0.008,31840.0,0.03,77
-0.17937342181163318,0.4943317892301129,-0.18886535574462932,0.48604495523581936,-0.009491933932996133,0.6932558087413581,636800.0,0.5,5.0,63680.0,0.008,31840.0,0.03,66
-0.17937342181163318,0.4943317892301129,-0.19237592370814857,0.49449154924536526,-0.01300250189651539,0.6992036971573636,636800.0,0.5,5.0,63680.0,0.008,31840.0,0.03,55
-0.17937342181163318,0.4943317892301129,-0.18580605457712143,0.478336891959733,-0.00643263276548825,0.6878736076149033,636800.0,0.5,5.0,63680.0,0.008,31840.0,0.003,77
-0.17937342181163318,0.4943317892301129,-0.18886535574462932,0.48602212521546795,-0.009491933932996133,0.6932398026962999,636800.0,0.5,5.0,63680.0,0.008,31840.0,0.003,66
-0.17937342181163318,0.4943317892301129,-0.19237592370814857,0.49446751642951203,-0.01300250189651539,0.6991867008513638,636800.0,0.5,5.0,63680.0,0.008,31840.0,0.003,55
-0.17937342181163318,0.4943317892301129,-0.18580605457712143,0.4783367230814717,-0.00643263276548825,0.687873490179528,636800.0,0.5,5.0,63680.0,0.008,31840.0,0.0015,77
-0.17937342181163318,0.4943317892301129,-0.18886535574462932,0.4860219522566754,-0.009491933932996133,0.6932396814369723,636800.0,0.5,5.0,63680.0,0.008,31840.0,0.0015,66
-0.17937342181163318,0.4943317892301129,-0.19237592370814857,0.4944673343582672,-0.01300250189651539,0.6991865720898931,636800.0,0.5,5.0,63680.0,0.008,31840.0,0.0015,55
-0.5381202654348995,0.4943317892301129,-0.5574181637313642,0.478362428340114,-0.019297898296464666,0.6878913654719729,636800.0,0.5,15.0,63680.0,0.16,31840.0,0.03,77
-0.5381202654348995,0.4943317892301129,-0.5665960672338881,0.48605388199072747,-0.028475801798988565,0.6932620673610383,636800.0,0.5,15.0,63680.0,0.16,31840.0,0.03,66
-0.5381202654348995,0.4943317892301129,-0.5771277711244457,0.4945183000436741,-0.03900750568954614,0.6992226161399029,636800.0,0.5,15.0,63680.0,0.16,31840.0,0.03,55
-0.5381202654348995,0.4943317892301129,-0.5574181637313642,0.47834013708418516,-0.019297898296464666,0.6878758642292676,636800.0,0.5,15.0,63680.0,0.16,31840.0,0.003,77
-0.5381202654348995,0.4943317892301129,-0.5665960672338881,0.4860310523896867,-0.028475801798988565,0.6932460614604825,636800.0,0.5,15.0,63680.0,0.16,31840.0,0.003,66
-0.5381202654348995,0.4943317892301129,-0.5771277711244457,0.494494268527931,-0.03900750568954614,0.6992056202937862,636800.0,0.5,15.0,63680.0,0.16,31840.0,0.003,55
-0.5381202654348995,0.4943317892301129,-0.5574181637313642,0.47833996820706953,-0.019297898296464666,0.6878757467942775,636800.0,0.5,15.0,63680.0,0.16,31840.0,0.0015,77
-0.5381202654348995,0.4943317892301129,-0.5665960672338881,0.486030879434071,-0.028475801798988565,0.6932459402022497,636800.0,0.5,15.0,63680.0,0.16,31840.0,0.0015,66
-0.5381202654348995,0.4943317892301129,-0.5771277711244457,0.4944940864665362,-0.03900750568954614,0.6992054915357995,636800.0,0.5,15.0,63680.0,0.16,31840.0,0.0015,55
-0.5381202654348995,0.4943317892301129,-0.5574181637313642,0.4783599885126701,-0.019297898296464666,0.6878896688083683,636800.0,0.5,15.0,63680.0,0.08,31840.0,0.03,77
-0.5381202654348995,0.4943317892301129,-0.5665960672338881,0.4860471701602248,-0.028475801798988565,0.6932573616372258,636800.0,0.5,15.0,63680.0,0.08,31840.0,0.03,66
-0.5381202654348995,0.4943317892301129,-0.5771277711244457,0.4944981867964732,-0.03900750568954614,0.6992083913887508,636800.0,0.5,15.0,63680.0,0.08,31840.0,0.03,55
-0.5381202654348995,0.4943317892301129,-0.5574181637313642,0.47833769714304164,-0.019297898296464666,0.6878741675274287,636800.0,0.5,15.0,63680.0,0.08,31840.0,0.003,77
-0.5381202654348995,0.4943317892301129,-0.5665960672338881,0.486024340243915,-0.028475801798988565,0.6932413556280219,636800.0,0.5,15.0,63680.0,0.08,31840.0,0.003,66
-0.5381202654348995,0.4943317892301129,-0.5771277711244457,0.4944741543032234,-0.03900750568954614,0.6991913951968608,636800.0,0.5,15.0,63680.0,0.08,31840.0,0.003,55
-0.5381202654348995,0.4943317892301129,-0.5574181637313642,0.4783375282650646,-0.019297898296464666,0.687874050092149,636800.0,0.5,15.0,63680.0,0.08,31840.0,0.0015,77
-0.5381202654348995,0.4943317892301129,-0.5665960672338881,0.4860241672859107,-0.028475801798988565,0.693241234368966,636800.0,0.5,15.0,63680.0,0.08,31840.0,0.0015,66
-0.5381202654348995,0.4943317892301129,-0.5771277711244457,0.4944739722344227,-0.03900750568954614,0.6991912664362545,636800.0,0.5,15.0,63680.0,0.08,31840.0,0.0015,55
-0.5381202654348995,0.4943317892301129,-0.5574181637313642,0.4783591833668827,-0.019297898296464666,0.6878891089084604,636800.0,0.5,15.0,63680.0,0.008,31840.0,0.03,77
-0.5381202654348995,0.4943317892301129,-0.5665960672338881,0.48604495523581936,-0.028475801798988565,0.6932558087413581,636800.0,0.5,15.0,63680.0,0.008,31840.0,0.03,66
-0.5381202654348995,0.4943317892301129,-0.5771277711244457,0.49449154924536526,-0.03900750568954614,0.6992036971573636,636800.0,0.5,15.0,63680.0,0.008,31840.0,0.03,55
-0.5381202654348995,0.4943317892301129,-0.5574181637313642,0.478336891959733,-0.019297898296464666,0.6878736076149033,636800.0,0.5,15.0,63680.0,0.008,31840.0,0.003,77
-0.5381202654348995,0.4943317892301129,-0.5665960672338881,0.48602212521546795,-0.028475801798988565,0.6932398026962999,636800.0,0.5,15.0,63680.0,0.008,31840.0,0.003,66
-0.5381202654348995,0.4943317892301129,-0.5771277711244457,0.49446751642951203,-0.03900750568954614,0.6991867008513638,636800.0,0.5,15.0,63680.0,0.008,31840.0,0.003,55
-0.5381202654348995,0.4943317892301129,-0.5574181637313642,0.4783367230814717,-0.019297898296464666,0.687873490179528,636800.0,0.5,15.0,63680.0,0.008,31840.0,0.0015,77
-0.5381202654348995,0.4943317892301129,-0.5665960672338881,0.4860219522566754,-0.028475801798988565,0.6932396814369723,636800.0,0.5,15.0,63680.0,0.008,31840.0,0.0015,66
-0.5381202654348995,0.4943317892301129,-0.5771277711244457,0.4944673343582672,-0.03900750568954614,0.6991865720898931,636800.0,0.5,15.0,63680.0,0.008,31840.0,0.0015,55
