,latitude_min,latitude_max,greenland_error,west_antarctic_error,east_antarctic_error
0,-1.0,1.0,1.8538178787868118,3.0564359601793454,1.5994613748280477
1,-1.0890890890890892,1.0890890890890892,1.8501297154096379,3.0612358592650972,1.5997273864368837
2,-1.1781781781781782,1.1781781781781782,1.8501297154096379,3.0612358592650972,1.5997273864368837
3,-1.2672672672672673,1.2672672672672673,1.8501297154096379,3.0612358592650972,1.5997273864368837
4,-1.3563563563563563,1.3563563563563563,1.8501297154096379,3.0612358592650972,1.5997273864368837
5,-1.4454454454454455,1.4454454454454455,1.8438153775147235,3.0656250417151774,1.5974735593268137
6,-1.5345345345345347,1.5345345345345347,1.8438153775147235,3.0656250417151774,1.5974735593268137
7,-1.6236236236236237,1.6236236236236237,1.8438153775147235,3.0656250417151774,1.5974735593268137
8,-1.7127127127127126,1.7127127127127126,1.8438153775147235,3.0656250417151774,1.5974735593268137
9,-1.8018018018018018,1.8018018018018018,1.8373600636042269,3.0703928773686355,1.5956037047313354
10,-1.890890890890891,1.890890890890891,1.8373600636042269,3.0703928773686355,1.5956037047313354
11,-1.97997997997998,1.97997997997998,1.8373600636042269,3.0703928773686355,1.5956037047313354
12,-2.0690690690690694,2.0690690690690694,1.8373600636042269,3.0703928773686355,1.5956037047313354
13,-2.158158158158158,2.158158158158158,1.8298265300928174,3.075090246758933,1.5916153217443862
14,-2.2472472472472473,2.2472472472472473,1.8298265300928174,3.075090246758933,1.5916153217443862
15,-2.3363363363363363,2.3363363363363363,1.8298265300928174,3.075090246758933,1.5916153217443862
16,-2.4254254254254253,2.4254254254254253,1.8298265300928174,3.075090246758933,1.5916153217443862
17,-2.5145145145145147,2.5145145145145147,1.8271154123575055,3.0729778941560033,1.589354601628449
18,-2.6036036036036037,2.6036036036036037,1.8271154123575055,3.0729778941560033,1.589354601628449
19,-2.6926926926926926,2.6926926926926926,1.8271154123575055,3.0729778941560033,1.589354601628449
20,-2.781781781781782,2.781781781781782,1.8271154123575055,3.0729778941560033,1.589354601628449
21,-2.870870870870871,2.870870870870871,1.8248722963222603,3.0728292248037814,1.588192582143321
22,-2.95995995995996,2.95995995995996,1.8248722963222603,3.0728292248037814,1.588192582143321
23,-3.049049049049049,3.049049049049049,1.8248722963222603,3.0728292248037814,1.588192582143321
24,-3.1381381381381384,3.1381381381381384,1.8248722963222603,3.0728292248037814,1.588192582143321
25,-3.2272272272272273,3.2272272272272273,1.8226240392509478,3.0717550630212025,1.5859015763835818
26,-3.3163163163163163,3.3163163163163163,1.8226240392509478,3.0717550630212025,1.5859015763835818
27,-3.4054054054054057,3.4054054054054057,1.8226240392509478,3.0717550630212025,1.5859015763835818
28,-3.4944944944944947,3.4944944944944947,1.8226240392509478,3.0717550630212025,1.5859015763835818
29,-3.5835835835835836,3.5835835835835836,1.8278022571169557,3.067260698996067,1.5856026707535353
30,-3.6726726726726726,3.6726726726726726,1.8278022571169557,3.067260698996067,1.5856026707535353
31,-3.761761761761762,3.761761761761762,1.8278022571169557,3.067260698996067,1.5856026707535353
32,-3.850850850850851,3.850850850850851,1.8278022571169557,3.067260698996067,1.5856026707535353
33,-3.93993993993994,3.93993993993994,1.8349802262104602,3.061627000740803,1.5853005098548918
34,-4.029029029029029,4.029029029029029,1.8349802262104602,3.061627000740803,1.5853005098548918
35,-4.118118118118119,4.118118118118119,1.8349802262104602,3.061627000740803,1.5853005098548918
36,-4.207207207207207,4.207207207207207,1.8440317714017447,3.0553717555053517,1.585333154354544
37,-4.296296296296296,4.296296296296296,1.8440317714017447,3.0553717555053517,1.585333154354544
38,-4.385385385385385,4.385385385385385,1.8440317714017447,3.0553717555053517,1.585333154354544
39,-4.474474474474475,4.474474474474475,1.8440317714017447,3.0553717555053517,1.585333154354544
40,-4.563563563563564,4.563563563563564,1.8540072473673288,3.0540110809249383,1.585595437440052
41,-4.6526526526526535,4.6526526526526535,1.8540072473673288,3.0540110809249383,1.585595437440052
42,-4.741741741741742,4.741741741741742,1.8540072473673288,3.0540110809249383,1.585595437440052
43,-4.8308308308308305,4.8308308308308305,1.8540072473673288,3.0540110809249383,1.585595437440052
44,-4.91991991991992,4.91991991991992,1.8641807988716286,3.0503687357740112,1.585964901397961
45,-5.009009009009009,5.009009009009009,1.8641807988716286,3.0503687357740112,1.585964901397961
46,-5.098098098098098,5.098098098098098,1.8641807988716286,3.0503687357740112,1.585964901397961
47,-5.187187187187187,5.187187187187187,1.8641807988716286,3.0503687357740112,1.585964901397961
48,-5.276276276276277,5.276276276276277,1.8739293104415016,3.0459507009440303,1.5859544257848361
49,-5.365365365365365,5.365365365365365,1.8739293104415016,3.0459507009440303,1.5859544257848361
50,-5.454454454454455,5.454454454454455,1.8739293104415016,3.0459507009440303,1.5859544257848361
51,-5.543543543543544,5.543543543543544,1.8739293104415016,3.0459507009440303,1.5859544257848361
52,-5.632632632632633,5.632632632632633,1.888594585239096,3.0449751654997863,1.5867079137923015
53,-5.721721721721722,5.721721721721722,1.888594585239096,3.0449751654997863,1.5867079137923015
54,-5.810810810810811,5.810810810810811,1.888594585239096,3.0449751654997863,1.5867079137923015
55,-5.8998998998999,5.8998998998999,1.888594585239096,3.0449751654997863,1.5867079137923015
56,-5.988988988988989,5.988988988988989,1.9017376268162636,3.04329393735507,1.585685930566545
57,-6.078078078078079,6.078078078078079,1.9017376268162636,3.04329393735507,1.585685930566545
58,-6.167167167167167,6.167167167167167,1.9017376268162636,3.04329393735507,1.585685930566545
59,-6.256256256256257,6.256256256256257,1.9017376268162636,3.04329393735507,1.585685930566545
60,-6.345345345345345,6.345345345345345,1.9123738409647462,3.0409243184280323,1.5827968953170513
61,-6.434434434434435,6.434434434434435,1.9123738409647462,3.0409243184280323,1.5827968953170513
62,-6.523523523523524,6.523523523523524,1.9123738409647462,3.0409243184280323,1.5827968953170513
63,-6.612612612612613,6.612612612612613,1.9123738409647462,3.0409243184280323,1.5827968953170513
64,-6.701701701701702,6.701701701701702,1.9221654489102775,3.0400632812516166,1.579909454427802
65,-6.790790790790791,6.790790790790791,1.9221654489102775,3.0400632812516166,1.579909454427802
66,-6.87987987987988,6.87987987987988,1.9221654489102775,3.0400632812516166,1.579909454427802
67,-6.968968968968969,6.968968968968969,1.9221654489102775,3.0400632812516166,1.579909454427802
68,-7.058058058058059,7.058058058058059,1.9304808468881376,3.039436622308766,1.5772731259241397
69,-7.147147147147147,7.147147147147147,1.9304808468881376,3.039436622308766,1.5772731259241397
70,-7.236236236236237,7.236236236236237,1.9304808468881376,3.039436622308766,1.5772731259241397
71,-7.325325325325325,7.325325325325325,1.9304808468881376,3.039436622308766,1.5772731259241397
72,-7.414414414414415,7.414414414414415,1.938984079157138,3.0414352046917967,1.5745866386994465
73,-7.503503503503504,7.503503503503504,1.938984079157138,3.0414352046917967,1.5745866386994465
74,-7.592592592592593,7.592592592592593,1.938984079157138,3.0414352046917967,1.5745866386994465
75,-7.681681681681682,7.681681681681682,1.938984079157138,3.0414352046917967,1.5745866386994465
76,-7.770770770770771,7.770770770770771,1.9513475494596133,3.042319571000904,1.574179495340037
77,-7.85985985985986,7.85985985985986,1.9513475494596133,3.042319571000904,1.574179495340037
78,-7.948948948948949,7.948948948948949,1.9513475494596133,3.042319571000904,1.574179495340037
79,-8.038038038038039,8.038038038038039,1.9513475494596133,3.042319571000904,1.574179495340037
80,-8.127127127127128,8.127127127127128,1.9662416323017802,3.0427785954540485,1.5742345215298013
81,-8.216216216216218,8.216216216216218,1.9662416323017802,3.0427785954540485,1.5742345215298013
82,-8.305305305305307,8.305305305305307,1.9662416323017802,3.0427785954540485,1.5742345215298013
83,-8.394394394394395,8.394394394394395,1.9662416323017802,3.0427785954540485,1.5742345215298013
84,-8.483483483483484,8.483483483483484,1.9812214899902691,3.042984736011106,1.5750119705553498
85,-8.572572572572572,8.572572572572572,1.9812214899902691,3.042984736011106,1.5750119705553498
86,-8.661661661661661,8.661661661661661,1.9812214899902691,3.042984736011106,1.5750119705553498
87,-8.75075075075075,8.75075075075075,1.9812214899902691,3.042984736011106,1.5750119705553498
88,-8.83983983983984,8.83983983983984,1.9958880127664695,3.0428239696056885,1.5737969204434905
89,-8.92892892892893,8.92892892892893,1.9958880127664695,3.0428239696056885,1.5737969204434905
90,-9.018018018018019,9.018018018018019,1.9958880127664695,3.0428239696056885,1.5737969204434905
91,-9.107107107107108,9.107107107107108,2.0103421381501487,3.042755061286585,1.571719355893802
92,-9.196196196196196,9.196196196196196,2.0103421381501487,3.042755061286585,1.571719355893802
93,-9.285285285285285,9.285285285285285,2.0103421381501487,3.042755061286585,1.571719355893802
94,-9.374374374374375,9.374374374374375,2.0103421381501487,3.042755061286585,1.571719355893802
95,-9.463463463463464,9.463463463463464,2.0255289978630016,3.0427628356478276,1.5693192383601642
96,-9.552552552552553,9.552552552552553,2.0255289978630016,3.0427628356478276,1.5693192383601642
97,-9.641641641641643,9.641641641641643,2.0255289978630016,3.0427628356478276,1.5693192383601642
98,-9.73073073073073,9.73073073073073,2.0255289978630016,3.0427628356478276,1.5693192383601642
99,-9.81981981981982,9.81981981981982,2.0410123149744837,3.044084757658575,1.565555529177514
100,-9.90890890890891,9.90890890890891,2.0410123149744837,3.044084757658575,1.565555529177514
101,-9.997997997997999,9.997997997997999,2.0410123149744837,3.044084757658575,1.565555529177514
102,-10.087087087087088,10.087087087087088,2.0410123149744837,3.044084757658575,1.565555529177514
103,-10.176176176176176,10.176176176176176,2.0552621100096644,3.0469409443574316,1.5605161812029449
104,-10.265265265265265,10.265265265265265,2.0552621100096644,3.0469409443574316,1.5605161812029449
105,-10.354354354354355,10.354354354354355,2.0552621100096644,3.0469409443574316,1.5605161812029449
106,-10.443443443443444,10.443443443443444,2.0552621100096644,3.0469409443574316,1.5605161812029449
107,-10.532532532532533,10.532532532532533,2.069040330487795,3.050137123047693,1.5552637009732553
108,-10.621621621621623,10.621621621621623,2.069040330487795,3.050137123047693,1.5552637009732553
109,-10.71071071071071,10.71071071071071,2.069040330487795,3.050137123047693,1.5552637009732553
110,-10.7997997997998,10.7997997997998,2.069040330487795,3.050137123047693,1.5552637009732553
111,-10.88888888888889,10.88888888888889,2.0813311796326652,3.053176129046182,1.5486656440081235
112,-10.977977977977979,10.977977977977979,2.0813311796326652,3.053176129046182,1.5486656440081235
113,-11.067067067067068,11.067067067067068,2.0813311796326652,3.053176129046182,1.5486656440081235
114,-11.156156156156158,11.156156156156158,2.0813311796326652,3.053176129046182,1.5486656440081235
115,-11.245245245245245,11.245245245245245,2.091844655141973,3.054303099599398,1.5398834394871066
116,-11.334334334334335,11.334334334334335,2.091844655141973,3.054303099599398,1.5398834394871066
117,-11.423423423423424,11.423423423423424,2.091844655141973,3.054303099599398,1.5398834394871066
118,-11.512512512512513,11.512512512512513,2.091844655141973,3.054303099599398,1.5398834394871066
119,-11.601601601601603,11.601601601601603,2.099849699293011,3.0553325433310365,1.5285951582276978
120,-11.69069069069069,11.69069069069069,2.099849699293011,3.0553325433310365,1.5285951582276978
121,-11.77977977977978,11.77977977977978,2.099849699293011,3.0553325433310365,1.5285951582276978
122,-11.86886886886887,11.86886886886887,2.099849699293011,3.0553325433310365,1.5285951582276978
123,-11.957957957957959,11.957957957957959,2.106400531114518,3.05615230059533,1.5178694072420886
124,-12.047047047047048,12.047047047047048,2.106400531114518,3.05615230059533,1.5178694072420886
125,-12.136136136136138,12.136136136136138,2.106400531114518,3.05615230059533,1.5178694072420886
126,-12.225225225225225,12.225225225225225,2.106400531114518,3.05615230059533,1.5178694072420886
127,-12.314314314314315,12.314314314314315,2.112618626955134,3.0566961161009907,1.507643416782789
128,-12.403403403403404,12.403403403403404,2.112618626955134,3.0566961161009907,1.507643416782789
129,-12.492492492492493,12.492492492492493,2.112618626955134,3.0566961161009907,1.507643416782789
130,-12.581581581581583,12.581581581581583,2.112618626955134,3.0566961161009907,1.507643416782789
131,-12.67067067067067,12.67067067067067,2.1187064867333607,3.058159820792361,1.497871657518562
132,-12.75975975975976,12.75975975975976,2.1187064867333607,3.058159820792361,1.497871657518562
133,-12.84884884884885,12.84884884884885,2.1187064867333607,3.058159820792361,1.497871657518562
134,-12.937937937937939,12.937937937937939,2.1187064867333607,3.058159820792361,1.497871657518562
135,-13.027027027027028,13.027027027027028,2.124373286658696,3.0597748618326692,1.4885664371933522
136,-13.116116116116117,13.116116116116117,2.124373286658696,3.0597748618326692,1.4885664371933522
137,-13.205205205205205,13.205205205205205,2.124373286658696,3.0597748618326692,1.4885664371933522
138,-13.294294294294295,13.294294294294295,2.124373286658696,3.0597748618326692,1.4885664371933522
139,-13.383383383383384,13.383383383383384,2.1303486149747224,3.061839013591928,1.4795811673691253
140,-13.472472472472473,13.472472472472473,2.1303486149747224,3.061839013591928,1.4795811673691253
141,-13.561561561561563,13.561561561561563,2.1303486149747224,3.061839013591928,1.4795811673691253
142,-13.65065065065065,13.65065065065065,2.1303486149747224,3.061839013591928,1.4795811673691253
143,-13.73973973973974,13.73973973973974,2.1373036937805345,3.0636690332413035,1.4712038100758327
144,-13.82882882882883,13.82882882882883,2.1373036937805345,3.0636690332413035,1.4712038100758327
145,-13.917917917917919,13.917917917917919,2.1373036937805345,3.0636690332413035,1.4712038100758327
146,-14.007007007007008,14.007007007007008,2.1373036937805345,3.0636690332413035,1.4712038100758327
147,-14.096096096096097,14.096096096096097,2.142363040576958,3.065160497036665,1.4628232986539436
148,-14.185185185185185,14.185185185185185,2.142363040576958,3.065160497036665,1.4628232986539436
149,-14.274274274274275,14.274274274274275,2.142363040576958,3.065160497036665,1.4628232986539436
150,-14.363363363363364,14.363363363363364,2.1475962440574827,3.0669457293694196,1.4545861895233159
151,-14.452452452452453,14.452452452452453,2.1475962440574827,3.0669457293694196,1.4545861895233159
152,-14.541541541541543,14.541541541541543,2.1475962440574827,3.0669457293694196,1.4545861895233159
153,-14.630630630630632,14.630630630630632,2.1475962440574827,3.0669457293694196,1.4545861895233159
154,-14.71971971971972,14.71971971971972,2.1521343643320474,3.0686148900284507,1.4466624091542644
155,-14.80880880880881,14.80880880880881,2.1521343643320474,3.0686148900284507,1.4466624091542644
156,-14.897897897897899,14.897897897897899,2.1521343643320474,3.0686148900284507,1.4466624091542644
157,-14.986986986986988,14.986986986986988,2.1521343643320474,3.0686148900284507,1.4466624091542644
158,-15.076076076076077,15.076076076076077,2.1565055905962156,3.070058199800024,1.4383339568524232
159,-15.165165165165165,15.165165165165165,2.1565055905962156,3.070058199800024,1.4383339568524232
160,-15.254254254254255,15.254254254254255,2.1565055905962156,3.070058199800024,1.4383339568524232
161,-15.343343343343344,15.343343343343344,2.1565055905962156,3.070058199800024,1.4383339568524232
162,-15.432432432432433,15.432432432432433,2.1611233273144257,3.07162479966976,1.430155263369993
163,-15.521521521521523,15.521521521521523,2.1611233273144257,3.07162479966976,1.430155263369993
164,-15.610610610610612,15.610610610610612,2.1611233273144257,3.07162479966976,1.430155263369993
165,-15.6996996996997,15.6996996996997,2.1611233273144257,3.07162479966976,1.430155263369993
166,-15.78878878878879,15.78878878878879,2.1645471205292632,3.0728734804741666,1.4200599239116358
167,-15.877877877877879,15.877877877877879,2.1645471205292632,3.0728734804741666,1.4200599239116358
168,-15.966966966966968,15.966966966966968,2.1645471205292632,3.0728734804741666,1.4200599239116358
169,-16.056056056056057,16.056056056056057,2.1645471205292632,3.0728734804741666,1.4200599239116358
170,-16.145145145145143,16.145145145145143,2.1675881883237564,3.074019905607838,1.409765010664965
171,-16.234234234234236,16.234234234234236,2.1675881883237564,3.074019905607838,1.409765010664965
172,-16.323323323323322,16.323323323323322,2.1675881883237564,3.074019905607838,1.409765010664965
173,-16.412412412412415,16.412412412412415,2.1675881883237564,3.074019905607838,1.409765010664965
174,-16.5015015015015,16.5015015015015,2.1702018797110836,3.074591556098472,1.4006547034971888
175,-16.590590590590594,16.590590590590594,2.1702018797110836,3.074591556098472,1.4006547034971888
176,-16.67967967967968,16.67967967967968,2.1702018797110836,3.074591556098472,1.4006547034971888
177,-16.76876876876877,16.76876876876877,2.1702018797110836,3.074591556098472,1.4006547034971888
178,-16.85785785785786,16.85785785785786,2.1727739615546984,3.0761419179525817,1.391905492240559
179,-16.946946946946948,16.946946946946948,2.1727739615546984,3.0761419179525817,1.391905492240559
180,-17.036036036036037,17.036036036036037,2.1727739615546984,3.0761419179525817,1.391905492240559
181,-17.125125125125127,17.125125125125127,2.1727739615546984,3.0761419179525817,1.391905492240559
182,-17.214214214214216,17.214214214214216,2.175427112985503,3.0771428921987694,1.3833144918467715
183,-17.303303303303306,17.303303303303306,2.175427112985503,3.0771428921987694,1.3833144918467715
184,-17.39239239239239,17.39239239239239,2.175427112985503,3.0771428921987694,1.3833144918467715
185,-17.48148148148148,17.48148148148148,2.175427112985503,3.0771428921987694,1.3833144918467715
186,-17.57057057057057,17.57057057057057,2.178829703987442,3.0796963849244436,1.3756740913442502
187,-17.65965965965966,17.65965965965966,2.178829703987442,3.0796963849244436,1.3756740913442502
188,-17.74874874874875,17.74874874874875,2.178829703987442,3.0796963849244436,1.3756740913442502
189,-17.83783783783784,17.83783783783784,2.178829703987442,3.0796963849244436,1.3756740913442502
190,-17.926926926926928,17.926926926926928,2.1820400574723915,3.0814405742821425,1.3678566284421572
191,-18.016016016016017,18.016016016016017,2.1820400574723915,3.0814405742821425,1.3678566284421572
192,-18.105105105105107,18.105105105105107,2.1820400574723915,3.0814405742821425,1.3678566284421572
193,-18.194194194194196,18.194194194194196,2.1820400574723915,3.0814405742821425,1.3678566284421572
194,-18.283283283283286,18.283283283283286,2.1850112509969986,3.0833243482144237,1.3599073890696598
195,-18.37237237237237,18.37237237237237,2.1850112509969986,3.0833243482144237,1.3599073890696598
196,-18.46146146146146,18.46146146146146,2.1850112509969986,3.0833243482144237,1.3599073890696598
197,-18.55055055055055,18.55055055055055,2.1850112509969986,3.0833243482144237,1.3599073890696598
198,-18.63963963963964,18.63963963963964,2.188913750508463,3.0860189909165636,1.352150693194195
199,-18.72872872872873,18.72872872872873,2.188913750508463,3.0860189909165636,1.352150693194195
200,-18.81781781781782,18.81781781781782,2.188913750508463,3.0860189909165636,1.352150693194195
201,-18.906906906906908,18.906906906906908,2.188913750508463,3.0860189909165636,1.352150693194195
202,-18.995995995995997,18.995995995995997,2.1926835031437846,3.0889299466110542,1.3438004673194304
203,-19.085085085085087,19.085085085085087,2.1926835031437846,3.0889299466110542,1.3438004673194304
204,-19.174174174174176,19.174174174174176,2.1926835031437846,3.0889299466110542,1.3438004673194304
205,-19.263263263263266,19.263263263263266,2.1966360350872125,3.0921082407761116,1.3356801414350683
206,-19.35235235235235,19.35235235235235,2.1966360350872125,3.0921082407761116,1.3356801414350683
207,-19.44144144144144,19.44144144144144,2.1966360350872125,3.0921082407761116,1.3356801414350683
208,-19.53053053053053,19.53053053053053,2.1966360350872125,3.0921082407761116,1.3356801414350683
209,-19.61961961961962,19.61961961961962,2.20029896191719,3.095812325934053,1.3274237996019733
210,-19.70870870870871,19.70870870870871,2.20029896191719,3.095812325934053,1.3274237996019733
211,-19.7977977977978,19.7977977977978,2.20029896191719,3.095812325934053,1.3274237996019733
212,-19.886886886886888,19.886886886886888,2.20029896191719,3.095812325934053,1.3274237996019733
213,-19.975975975975977,19.975975975975977,2.2032028614837884,3.0989623704916185,1.3186685556807474
214,-20.065065065065067,20.065065065065067,2.2032028614837884,3.0989623704916185,1.3186685556807474
215,-20.154154154154156,20.154154154154156,2.2032028614837884,3.0989623704916185,1.3186685556807474
216,-20.243243243243246,20.243243243243246,2.2032028614837884,3.0989623704916185,1.3186685556807474
217,-20.332332332332335,20.332332332332335,2.205977593094187,3.1018534985199064,1.3101525595007637
218,-20.42142142142142,20.42142142142142,2.205977593094187,3.1018534985199064,1.3101525595007637
219,-20.51051051051051,20.51051051051051,2.205977593094187,3.1018534985199064,1.3101525595007637
220,-20.5995995995996,20.5995995995996,2.205977593094187,3.1018534985199064,1.3101525595007637
221,-20.68868868868869,20.68868868868869,2.2084022307725557,3.1050430352498326,1.301858094923726
222,-20.77777777777778,20.77777777777778,2.2084022307725557,3.1050430352498326,1.301858094923726
223,-20.866866866866868,20.866866866866868,2.2084022307725557,3.1050430352498326,1.301858094923726
224,-20.955955955955957,20.955955955955957,2.2084022307725557,3.1050430352498326,1.301858094923726
225,-21.045045045045047,21.045045045045047,2.21122613492489,3.109569305410771,1.2934690204822898
226,-21.134134134134136,21.134134134134136,2.21122613492489,3.109569305410771,1.2934690204822898
227,-21.223223223223226,21.223223223223226,2.21122613492489,3.109569305410771,1.2934690204822898
228,-21.312312312312315,21.312312312312315,2.21122613492489,3.109569305410771,1.2934690204822898
229,-21.4014014014014,21.4014014014014,2.214150335509921,3.1143753160987004,1.2847830795916408
230,-21.49049049049049,21.49049049049049,2.214150335509921,3.1143753160987004,1.2847830795916408
231,-21.57957957957958,21.57957957957958,2.214150335509921,3.1143753160987004,1.2847830795916408
232,-21.66866866866867,21.66866866866867,2.214150335509921,3.1143753160987004,1.2847830795916408
233,-21.75775775775776,21.75775775775776,2.2178832755477558,3.1209738077709153,1.2760673695758036
234,-21.846846846846848,21.846846846846848,2.2178832755477558,3.1209738077709153,1.2760673695758036
235,-21.935935935935937,21.935935935935937,2.2178832755477558,3.1209738077709153,1.2760673695758036
236,-22.025025025025027,22.025025025025027,2.2178832755477558,3.1209738077709153,1.2760673695758036
237,-22.114114114114116,22.114114114114116,2.2216922910340524,3.1275788888192944,1.267181101050656
238,-22.203203203203206,22.203203203203206,2.2216922910340524,3.1275788888192944,1.267181101050656
239,-22.292292292292295,22.292292292292295,2.2216922910340524,3.1275788888192944,1.267181101050656
240,-22.38138138138138,22.38138138138138,2.2216922910340524,3.1275788888192944,1.267181101050656
241,-22.47047047047047,22.47047047047047,2.2261947524244565,3.1358266181638905,1.258718544241497
242,-22.55955955955956,22.55955955955956,2.2261947524244565,3.1358266181638905,1.258718544241497
243,-22.64864864864865,22.64864864864865,2.2261947524244565,3.1358266181638905,1.258718544241497
244,-22.73773773773774,22.73773773773774,2.2261947524244565,3.1358266181638905,1.258718544241497
245,-22.826826826826828,22.826826826826828,2.2315515027444306,3.1448033420595167,1.2509310304742456
246,-22.915915915915917,22.915915915915917,2.2315515027444306,3.1448033420595167,1.2509310304742456
247,-23.005005005005007,23.005005005005007,2.2315515027444306,3.1448033420595167,1.2509310304742456
248,-23.094094094094096,23.094094094094096,2.2315515027444306,3.1448033420595167,1.2509310304742456
249,-23.183183183183186,23.183183183183186,2.2371554883908673,3.153698340321994,1.2433867396830574
250,-23.272272272272275,23.272272272272275,2.2371554883908673,3.153698340321994,1.2433867396830574
251,-23.36136136136136,23.36136136136136,2.2371554883908673,3.153698340321994,1.2433867396830574
252,-23.45045045045045,23.45045045045045,2.2371554883908673,3.153698340321994,1.2433867396830574
253,-23.53953953953954,23.53953953953954,2.242959944700364,3.162571811373633,1.2362049825683876
254,-23.62862862862863,23.62862862862863,2.242959944700364,3.162571811373633,1.2362049825683876
255,-23.71771771771772,23.71771771771772,2.242959944700364,3.162571811373633,1.2362049825683876
256,-23.806806806806808,23.806806806806808,2.242959944700364,3.162571811373633,1.2362049825683876
257,-23.895895895895897,23.895895895895897,2.2493139769876587,3.1714779187549946,1.2290955689039946
258,-23.984984984984987,23.984984984984987,2.2493139769876587,3.1714779187549946,1.2290955689039946
259,-24.074074074074076,24.074074074074076,2.2493139769876587,3.1714779187549946,1.2290955689039946
260,-24.163163163163166,24.163163163163166,2.2493139769876587,3.1714779187549946,1.2290955689039946
261,-24.252252252252255,24.252252252252255,2.25619850448888,3.180360722231087,1.2221296736210574
262,-24.34134134134134,24.34134134134134,2.25619850448888,3.180360722231087,1.2221296736210574
263,-24.43043043043043,24.43043043043043,2.25619850448888,3.180360722231087,1.2221296736210574
264,-24.51951951951952,24.51951951951952,2.262907762578843,3.188050525585744,1.2149975573223537
265,-24.60860860860861,24.60860860860861,2.262907762578843,3.188050525585744,1.2149975573223537
266,-24.6976976976977,24.6976976976977,2.262907762578843,3.188050525585744,1.2149975573223537
267,-24.786786786786788,24.786786786786788,2.262907762578843,3.188050525585744,1.2149975573223537
268,-24.875875875875877,24.875875875875877,2.2700408150824245,3.1951027149201296,1.207866855249055
269,-24.964964964964967,24.964964964964967,2.2700408150824245,3.1951027149201296,1.207866855249055
270,-25.054054054054056,25.054054054054056,2.2700408150824245,3.1951027149201296,1.207866855249055
271,-25.143143143143146,25.143143143143146,2.2700408150824245,3.1951027149201296,1.207866855249055
272,-25.232232232232235,25.232232232232235,2.277845731359301,3.201943156496875,1.2009673915962598
273,-25.32132132132132,25.32132132132132,2.277845731359301,3.201943156496875,1.2009673915962598
274,-25.41041041041041,25.41041041041041,2.277845731359301,3.201943156496875,1.2009673915962598
275,-25.4994994994995,25.4994994994995,2.277845731359301,3.201943156496875,1.2009673915962598
276,-25.58858858858859,25.58858858858859,2.2864116415482316,3.2098180918806376,1.1944971202977286
277,-25.67767767767768,25.67767767767768,2.2864116415482316,3.2098180918806376,1.1944971202977286
278,-25.766766766766768,25.766766766766768,2.2864116415482316,3.2098180918806376,1.1944971202977286
279,-25.855855855855857,25.855855855855857,2.2864116415482316,3.2098180918806376,1.1944971202977286
280,-25.944944944944947,25.944944944944947,2.296062955103474,3.2191950207576707,1.188835020798882
281,-26.034034034034036,26.034034034034036,2.296062955103474,3.2191950207576707,1.188835020798882
282,-26.123123123123126,26.123123123123126,2.296062955103474,3.2191950207576707,1.188835020798882
283,-26.212212212212215,26.212212212212215,2.296062955103474,3.2191950207576707,1.188835020798882
284,-26.3013013013013,26.3013013013013,2.30589688132423,3.2286045717558136,1.1834916752599873
285,-26.39039039039039,26.39039039039039,2.30589688132423,3.2286045717558136,1.1834916752599873
286,-26.47947947947948,26.47947947947948,2.30589688132423,3.2286045717558136,1.1834916752599873
287,-26.56856856856857,26.56856856856857,2.30589688132423,3.2286045717558136,1.1834916752599873
288,-26.65765765765766,26.65765765765766,2.3166482873217555,3.2385930816631676,1.179248247923918
289,-26.746746746746748,26.746746746746748,2.3166482873217555,3.2385930816631676,1.179248247923918
290,-26.835835835835837,26.835835835835837,2.3166482873217555,3.2385930816631676,1.179248247923918
291,-26.924924924924927,26.924924924924927,2.3166482873217555,3.2385930816631676,1.179248247923918
292,-27.014014014014016,27.014014014014016,2.327682662459723,3.248474132820787,1.174628101539998
293,-27.103103103103106,27.103103103103106,2.327682662459723,3.248474132820787,1.174628101539998
294,-27.192192192192195,27.192192192192195,2.327682662459723,3.248474132820787,1.174628101539998
295,-27.28128128128128,27.28128128128128,2.327682662459723,3.248474132820787,1.174628101539998
296,-27.37037037037037,27.37037037037037,2.3391841418545813,3.2580998162057595,1.169895844655422
297,-27.45945945945946,27.45945945945946,2.3391841418545813,3.2580998162057595,1.169895844655422
298,-27.54854854854855,27.54854854854855,2.3391841418545813,3.2580998162057595,1.169895844655422
299,-27.63763763763764,27.63763763763764,2.3391841418545813,3.2580998162057595,1.169895844655422
300,-27.726726726726728,27.726726726726728,2.3512084480454303,3.2674400664781422,1.1656305058357836
301,-27.815815815815817,27.815815815815817,2.3512084480454303,3.2674400664781422,1.1656305058357836
302,-27.904904904904907,27.904904904904907,2.3512084480454303,3.2674400664781422,1.1656305058357836
303,-27.993993993993996,27.993993993993996,2.3512084480454303,3.2674400664781422,1.1656305058357836
304,-28.083083083083086,28.083083083083086,2.3638073565782562,3.276474375450619,1.1610996175346777
305,-28.172172172172175,28.172172172172175,2.3638073565782562,3.276474375450619,1.1610996175346777
306,-28.261261261261264,28.261261261261264,2.3638073565782562,3.276474375450619,1.1610996175346777
307,-28.35035035035035,28.35035035035035,2.3638073565782562,3.276474375450619,1.1610996175346777
308,-28.43943943943944,28.43943943943944,2.3769693824675153,3.285514675068375,1.1568974478204417
309,-28.52852852852853,28.52852852852853,2.3769693824675153,3.285514675068375,1.1568974478204417
310,-28.61761761761762,28.61761761761762,2.3769693824675153,3.285514675068375,1.1568974478204417
311,-28.706706706706708,28.706706706706708,2.3769693824675153,3.285514675068375,1.1568974478204417
312,-28.795795795795797,28.795795795795797,2.3905850564737134,3.2941460635594444,1.1528752181150992
313,-28.884884884884887,28.884884884884887,2.3905850564737134,3.2941460635594444,1.1528752181150992
314,-28.973973973973976,28.973973973973976,2.3905850564737134,3.2941460635594444,1.1528752181150992
315,-29.063063063063066,29.063063063063066,2.3905850564737134,3.2941460635594444,1.1528752181150992
316,-29.152152152152155,29.152152152152155,2.4044589070849423,3.302057889645343,1.1487060755559504
317,-29.241241241241244,29.241241241241244,2.4044589070849423,3.302057889645343,1.1487060755559504
318,-29.33033033033033,29.33033033033033,2.4044589070849423,3.302057889645343,1.1487060755559504
319,-29.41941941941942,29.41941941941942,2.4191426783553354,3.309792745915257,1.1446998492980747
320,-29.50850850850851,29.50850850850851,2.4191426783553354,3.309792745915257,1.1446998492980747
321,-29.5975975975976,29.5975975975976,2.4191426783553354,3.309792745915257,1.1446998492980747
322,-29.686686686686688,29.686686686686688,2.4191426783553354,3.309792745915257,1.1446998492980747
323,-29.775775775775777,29.775775775775777,2.4347315120331277,3.3183792284558633,1.1431451885083412
324,-29.864864864864867,29.864864864864867,2.4347315120331277,3.3183792284558633,1.1431451885083412
325,-29.953953953953956,29.953953953953956,2.4347315120331277,3.3183792284558633,1.1431451885083412
326,-30.043043043043046,30.043043043043046,2.4347315120331277,3.3183792284558633,1.1431451885083412
327,-30.132132132132135,30.132132132132135,2.450832548592764,3.3265216436552576,1.1419319967302068
328,-30.221221221221224,30.221221221221224,2.450832548592764,3.3265216436552576,1.1419319967302068
329,-30.31031031031031,30.31031031031031,2.450832548592764,3.3265216436552576,1.1419319967302068
330,-30.3993993993994,30.3993993993994,2.450832548592764,3.3265216436552576,1.1419319967302068
331,-30.48848848848849,30.48848848848849,2.467430581331088,3.334240789314825,1.141240522933502
332,-30.57757757757758,30.57757757757758,2.467430581331088,3.334240789314825,1.141240522933502
333,-30.666666666666668,30.666666666666668,2.467430581331088,3.334240789314825,1.141240522933502
334,-30.755755755755757,30.755755755755757,2.467430581331088,3.334240789314825,1.141240522933502
335,-30.844844844844847,30.844844844844847,2.4838457310352138,3.3393939388527487,1.1394372747762163
336,-30.933933933933936,30.933933933933936,2.4838457310352138,3.3393939388527487,1.1394372747762163
337,-31.023023023023026,31.023023023023026,2.4838457310352138,3.3393939388527487,1.1394372747762163
338,-31.112112112112115,31.112112112112115,2.4838457310352138,3.3393939388527487,1.1394372747762163
339,-31.201201201201204,31.201201201201204,2.5001217523145605,3.342388057290468,1.1369321671331152
340,-31.29029029029029,31.29029029029029,2.5001217523145605,3.342388057290468,1.1369321671331152
341,-31.37937937937938,31.37937937937938,2.5001217523145605,3.342388057290468,1.1369321671331152
342,-31.46846846846847,31.46846846846847,2.5001217523145605,3.342388057290468,1.1369321671331152
343,-31.55755755755756,31.55755755755756,2.516911169597666,3.3448904466420455,1.134269402737802
344,-31.646646646646648,31.646646646646648,2.516911169597666,3.3448904466420455,1.134269402737802
345,-31.735735735735737,31.735735735735737,2.516911169597666,3.3448904466420455,1.134269402737802
346,-31.824824824824827,31.824824824824827,2.516911169597666,3.3448904466420455,1.134269402737802
347,-31.913913913913916,31.913913913913916,2.534008646628077,3.3463266418801774,1.1312368003753477
348,-32.003003003003,32.003003003003,2.534008646628077,3.3463266418801774,1.1312368003753477
349,-32.092092092092095,32.092092092092095,2.534008646628077,3.3463266418801774,1.1312368003753477
350,-32.18118118118119,32.18118118118119,2.534008646628077,3.3463266418801774,1.1312368003753477
351,-32.270270270270274,32.270270270270274,2.5530909059115845,3.346971924377224,1.1276240451756292
352,-32.35935935935936,32.35935935935936,2.5530909059115845,3.346971924377224,1.1276240451756292
353,-32.448448448448445,32.448448448448445,2.5530909059115845,3.346971924377224,1.1276240451756292
354,-32.53753753753754,32.53753753753754,2.5530909059115845,3.346971924377224,1.1276240451756292
355,-32.62662662662663,32.62662662662663,2.57431497532529,3.348119342571432,1.1243302867214784
356,-32.71571571571572,32.71571571571572,2.57431497532529,3.348119342571432,1.1243302867214784
357,-32.8048048048048,32.8048048048048,2.57431497532529,3.348119342571432,1.1243302867214784
358,-32.893893893893896,32.893893893893896,2.57431497532529,3.348119342571432,1.1243302867214784
359,-32.98298298298299,32.98298298298299,2.5958810072098504,3.3480806685623743,1.1203078163173774
360,-33.072072072072075,33.072072072072075,2.5958810072098504,3.3480806685623743,1.1203078163173774
361,-33.16116116116116,33.16116116116116,2.5958810072098504,3.3480806685623743,1.1203078163173774
362,-33.250250250250254,33.250250250250254,2.5958810072098504,3.3480806685623743,1.1203078163173774
363,-33.33933933933934,33.33933933933934,2.6183567020722958,3.347702813366018,1.1160831933800004
364,-33.42842842842843,33.42842842842843,2.6183567020722958,3.347702813366018,1.1160831933800004
365,-33.51751751751752,33.51751751751752,2.6183567020722958,3.347702813366018,1.1160831933800004
366,-33.60660660660661,33.60660660660661,2.6183567020722958,3.347702813366018,1.1160831933800004
367,-33.6956956956957,33.6956956956957,2.6432966293302456,3.347828637976244,1.112232715298743
368,-33.78478478478478,33.78478478478478,2.6432966293302456,3.347828637976244,1.112232715298743
369,-33.873873873873876,33.873873873873876,2.6432966293302456,3.347828637976244,1.112232715298743
370,-33.96296296296296,33.96296296296296,2.6432966293302456,3.347828637976244,1.112232715298743
371,-34.052052052052055,34.052052052052055,2.66871185223763,3.347742537484359,1.1086153186509937
372,-34.14114114114114,34.14114114114114,2.66871185223763,3.347742537484359,1.1086153186509937
373,-34.230230230230234,34.230230230230234,2.66871185223763,3.347742537484359,1.1086153186509937
374,-34.31931931931932,34.31931931931932,2.6947825881406993,3.347500404341315,1.1049145093715773
375,-34.40840840840841,34.40840840840841,2.6947825881406993,3.347500404341315,1.1049145093715773
376,-34.4974974974975,34.4974974974975,2.6947825881406993,3.347500404341315,1.1049145093715773
377,-34.58658658658659,34.58658658658659,2.6947825881406993,3.347500404341315,1.1049145093715773
378,-34.67567567567568,34.67567567567568,2.7239860720725866,3.3485490648158143,1.1017941490614407
379,-34.76476476476476,34.76476476476476,2.7239860720725866,3.3485490648158143,1.1017941490614407
380,-34.853853853853856,34.853853853853856,2.7239860720725866,3.3485490648158143,1.1017941490614407
381,-34.94294294294294,34.94294294294294,2.7239860720725866,3.3485490648158143,1.1017941490614407
382,-35.032032032032035,35.032032032032035,2.7537754693505287,3.349544895212965,1.0986541349305006
383,-35.12112112112112,35.12112112112112,2.7537754693505287,3.349544895212965,1.0986541349305006
384,-35.210210210210214,35.210210210210214,2.7537754693505287,3.349544895212965,1.0986541349305006
385,-35.2992992992993,35.2992992992993,2.7537754693505287,3.349544895212965,1.0986541349305006
386,-35.38838838838839,35.38838838838839,2.7840426787038024,3.3502298601742986,1.0952159573083593
387,-35.47747747747748,35.47747747747748,2.7840426787038024,3.3502298601742986,1.0952159573083593
388,-35.56656656656657,35.56656656656657,2.7840426787038024,3.3502298601742986,1.0952159573083593
389,-35.65565565565566,35.65565565565566,2.7840426787038024,3.3502298601742986,1.0952159573083593
390,-35.74474474474474,35.74474474474474,2.814140106971969,3.3497261624495667,1.0909026518916551
391,-35.833833833833836,35.833833833833836,2.814140106971969,3.3497261624495667,1.0909026518916551
392,-35.92292292292292,35.92292292292292,2.814140106971969,3.3497261624495667,1.0909026518916551
393,-36.012012012012015,36.012012012012015,2.814140106971969,3.3497261624495667,1.0909026518916551
394,-36.1011011011011,36.1011011011011,2.844642947231802,3.3484762969557686,1.085849602339429
395,-36.190190190190194,36.190190190190194,2.844642947231802,3.3484762969557686,1.085849602339429
396,-36.27927927927928,36.27927927927928,2.844642947231802,3.3484762969557686,1.085849602339429
397,-36.36836836836837,36.36836836836837,2.844642947231802,3.3484762969557686,1.085849602339429
398,-36.45745745745746,36.45745745745746,2.8762241918565095,3.34797196761815,1.0812623480333676
399,-36.54654654654655,36.54654654654655,2.8762241918565095,3.34797196761815,1.0812623480333676
400,-36.63563563563564,36.63563563563564,2.8762241918565095,3.34797196761815,1.0812623480333676
401,-36.72472472472472,36.72472472472472,2.8762241918565095,3.34797196761815,1.0812623480333676
402,-36.813813813813816,36.813813813813816,2.9077376688324135,3.345916799629514,1.075252390022033
403,-36.9029029029029,36.9029029029029,2.9077376688324135,3.345916799629514,1.075252390022033
404,-36.991991991991995,36.991991991991995,2.9077376688324135,3.345916799629514,1.075252390022033
405,-37.08108108108108,37.08108108108108,2.9077376688324135,3.345916799629514,1.075252390022033
406,-37.170170170170174,37.170170170170174,2.9394817717832087,3.3443710425706232,1.0694752378722763
407,-37.25925925925926,37.25925925925926,2.9394817717832087,3.3443710425706232,1.0694752378722763
408,-37.34834834834835,37.34834834834835,2.9394817717832087,3.3443710425706232,1.0694752378722763
409,-37.43743743743744,37.43743743743744,2.9394817717832087,3.3443710425706232,1.0694752378722763
410,-37.52652652652653,37.52652652652653,2.971019767535808,3.3438365737399933,1.0644003532743498
411,-37.61561561561562,37.61561561561562,2.971019767535808,3.3438365737399933,1.0644003532743498
412,-37.7047047047047,37.7047047047047,2.971019767535808,3.3438365737399933,1.0644003532743498
413,-37.793793793793796,37.793793793793796,2.971019767535808,3.3438365737399933,1.0644003532743498
414,-37.88288288288288,37.88288288288288,3.0030820883311997,3.342485861980937,1.058712395017758
415,-37.971971971971975,37.971971971971975,3.0030820883311997,3.342485861980937,1.058712395017758
416,-38.06106106106106,38.06106106106106,3.0030820883311997,3.342485861980937,1.058712395017758
417,-38.150150150150154,38.150150150150154,3.0030820883311997,3.342485861980937,1.058712395017758
418,-38.23923923923924,38.23923923923924,3.035370479109599,3.340765209121877,1.0525554905223666
419,-38.32832832832833,38.32832832832833,3.035370479109599,3.340765209121877,1.0525554905223666
420,-38.41741741741742,38.41741741741742,3.035370479109599,3.340765209121877,1.0525554905223666
421,-38.50650650650651,38.50650650650651,3.035370479109599,3.340765209121877,1.0525554905223666
422,-38.5955955955956,38.5955955955956,3.06853025933866,3.338616153879242,1.0462733626870115
423,-38.68468468468468,38.68468468468468,3.06853025933866,3.338616153879242,1.0462733626870115
424,-38.773773773773776,38.773773773773776,3.06853025933866,3.338616153879242,1.0462733626870115
425,-38.86286286286286,38.86286286286286,3.06853025933866,3.338616153879242,1.0462733626870115
426,-38.951951951951955,38.951951951951955,3.102426751735694,3.3358795887630652,1.03954100204094
427,-39.04104104104104,39.04104104104104,3.102426751735694,3.3358795887630652,1.03954100204094
428,-39.130130130130134,39.130130130130134,3.102426751735694,3.3358795887630652,1.03954100204094
429,-39.21921921921922,39.21921921921922,3.102426751735694,3.3358795887630652,1.03954100204094
430,-39.30830830830831,39.30830830830831,3.1371309105442093,3.3334591316733624,1.033105905316495
431,-39.3973973973974,39.3973973973974,3.1371309105442093,3.3334591316733624,1.033105905316495
432,-39.48648648648649,39.48648648648649,3.1371309105442093,3.3334591316733624,1.033105905316495
433,-39.57557557557558,39.57557557557558,3.1724314412805446,3.331474465859146,1.026792102704995
434,-39.66466466466467,39.66466466466467,3.1724314412805446,3.331474465859146,1.026792102704995
435,-39.753753753753756,39.753753753753756,3.1724314412805446,3.331474465859146,1.026792102704995
436,-39.84284284284284,39.84284284284284,3.1724314412805446,3.331474465859146,1.026792102704995
437,-39.931931931931935,39.931931931931935,3.2084236255316516,3.329641553274419,1.0204654799224846
438,-40.02102102102102,40.02102102102102,3.2084236255316516,3.329641553274419,1.0204654799224846
439,-40.110110110110114,40.110110110110114,3.2084236255316516,3.329641553274419,1.0204654799224846
440,-40.1991991991992,40.1991991991992,3.2084236255316516,3.329641553274419,1.0204654799224846
441,-40.28828828828829,40.28828828828829,3.244694963077906,3.3283383013571215,1.01427996741616
442,-40.37737737737738,40.37737737737738,3.244694963077906,3.3283383013571215,1.01427996741616
443,-40.46646646646647,40.46646646646647,3.244694963077906,3.3283383013571215,1.01427996741616
444,-40.55555555555556,40.55555555555556,3.244694963077906,3.3283383013571215,1.01427996741616
445,-40.64464464464465,40.64464464464465,3.28111524396238,3.3274158267471816,1.008437048274235
446,-40.733733733733736,40.733733733733736,3.28111524396238,3.3274158267471816,1.008437048274235
447,-40.82282282282282,40.82282282282282,3.28111524396238,3.3274158267471816,1.008437048274235
448,-40.911911911911915,40.911911911911915,3.28111524396238,3.3274158267471816,1.008437048274235
449,-41.001001001001,41.001001001001,3.3169756378351902,3.325664836613146,1.0022329163205368
450,-41.090090090090094,41.090090090090094,3.3169756378351902,3.325664836613146,1.0022329163205368
451,-41.17917917917918,41.17917917917918,3.3169756378351902,3.325664836613146,1.0022329163205368
452,-41.26826826826827,41.26826826826827,3.3169756378351902,3.325664836613146,1.0022329163205368
453,-41.35735735735736,41.35735735735736,3.35278349577734,3.321927877927077,0.9950456581096282
454,-41.44644644644645,41.44644644644645,3.35278349577734,3.321927877927077,0.9950456581096282
455,-41.53553553553554,41.53553553553554,3.35278349577734,3.321927877927077,0.9950456581096282
456,-41.62462462462463,41.62462462462463,3.35278349577734,3.321927877927077,0.9950456581096282
457,-41.713713713713716,41.713713713713716,3.388023997774545,3.3174353468247917,0.9874528874504345
458,-41.8028028028028,41.8028028028028,3.388023997774545,3.3174353468247917,0.9874528874504345
459,-41.891891891891895,41.891891891891895,3.388023997774545,3.3174353468247917,0.9874528874504345
460,-41.98098098098098,41.98098098098098,3.388023997774545,3.3174353468247917,0.9874528874504345
461,-42.070070070070074,42.070070070070074,3.4235367752301147,3.3115618190299867,0.9787804975217383
462,-42.15915915915916,42.15915915915916,3.4235367752301147,3.3115618190299867,0.9787804975217383
463,-42.24824824824825,42.24824824824825,3.4235367752301147,3.3115618190299867,0.9787804975217383
464,-42.33733733733734,42.33733733733734,3.4235367752301147,3.3115618190299867,0.9787804975217383
465,-42.42642642642643,42.42642642642643,3.459235515567595,3.3053702749988894,0.9694727212750678
466,-42.51551551551552,42.51551551551552,3.459235515567595,3.3053702749988894,0.9694727212750678
467,-42.60460460460461,42.60460460460461,3.459235515567595,3.3053702749988894,0.9694727212750678
468,-42.693693693693696,42.693693693693696,3.459235515567595,3.3053702749988894,0.9694727212750678
469,-42.78278278278278,42.78278278278278,3.4956504251109073,3.29922971372767,0.9600464204452989
470,-42.871871871871875,42.871871871871875,3.4956504251109073,3.29922971372767,0.9600464204452989
471,-42.96096096096096,42.96096096096096,3.4956504251109073,3.29922971372767,0.9600464204452989
472,-43.050050050050054,43.050050050050054,3.4956504251109073,3.29922971372767,0.9600464204452989
473,-43.13913913913914,43.13913913913914,3.5324807339896163,3.2934838153085804,0.9506793216905474
474,-43.22822822822823,43.22822822822823,3.5324807339896163,3.2934838153085804,0.9506793216905474
475,-43.31731731731732,43.31731731731732,3.5324807339896163,3.2934838153085804,0.9506793216905474
476,-43.40640640640641,43.40640640640641,3.5324807339896163,3.2934838153085804,0.9506793216905474
477,-43.4954954954955,43.4954954954955,3.570417883652127,3.2880229727155235,0.9410672238448449
478,-43.58458458458459,43.58458458458459,3.570417883652127,3.2880229727155235,0.9410672238448449
479,-43.673673673673676,43.673673673673676,3.570417883652127,3.2880229727155235,0.9410672238448449
480,-43.76276276276276,43.76276276276276,3.570417883652127,3.2880229727155235,0.9410672238448449
481,-43.851851851851855,43.851851851851855,3.6088327472378294,3.282345749757699,0.9310673145914953
482,-43.94094094094094,43.94094094094094,3.6088327472378294,3.282345749757699,0.9310673145914953
483,-44.030030030030034,44.030030030030034,3.6088327472378294,3.282345749757699,0.9310673145914953
484,-44.11911911911912,44.11911911911912,3.6088327472378294,3.282345749757699,0.9310673145914953
485,-44.20820820820821,44.20820820820821,3.6473011681505736,3.276706834528633,0.9211497268368393
486,-44.2972972972973,44.2972972972973,3.6473011681505736,3.276706834528633,0.9211497268368393
487,-44.38638638638639,44.38638638638639,3.6473011681505736,3.276706834528633,0.9211497268368393
488,-44.47547547547548,44.47547547547548,3.6859993659860377,3.2713242126306747,0.9114034908228993
489,-44.56456456456457,44.56456456456457,3.6859993659860377,3.2713242126306747,0.9114034908228993
490,-44.653653653653656,44.653653653653656,3.6859993659860377,3.2713242126306747,0.9114034908228993
491,-44.74274274274274,44.74274274274274,3.6859993659860377,3.2713242126306747,0.9114034908228993
492,-44.831831831831835,44.831831831831835,3.7247936752753033,3.26547048372594,0.9012100243378437
493,-44.92092092092092,44.92092092092092,3.7247936752753033,3.26547048372594,0.9012100243378437
494,-45.010010010010014,45.010010010010014,3.7247936752753033,3.26547048372594,0.9012100243378437
495,-45.0990990990991,45.0990990990991,3.7247936752753033,3.26547048372594,0.9012100243378437
496,-45.18818818818819,45.18818818818819,3.763139318140365,3.2595286903847174,0.891310336361962
497,-45.27727727727728,45.27727727727728,3.763139318140365,3.2595286903847174,0.891310336361962
498,-45.36636636636637,45.36636636636637,3.763139318140365,3.2595286903847174,0.891310336361962
499,-45.45545545545546,45.45545545545546,3.763139318140365,3.2595286903847174,0.891310336361962
500,-45.54454454454455,45.54454454454455,3.802065230822529,3.2539148856511484,0.8812373026735013
501,-45.633633633633636,45.633633633633636,3.802065230822529,3.2539148856511484,0.8812373026735013
502,-45.72272272272272,45.72272272272272,3.802065230822529,3.2539148856511484,0.8812373026735013
503,-45.811811811811815,45.811811811811815,3.802065230822529,3.2539148856511484,0.8812373026735013
504,-45.9009009009009,45.9009009009009,3.8409523171776336,3.2473729627266685,0.8705128250002678
505,-45.98998998998999,45.98998998998999,3.8409523171776336,3.2473729627266685,0.8705128250002678
506,-46.07907907907908,46.07907907907908,3.8409523171776336,3.2473729627266685,0.8705128250002678
507,-46.16816816816817,46.16816816816817,3.8409523171776336,3.2473729627266685,0.8705128250002678
508,-46.25725725725726,46.25725725725726,3.8806856663451996,3.240582146176703,0.8591544346947723
509,-46.34634634634635,46.34634634634635,3.8806856663451996,3.240582146176703,0.8591544346947723
510,-46.43543543543544,46.43543543543544,3.8806856663451996,3.240582146176703,0.8591544346947723
511,-46.52452452452453,46.52452452452453,3.8806856663451996,3.240582146176703,0.8591544346947723
512,-46.613613613613616,46.613613613613616,3.921353053445512,3.2337230213061656,0.8474502913127003
513,-46.7027027027027,46.7027027027027,3.921353053445512,3.2337230213061656,0.8474502913127003
514,-46.791791791791795,46.791791791791795,3.921353053445512,3.2337230213061656,0.8474502913127003
515,-46.88088088088088,46.88088088088088,3.921353053445512,3.2337230213061656,0.8474502913127003
516,-46.96996996996997,46.96996996996997,3.962554365081681,3.2265471138705872,0.835162438898226
517,-47.05905905905906,47.05905905905906,3.962554365081681,3.2265471138705872,0.835162438898226
518,-47.14814814814815,47.14814814814815,3.962554365081681,3.2265471138705872,0.835162438898226
519,-47.23723723723724,47.23723723723724,3.962554365081681,3.2265471138705872,0.835162438898226
520,-47.32632632632633,47.32632632632633,4.003676643635119,3.2188861475320514,0.822258458583779
521,-47.41541541541542,47.41541541541542,4.003676643635119,3.2188861475320514,0.822258458583779
522,-47.50450450450451,47.50450450450451,4.003676643635119,3.2188861475320514,0.822258458583779
523,-47.593593593593596,47.593593593593596,4.003676643635119,3.2188861475320514,0.822258458583779
524,-47.68268268268268,47.68268268268268,4.044953865469438,3.2105853067464634,0.808768209496696
525,-47.771771771771775,47.771771771771775,4.044953865469438,3.2105853067464634,0.808768209496696
526,-47.86086086086086,47.86086086086086,4.044953865469438,3.2105853067464634,0.808768209496696
527,-47.94994994994995,47.94994994994995,4.044953865469438,3.2105853067464634,0.808768209496696
528,-48.03903903903904,48.03903903903904,4.08572075773886,3.202144433937018,0.795473371979412
529,-48.12812812812813,48.12812812812813,4.08572075773886,3.202144433937018,0.795473371979412
530,-48.21721721721722,48.21721721721722,4.08572075773886,3.202144433937018,0.795473371979412
531,-48.30630630630631,48.30630630630631,4.08572075773886,3.202144433937018,0.795473371979412
532,-48.3953953953954,48.3953953953954,4.126711353860585,3.19306322011375,0.781773815569896
533,-48.48448448448449,48.48448448448449,4.126711353860585,3.19306322011375,0.781773815569896
534,-48.573573573573576,48.573573573573576,4.126711353860585,3.19306322011375,0.781773815569896
535,-48.66266266266266,48.66266266266266,4.126711353860585,3.19306322011375,0.781773815569896
536,-48.751751751751755,48.751751751751755,4.168180008316129,3.183001450588139,0.7670337058383672
537,-48.84084084084084,48.84084084084084,4.168180008316129,3.183001450588139,0.7670337058383672
538,-48.92992992992993,48.92992992992993,4.168180008316129,3.183001450588139,0.7670337058383672
539,-49.01901901901902,49.01901901901902,4.168180008316129,3.183001450588139,0.7670337058383672
540,-49.10810810810811,49.10810810810811,4.210559821278759,3.172031838969243,0.7512294890500716
541,-49.1971971971972,49.1971971971972,4.210559821278759,3.172031838969243,0.7512294890500716
542,-49.28628628628629,49.28628628628629,4.210559821278759,3.172031838969243,0.7512294890500716
543,-49.37537537537538,49.37537537537538,4.210559821278759,3.172031838969243,0.7512294890500716
544,-49.46446446446447,49.46446446446447,4.253028384760265,3.1600024765957397,0.734596790675067
545,-49.553553553553556,49.553553553553556,4.253028384760265,3.1600024765957397,0.734596790675067
546,-49.64264264264264,49.64264264264264,4.253028384760265,3.1600024765957397,0.734596790675067
547,-49.731731731731735,49.731731731731735,4.296551963836179,3.1468155681137224,0.7167684957876415
548,-49.82082082082082,49.82082082082082,4.296551963836179,3.1468155681137224,0.7167684957876415
549,-49.90990990990991,49.90990990990991,4.296551963836179,3.1468155681137224,0.7167684957876415
550,-49.998998998999,49.998998998999,4.296551963836179,3.1468155681137224,0.7167684957876415
551,-50.08808808808809,50.08808808808809,4.34032561018445,3.132563511835006,0.6981497852728058
552,-50.17717717717718,50.17717717717718,4.34032561018445,3.132563511835006,0.6981497852728058
553,-50.26626626626627,50.26626626626627,4.34032561018445,3.132563511835006,0.6981497852728058
554,-50.35535535535536,50.35535535535536,4.34032561018445,3.132563511835006,0.6981497852728058
555,-50.44444444444445,50.44444444444445,4.3837923139340065,3.1180274260633167,0.6796436921019376
556,-50.533533533533536,50.533533533533536,4.3837923139340065,3.1180274260633167,0.6796436921019376
557,-50.62262262262262,50.62262262262262,4.3837923139340065,3.1180274260633167,0.6796436921019376
558,-50.711711711711715,50.711711711711715,4.3837923139340065,3.1180274260633167,0.6796436921019376
559,-50.8008008008008,50.8008008008008,4.426819717096759,3.1032416662745512,0.660916913416335
560,-50.88988988988989,50.88988988988989,4.426819717096759,3.1032416662745512,0.660916913416335
561,-50.97897897897898,50.97897897897898,4.426819717096759,3.1032416662745512,0.660916913416335
562,-51.06806806806807,51.06806806806807,4.426819717096759,3.1032416662745512,0.660916913416335
563,-51.15715715715716,51.15715715715716,4.469913176356803,3.08765065590475,0.6414776637033591
564,-51.24624624624625,51.24624624624625,4.469913176356803,3.08765065590475,0.6414776637033591
565,-51.33533533533534,51.33533533533534,4.469913176356803,3.08765065590475,0.6414776637033591
566,-51.42442442442443,51.42442442442443,4.469913176356803,3.08765065590475,0.6414776637033591
567,-51.513513513513516,51.513513513513516,4.513272974134071,3.0713387340664964,0.6213969320182909
568,-51.6026026026026,51.6026026026026,4.513272974134071,3.0713387340664964,0.6213969320182909
569,-51.691691691691695,51.691691691691695,4.513272974134071,3.0713387340664964,0.6213969320182909
570,-51.78078078078078,51.78078078078078,4.513272974134071,3.0713387340664964,0.6213969320182909
571,-51.86986986986987,51.86986986986987,4.557087194816858,3.0539181545356575,0.6003613858436426
572,-51.95895895895896,51.95895895895896,4.557087194816858,3.0539181545356575,0.6003613858436426
573,-52.04804804804805,52.04804804804805,4.557087194816858,3.0539181545356575,0.6003613858436426
574,-52.13713713713714,52.13713713713714,4.557087194816858,3.0539181545356575,0.6003613858436426
575,-52.22622622622623,52.22622622622623,4.600657447342468,3.0362107696435414,0.5788017948630032
576,-52.31531531531532,52.31531531531532,4.600657447342468,3.0362107696435414,0.5788017948630032
577,-52.40440440440441,52.40440440440441,4.600657447342468,3.0362107696435414,0.5788017948630032
578,-52.493493493493496,52.493493493493496,4.600657447342468,3.0362107696435414,0.5788017948630032
579,-52.58258258258258,52.58258258258258,4.644755116569369,3.017441195600454,0.5560236197470381
580,-52.671671671671675,52.671671671671675,4.644755116569369,3.017441195600454,0.5560236197470381
581,-52.76076076076076,52.76076076076076,4.644755116569369,3.017441195600454,0.5560236197470381
582,-52.84984984984985,52.84984984984985,4.644755116569369,3.017441195600454,0.5560236197470381
583,-52.93893893893894,52.93893893893894,4.689183690316471,2.997639587811959,0.5324360322988214
584,-53.02802802802803,53.02802802802803,4.689183690316471,2.997639587811959,0.5324360322988214
585,-53.11711711711712,53.11711711711712,4.689183690316471,2.997639587811959,0.5324360322988214
586,-53.20620620620621,53.20620620620621,4.689183690316471,2.997639587811959,0.5324360322988214
587,-53.2952952952953,53.2952952952953,4.734739836007238,2.976326801255306,0.507249489197457
588,-53.38438438438439,53.38438438438439,4.734739836007238,2.976326801255306,0.507249489197457
589,-53.473473473473476,53.473473473473476,4.734739836007238,2.976326801255306,0.507249489197457
590,-53.56256256256256,53.56256256256256,4.734739836007238,2.976326801255306,0.507249489197457
591,-53.651651651651655,53.651651651651655,4.7806552110697185,2.953444189640005,0.4807918253115626
592,-53.74074074074074,53.74074074074074,4.7806552110697185,2.953444189640005,0.4807918253115626
593,-53.82982982982983,53.82982982982983,4.7806552110697185,2.953444189640005,0.4807918253115626
594,-53.91891891891892,53.91891891891892,4.7806552110697185,2.953444189640005,0.4807918253115626
595,-54.00800800800801,54.00800800800801,4.827101122288733,2.9294046336170023,0.4533469555498212
596,-54.0970970970971,54.0970970970971,4.827101122288733,2.9294046336170023,0.4533469555498212
597,-54.18618618618619,54.18618618618619,4.827101122288733,2.9294046336170023,0.4533469555498212
598,-54.27527527527528,54.27527527527528,4.827101122288733,2.9294046336170023,0.4533469555498212
599,-54.36436436436437,54.36436436436437,4.874087220159992,2.9036279635211337,0.4243615891380707
600,-54.453453453453456,54.453453453453456,4.874087220159992,2.9036279635211337,0.4243615891380707
601,-54.54254254254255,54.54254254254255,4.874087220159992,2.9036279635211337,0.4243615891380707
602,-54.631631631631635,54.631631631631635,4.922252015064228,2.876435846390818,0.3942274068445544
603,-54.72072072072072,54.72072072072072,4.922252015064228,2.876435846390818,0.3942274068445544
604,-54.80980980980981,54.80980980980981,4.922252015064228,2.876435846390818,0.3942274068445544
605,-54.8988988988989,54.8988988988989,4.922252015064228,2.876435846390818,0.3942274068445544
606,-54.98798798798799,54.98798798798799,4.971407562021916,2.8481296052001115,0.3631790419298678
607,-55.07707707707708,55.07707707707708,4.971407562021916,2.8481296052001115,0.3631790419298678
608,-55.16616616616617,55.16616616616617,4.971407562021916,2.8481296052001115,0.3631790419298678
609,-55.25525525525526,55.25525525525526,4.971407562021916,2.8481296052001115,0.3631790419298678
610,-55.34434434434435,55.34434434434435,5.022537129742577,2.8178652900016794,0.3305995278128674
611,-55.433433433433436,55.433433433433436,5.022537129742577,2.8178652900016794,0.3305995278128674
612,-55.52252252252253,55.52252252252253,5.022537129742577,2.8178652900016794,0.3305995278128674
613,-55.611611611611615,55.611611611611615,5.022537129742577,2.8178652900016794,0.3305995278128674
614,-55.7007007007007,55.7007007007007,5.075126704984691,2.7863380062425436,0.2970293465018875
615,-55.78978978978979,55.78978978978979,5.075126704984691,2.7863380062425436,0.2970293465018875
616,-55.87887887887888,55.87887887887888,5.075126704984691,2.7863380062425436,0.2970293465018875
617,-55.96796796796797,55.96796796796797,5.075126704984691,2.7863380062425436,0.2970293465018875
618,-56.05705705705706,56.05705705705706,5.12833454351551,2.7536053452566676,0.26205134177403405
619,-56.14614614614615,56.14614614614615,5.12833454351551,2.7536053452566676,0.26205134177403405
620,-56.23523523523524,56.23523523523524,5.12833454351551,2.7536053452566676,0.26205134177403405
621,-56.32432432432433,56.32432432432433,5.12833454351551,2.7536053452566676,0.26205134177403405
622,-56.413413413413416,56.413413413413416,5.182379705125377,2.719868735330865,0.2258392853436333
623,-56.50250250250251,56.50250250250251,5.182379705125377,2.719868735330865,0.2258392853436333
624,-56.591591591591595,56.591591591591595,5.182379705125377,2.719868735330865,0.2258392853436333
625,-56.68068068068068,56.68068068068068,5.182379705125377,2.719868735330865,0.2258392853436333
626,-56.76976976976977,56.76976976976977,5.237727181463989,2.68470783057592,0.18811253383746468
627,-56.85885885885886,56.85885885885886,5.237727181463989,2.68470783057592,0.18811253383746468
628,-56.94794794794795,56.94794794794795,5.237727181463989,2.68470783057592,0.18811253383746468
629,-57.03703703703704,57.03703703703704,5.237727181463989,2.68470783057592,0.18811253383746468
630,-57.12612612612613,57.12612612612613,5.294333902902687,2.648908009998029,0.14984772510341074
631,-57.21521521521522,57.21521521521522,5.294333902902687,2.648908009998029,0.14984772510341074
632,-57.30430430430431,57.30430430430431,5.294333902902687,2.648908009998029,0.14984772510341074
633,-57.393393393393396,57.393393393393396,5.294333902902687,2.648908009998029,0.14984772510341074
634,-57.48248248248249,57.48248248248249,5.3522464502099005,2.611571557402148,0.1097248922534619
635,-57.571571571571575,57.571571571571575,5.3522464502099005,2.611571557402148,0.1097248922534619
636,-57.66066066066066,57.66066066066066,5.3522464502099005,2.611571557402148,0.1097248922534619
637,-57.74974974974975,57.74974974974975,5.3522464502099005,2.611571557402148,0.1097248922534619
638,-57.83883883883884,57.83883883883884,5.410804026597186,2.573566479652412,0.06904634764170102
639,-57.92792792792793,57.92792792792793,5.410804026597186,2.573566479652412,0.06904634764170102
640,-58.01701701701702,58.01701701701702,5.410804026597186,2.573566479652412,0.06904634764170102
641,-58.10610610610611,58.10610610610611,5.410804026597186,2.573566479652412,0.06904634764170102
642,-58.1951951951952,58.1951951951952,5.470320523127297,2.534659838515567,0.027312660258370137
643,-58.28428428428429,58.28428428428429,5.470320523127297,2.534659838515567,0.027312660258370137
644,-58.373373373373376,58.373373373373376,5.470320523127297,2.534659838515567,0.027312660258370137
645,-58.46246246246247,58.46246246246247,5.470320523127297,2.534659838515567,0.027312660258370137
646,-58.551551551551555,58.551551551551555,5.530661282692244,2.4941548050392774,0.015943244802106203
647,-58.64064064064064,58.64064064064064,5.530661282692244,2.4941548050392774,0.015943244802106203
648,-58.72972972972973,58.72972972972973,5.530661282692244,2.4941548050392774,0.015943244802106203
649,-58.81881881881882,58.81881881881882,5.530661282692244,2.4941548050392774,0.015943244802106203
650,-58.90790790790791,58.90790790790791,5.593667218973793,2.453475538836094,0.05963557022906528
651,-58.996996996997,58.996996996997,5.593667218973793,2.453475538836094,0.05963557022906528
652,-59.08608608608609,59.08608608608609,5.593667218973793,2.453475538836094,0.05963557022906528
653,-59.17517517517518,59.17517517517518,5.593667218973793,2.453475538836094,0.05963557022906528
654,-59.26426426426427,59.26426426426427,5.65856814645596,2.412834013081381,0.10352960075320007
655,-59.353353353353356,59.353353353353356,5.65856814645596,2.412834013081381,0.10352960075320007
656,-59.44244244244245,59.44244244244245,5.65856814645596,2.412834013081381,0.10352960075320007
657,-59.531531531531535,59.531531531531535,5.65856814645596,2.412834013081381,0.10352960075320007
658,-59.62062062062062,59.62062062062062,5.7258666506666245,2.3718018971998056,0.14818820509079525
659,-59.70970970970971,59.70970970970971,5.7258666506666245,2.3718018971998056,0.14818820509079525
660,-59.7987987987988,59.7987987987988,5.7258666506666245,2.3718018971998056,0.14818820509079525
661,-59.88788788788789,59.88788788788789,5.793915957203639,2.3301090848702657,0.19342101521529545
662,-59.97697697697698,59.97697697697698,5.793915957203639,2.3301090848702657,0.19342101521529545
663,-60.06606606606607,60.06606606606607,5.793915957203639,2.3301090848702657,0.19342101521529545
664,-60.15515515515516,60.15515515515516,5.793915957203639,2.3301090848702657,0.19342101521529545
665,-60.24424424424425,60.24424424424425,5.864172762313918,2.2875801315361026,0.23958626245728273
666,-60.333333333333336,60.333333333333336,5.864172762313918,2.2875801315361026,0.23958626245728273
667,-60.42242242242243,60.42242242242243,5.864172762313918,2.2875801315361026,0.23958626245728273
668,-60.511511511511515,60.511511511511515,5.864172762313918,2.2875801315361026,0.23958626245728273
669,-60.6006006006006,60.6006006006006,5.933165277337528,2.245335922978223,0.28545097973395345
670,-60.68968968968969,60.68968968968969,5.933165277337528,2.245335922978223,0.28545097973395345
671,-60.77877877877878,60.77877877877878,5.933165277337528,2.245335922978223,0.28545097973395345
672,-60.86786786786787,60.86786786786787,5.933165277337528,2.245335922978223,0.28545097973395345
673,-60.95695695695696,60.95695695695696,6.002669674877325,2.2019917815307033,0.33250326234142114
674,-61.04604604604605,61.04604604604605,6.002669674877325,2.2019917815307033,0.33250326234142114
675,-61.13513513513514,61.13513513513514,6.002669674877325,2.2019917815307033,0.33250326234142114
676,-61.22422422422423,61.22422422422423,6.002669674877325,2.2019917815307033,0.33250326234142114
677,-61.313313313313316,61.313313313313316,6.0720901871704935,2.1576830909287446,0.38057639106398905
678,-61.40240240240241,61.40240240240241,6.0720901871704935,2.1576830909287446,0.38057639106398905
679,-61.491491491491495,61.491491491491495,6.0720901871704935,2.1576830909287446,0.38057639106398905
680,-61.58058058058058,61.58058058058058,6.0720901871704935,2.1576830909287446,0.38057639106398905
681,-61.66966966966967,61.66966966966967,6.141539224331761,2.1123095370521323,0.4298780623282381
682,-61.75875875875876,61.75875875875876,6.141539224331761,2.1123095370521323,0.4298780623282381
683,-61.84784784784785,61.84784784784785,6.141539224331761,2.1123095370521323,0.4298780623282381
684,-61.93693693693694,61.93693693693694,6.141539224331761,2.1123095370521323,0.4298780623282381
685,-62.02602602602603,62.02602602602603,6.2113434454242995,2.066458610543278,0.4798752642266716
686,-62.11511511511512,62.11511511511512,6.2113434454242995,2.066458610543278,0.4798752642266716
687,-62.20420420420421,62.20420420420421,6.2113434454242995,2.066458610543278,0.4798752642266716
688,-62.293293293293296,62.293293293293296,6.2113434454242995,2.066458610543278,0.4798752642266716
689,-62.38238238238239,62.38238238238239,6.281988351987385,2.019335582198701,0.531262705217391
690,-62.471471471471475,62.471471471471475,6.281988351987385,2.019335582198701,0.531262705217391
691,-62.56056056056056,62.56056056056056,6.281988351987385,2.019335582198701,0.531262705217391
692,-62.64964964964965,62.64964964964965,6.281988351987385,2.019335582198701,0.531262705217391
693,-62.73873873873874,62.73873873873874,6.352615157311023,1.971241487500618,0.5837347936053818
694,-62.82782782782783,62.82782782782783,6.352615157311023,1.971241487500618,0.5837347936053818
695,-62.91691691691692,62.91691691691692,6.352615157311023,1.971241487500618,0.5837347936053818
696,-63.00600600600601,63.00600600600601,6.352615157311023,1.971241487500618,0.5837347936053818
697,-63.0950950950951,63.0950950950951,6.423429133754029,1.9221298157594222,0.6376806632041312
698,-63.18418418418419,63.18418418418419,6.423429133754029,1.9221298157594222,0.6376806632041312
699,-63.273273273273276,63.273273273273276,6.423429133754029,1.9221298157594222,0.6376806632041312
700,-63.36236236236237,63.36236236236237,6.423429133754029,1.9221298157594222,0.6376806632041312
701,-63.451451451451454,63.451451451451454,6.493962105588471,1.871560660511163,0.6932510950840083
702,-63.54054054054054,63.54054054054054,6.493962105588471,1.871560660511163,0.6932510950840083
703,-63.62962962962963,63.62962962962963,6.493962105588471,1.871560660511163,0.6932510950840083
704,-63.71871871871872,63.71871871871872,6.493962105588471,1.871560660511163,0.6932510950840083
705,-63.80780780780781,63.80780780780781,6.561593779478402,1.8205268117976472,0.7494387739933152
706,-63.8968968968969,63.8968968968969,6.561593779478402,1.8205268117976472,0.7494387739933152
707,-63.98598598598599,63.98598598598599,6.561593779478402,1.8205268117976472,0.7494387739933152
708,-64.07507507507508,64.07507507507508,6.561593779478402,1.8205268117976472,0.7494387739933152
709,-64.16416416416416,64.16416416416416,6.627259375063301,1.7698386375658994,0.8062000464782805
710,-64.25325325325326,64.25325325325326,6.627259375063301,1.7698386375658994,0.8062000464782805
711,-64.34234234234235,64.34234234234235,6.627259375063301,1.7698386375658994,0.8062000464782805
712,-64.43143143143143,64.43143143143143,6.627259375063301,1.7698386375658994,0.8062000464782805
713,-64.52052052052052,64.52052052052052,6.691363507305268,1.7180477669971117,0.8645409972655275
714,-64.6096096096096,64.6096096096096,6.691363507305268,1.7180477669971117,0.8645409972655275
715,-64.6986986986987,64.6986986986987,6.691363507305268,1.7180477669971117,0.8645409972655275
716,-64.78778778778779,64.78778778778779,6.753184824564554,1.6650793002802655,0.9240234418376045
717,-64.87687687687688,64.87687687687688,6.753184824564554,1.6650793002802655,0.9240234418376045
718,-64.96596596596598,64.96596596596598,6.753184824564554,1.6650793002802655,0.9240234418376045
719,-65.05505505505506,65.05505505505506,6.753184824564554,1.6650793002802655,0.9240234418376045
720,-65.14414414414415,65.14414414414415,6.816831347293136,1.6096086049060614,0.9860063269001689
721,-65.23323323323324,65.23323323323324,6.816831347293136,1.6096086049060614,0.9860063269001689
722,-65.32232232232232,65.32232232232232,6.816831347293136,1.6096086049060614,0.9860063269001689
723,-65.41141141141142,65.41141141141142,6.816831347293136,1.6096086049060614,0.9860063269001689
724,-65.50050050050051,65.50050050050051,6.878841797411304,1.5527024258815358,1.0496525381452633
725,-65.5895895895896,65.5895895895896,6.878841797411304,1.5527024258815358,1.0496525381452633
726,-65.67867867867868,65.67867867867868,6.878841797411304,1.5527024258815358,1.0496525381452633
727,-65.76776776776777,65.76776776776777,6.878841797411304,1.5527024258815358,1.0496525381452633
728,-65.85685685685687,65.85685685685687,6.934181671780362,1.4954083507711953,1.1109254491844356
729,-65.94594594594595,65.94594594594595,6.934181671780362,1.4954083507711953,1.1109254491844356
730,-66.03503503503504,66.03503503503504,6.934181671780362,1.4954083507711953,1.1109254491844356
731,-66.12412412412412,66.12412412412412,6.934181671780362,1.4954083507711953,1.1109254491844356
732,-66.21321321321322,66.21321321321322,6.989653802881234,1.436604731586661,1.1692713918688367
733,-66.30230230230231,66.30230230230231,6.989653802881234,1.436604731586661,1.1692713918688367
734,-66.3913913913914,66.3913913913914,6.989653802881234,1.436604731586661,1.1692713918688367
735,-66.48048048048048,66.48048048048048,6.989653802881234,1.436604731586661,1.1692713918688367
736,-66.56956956956957,66.56956956956957,7.045809987176263,1.3742443165943516,1.2221276108439016
737,-66.65865865865867,66.65865865865867,7.045809987176263,1.3742443165943516,1.2221276108439016
738,-66.74774774774775,66.74774774774775,7.045809987176263,1.3742443165943516,1.2221276108439016
739,-66.83683683683684,66.83683683683684,7.045809987176263,1.3742443165943516,1.2221276108439016
740,-66.92592592592592,66.92592592592592,7.100121753876669,1.3108662450501904,1.2677827482370718
741,-67.01501501501502,67.01501501501502,7.100121753876669,1.3108662450501904,1.2677827482370718
742,-67.10410410410411,67.10410410410411,7.100121753876669,1.3108662450501904,1.2677827482370718
743,-67.1931931931932,67.1931931931932,7.100121753876669,1.3108662450501904,1.2677827482370718
744,-67.28228228228228,67.28228228228228,7.153233675762126,1.2454688973394197,1.3104473261539258
745,-67.37137137137138,67.37137137137138,7.153233675762126,1.2454688973394197,1.3104473261539258
746,-67.46046046046047,67.46046046046047,7.153233675762126,1.2454688973394197,1.3104473261539258
747,-67.54954954954955,67.54954954954955,7.153233675762126,1.2454688973394197,1.3104473261539258
748,-67.63863863863864,67.63863863863864,7.2064578769117915,1.1780178471357037,1.3505860543536345
749,-67.72772772772772,67.72772772772772,7.2064578769117915,1.1780178471357037,1.3505860543536345
750,-67.81681681681683,67.81681681681683,7.2064578769117915,1.1780178471357037,1.3505860543536345
751,-67.90590590590591,67.90590590590591,7.2064578769117915,1.1780178471357037,1.3505860543536345
752,-67.994994994995,67.994994994995,7.255724286963503,1.1085698094139635,1.3886028119165377
753,-68.08408408408408,68.08408408408408,7.255724286963503,1.1085698094139635,1.3886028119165377
754,-68.17317317317318,68.17317317317318,7.255724286963503,1.1085698094139635,1.3886028119165377
755,-68.26226226226227,68.26226226226227,7.255724286963503,1.1085698094139635,1.3886028119165377
756,-68.35135135135135,68.35135135135135,7.305505655054122,1.0376654756244272,1.426190039024222
757,-68.44044044044044,68.44044044044044,7.305505655054122,1.0376654756244272,1.426190039024222
758,-68.52952952952953,68.52952952952953,7.305505655054122,1.0376654756244272,1.426190039024222
759,-68.61861861861863,68.61861861861863,7.305505655054122,1.0376654756244272,1.426190039024222
760,-68.70770770770771,68.70770770770771,7.354351691283572,0.9644711288841918,1.4637779333892877
761,-68.7967967967968,68.7967967967968,7.354351691283572,0.9644711288841918,1.4637779333892877
762,-68.88588588588588,68.88588588588588,7.354351691283572,0.9644711288841918,1.4637779333892877
763,-68.97497497497498,68.97497497497498,7.354351691283572,0.9644711288841918,1.4637779333892877
764,-69.06406406406407,69.06406406406407,7.4018758644316245,0.8913823771872006,1.4993445964387657
765,-69.15315315315316,69.15315315315316,7.4018758644316245,0.8913823771872006,1.4993445964387657
766,-69.24224224224224,69.24224224224224,7.4018758644316245,0.8913823771872006,1.4993445964387657
767,-69.33133133133134,69.33133133133134,7.4018758644316245,0.8913823771872006,1.4993445964387657
768,-69.42042042042043,69.42042042042043,7.449787756575309,0.8160154397382682,1.535659341823861
769,-69.50950950950951,69.50950950950951,7.449787756575309,0.8160154397382682,1.535659341823861
770,-69.5985985985986,69.5985985985986,7.449787756575309,0.8160154397382682,1.535659341823861
771,-69.68768768768768,69.68768768768768,7.449787756575309,0.8160154397382682,1.535659341823861
772,-69.77677677677679,69.77677677677679,7.494883403009679,0.7387738853125742,1.5719801133521936
773,-69.86586586586587,69.86586586586587,7.494883403009679,0.7387738853125742,1.5719801133521936
774,-69.95495495495496,69.95495495495496,7.494883403009679,0.7387738853125742,1.5719801133521936
775,-70.04404404404404,70.04404404404404,7.540086574250776,0.6589487922490805,1.608723588369947
776,-70.13313313313314,70.13313313313314,7.540086574250776,0.6589487922490805,1.608723588369947
777,-70.22222222222223,70.22222222222223,7.540086574250776,0.6589487922490805,1.608723588369947
778,-70.31131131131131,70.31131131131131,7.540086574250776,0.6589487922490805,1.608723588369947
779,-70.4004004004004,70.4004004004004,7.587269158648607,0.5774092636852761,1.6440487600236617
780,-70.48948948948949,70.48948948948949,7.587269158648607,0.5774092636852761,1.6440487600236617
781,-70.57857857857859,70.57857857857859,7.587269158648607,0.5774092636852761,1.6440487600236617
782,-70.66766766766767,70.66766766766767,7.587269158648607,0.5774092636852761,1.6440487600236617
783,-70.75675675675676,70.75675675675676,7.632722718508773,0.4930248453213918,1.6759206834453588
784,-70.84584584584584,70.84584584584584,7.632722718508773,0.4930248453213918,1.6759206834453588
785,-70.93493493493494,70.93493493493494,7.632722718508773,0.4930248453213918,1.6759206834453588
786,-71.02402402402403,71.02402402402403,7.632722718508773,0.4930248453213918,1.6759206834453588
787,-71.11311311311312,71.11311311311312,7.6794108768352185,0.40745147421530903,1.7056655720567797
788,-71.2022022022022,71.2022022022022,7.6794108768352185,0.40745147421530903,1.7056655720567797
789,-71.2912912912913,71.2912912912913,7.6794108768352185,0.40745147421530903,1.7056655720567797
790,-71.38038038038039,71.38038038038039,7.6794108768352185,0.40745147421530903,1.7056655720567797
791,-71.46946946946947,71.46946946946947,7.724711241931589,0.31992376479537993,1.735246578014457
792,-71.55855855855856,71.55855855855856,7.724711241931589,0.31992376479537993,1.735246578014457
793,-71.64764764764764,71.64764764764764,7.724711241931589,0.31992376479537993,1.735246578014457
794,-71.73673673673675,71.73673673673675,7.724711241931589,0.31992376479537993,1.735246578014457
795,-71.82582582582583,71.82582582582583,7.7703267166731,0.22848831323044586,1.7645191729167895
796,-71.91491491491492,71.91491491491492,7.7703267166731,0.22848831323044586,1.7645191729167895
797,-72.004004004004,72.004004004004,7.7703267166731,0.22848831323044586,1.7645191729167895
798,-72.0930930930931,72.0930930930931,7.7703267166731,0.22848831323044586,1.7645191729167895
799,-72.18218218218219,72.18218218218219,7.817909548920344,0.1318830160338029,1.794310383896586
800,-72.27127127127127,72.27127127127127,7.817909548920344,0.1318830160338029,1.794310383896586
801,-72.36036036036036,72.36036036036036,7.817909548920344,0.1318830160338029,1.794310383896586
802,-72.44944944944945,72.44944944944945,7.817909548920344,0.1318830160338029,1.794310383896586
803,-72.53853853853855,72.53853853853855,7.866035110118305,0.03358328872628926,1.8233795915825244
804,-72.62762762762763,72.62762762762763,7.866035110118305,0.03358328872628926,1.8233795915825244
805,-72.71671671671672,72.71671671671672,7.866035110118305,0.03358328872628926,1.8233795915825244
806,-72.8058058058058,72.8058058058058,7.866035110118305,0.03358328872628926,1.8233795915825244
807,-72.8948948948949,72.8948948948949,7.91331675491101,0.06226269986548274,1.8527036213754189
808,-72.98398398398399,72.98398398398399,7.91331675491101,0.06226269986548274,1.8527036213754189
809,-73.07307307307308,73.07307307307308,7.91331675491101,0.06226269986548274,1.8527036213754189
810,-73.16216216216216,73.16216216216216,7.91331675491101,0.06226269986548274,1.8527036213754189
811,-73.25125125125126,73.25125125125126,7.959201432251535,0.14182036600830022,1.8807554967636937
812,-73.34034034034035,73.34034034034035,7.959201432251535,0.14182036600830022,1.8807554967636937
813,-73.42942942942943,73.42942942942943,7.959201432251535,0.14182036600830022,1.8807554967636937
814,-73.51851851851852,73.51851851851852,7.959201432251535,0.14182036600830022,1.8807554967636937
815,-73.6076076076076,73.6076076076076,8.006303539570439,0.22336622199662776,1.910121512362331
816,-73.6966966966967,73.6966966966967,8.006303539570439,0.22336622199662776,1.910121512362331
817,-73.78578578578579,73.78578578578579,8.006303539570439,0.22336622199662776,1.910121512362331
818,-73.87487487487488,73.87487487487488,8.006303539570439,0.22336622199662776,1.910121512362331
819,-73.96396396396396,73.96396396396396,8.0517120706095,0.3014186717446686,1.9393672054094142
820,-74.05305305305306,74.05305305305306,8.0517120706095,0.3014186717446686,1.9393672054094142
821,-74.14214214214215,74.14214214214215,8.0517120706095,0.3014186717446686,1.9393672054094142
822,-74.23123123123123,74.23123123123123,8.0517120706095,0.3014186717446686,1.9393672054094142
823,-74.32032032032032,74.32032032032032,8.099297279046768,0.3725706584343222,1.9693230772993908
824,-74.4094094094094,74.4094094094094,8.099297279046768,0.3725706584343222,1.9693230772993908
825,-74.4984984984985,74.4984984984985,8.099297279046768,0.3725706584343222,1.9693230772993908
826,-74.58758758758759,74.58758758758759,8.099297279046768,0.3725706584343222,1.9693230772993908
827,-74.67667667667668,74.67667667667668,8.144250792732484,0.439807055870576,1.9986827090702042
828,-74.76576576576576,74.76576576576576,8.144250792732484,0.439807055870576,1.9986827090702042
829,-74.85485485485486,74.85485485485486,8.144250792732484,0.439807055870576,1.9986827090702042
830,-74.94394394394395,74.94394394394395,8.187523368314997,0.4973494937725203,2.026891001540079
831,-75.03303303303304,75.03303303303304,8.187523368314997,0.4973494937725203,2.026891001540079
832,-75.12212212212212,75.12212212212212,8.187523368314997,0.4973494937725203,2.026891001540079
833,-75.21121121121122,75.21121121121122,8.187523368314997,0.4973494937725203,2.026891001540079
834,-75.30030030030031,75.30030030030031,8.228952492383241,0.5431407071749245,2.053378321118337
835,-75.3893893893894,75.3893893893894,8.228952492383241,0.5431407071749245,2.053378321118337
836,-75.47847847847848,75.47847847847848,8.228952492383241,0.5431407071749245,2.053378321118337
837,-75.56756756756756,75.56756756756756,8.228952492383241,0.5431407071749245,2.053378321118337
838,-75.65665665665666,75.65665665665666,8.268271126197487,0.5859134932643105,2.07900443468788
839,-75.74574574574575,75.74574574574575,8.268271126197487,0.5859134932643105,2.07900443468788
840,-75.83483483483484,75.83483483483484,8.268271126197487,0.5859134932643105,2.07900443468788
841,-75.92392392392392,75.92392392392392,8.268271126197487,0.5859134932643105,2.07900443468788
842,-76.01301301301302,76.01301301301302,8.300912749486939,0.6298568942475542,2.1035813745205982
843,-76.10210210210211,76.10210210210211,8.300912749486939,0.6298568942475542,2.1035813745205982
844,-76.1911911911912,76.1911911911912,8.300912749486939,0.6298568942475542,2.1035813745205982
845,-76.28028028028028,76.28028028028028,8.300912749486939,0.6298568942475542,2.1035813745205982
846,-76.36936936936937,76.36936936936937,8.334174747538773,0.6801493620060116,2.12886434173658
847,-76.45845845845847,76.45845845845847,8.334174747538773,0.6801493620060116,2.12886434173658
848,-76.54754754754755,76.54754754754755,8.334174747538773,0.6801493620060116,2.12886434173658
849,-76.63663663663664,76.63663663663664,8.334174747538773,0.6801493620060116,2.12886434173658
850,-76.72572572572572,76.72572572572572,8.367931438751818,0.7293805170653715,2.153956738829096
851,-76.81481481481482,76.81481481481482,8.367931438751818,0.7293805170653715,2.153956738829096
852,-76.90390390390391,76.90390390390391,8.367931438751818,0.7293805170653715,2.153956738829096
853,-76.992992992993,76.992992992993,8.367931438751818,0.7293805170653715,2.153956738829096
854,-77.08208208208208,77.08208208208208,8.401112203855682,0.7778036428455405,2.178400383304981
855,-77.17117117117118,77.17117117117118,8.401112203855682,0.7778036428455405,2.178400383304981
856,-77.26026026026027,77.26026026026027,8.401112203855682,0.7778036428455405,2.178400383304981
857,-77.34934934934935,77.34934934934935,8.401112203855682,0.7778036428455405,2.178400383304981
858,-77.43843843843844,77.43843843843844,8.432960453594681,0.8183052332980502,2.2008913812110724
859,-77.52752752752752,77.52752752752752,8.432960453594681,0.8183052332980502,2.2008913812110724
860,-77.61661661661662,77.61661661661662,8.432960453594681,0.8183052332980502,2.2008913812110724
861,-77.70570570570571,77.70570570570571,8.432960453594681,0.8183052332980502,2.2008913812110724
862,-77.7947947947948,77.7947947947948,8.462543421140015,0.8605131111478416,2.2232074359610006
863,-77.88388388388388,77.88388388388388,8.462543421140015,0.8605131111478416,2.2232074359610006
864,-77.97297297297298,77.97297297297298,8.462543421140015,0.8605131111478416,2.2232074359610006
865,-78.06206206206207,78.06206206206207,8.462543421140015,0.8605131111478416,2.2232074359610006
866,-78.15115115115115,78.15115115115115,8.490232367566469,0.9016217783337095,2.2445594893655065
867,-78.24024024024024,78.24024024024024,8.490232367566469,0.9016217783337095,2.2445594893655065
868,-78.32932932932934,78.32932932932934,8.490232367566469,0.9016217783337095,2.2445594893655065
869,-78.41841841841843,78.41841841841843,8.490232367566469,0.9016217783337095,2.2445594893655065
870,-78.50750750750751,78.50750750750751,8.517567021600774,0.944299055346181,2.2661007575947814
871,-78.5965965965966,78.5965965965966,8.517567021600774,0.944299055346181,2.2661007575947814
872,-78.68568568568568,78.68568568568568,8.517567021600774,0.944299055346181,2.2661007575947814
873,-78.77477477477478,78.77477477477478,8.517567021600774,0.944299055346181,2.2661007575947814
874,-78.86386386386387,78.86386386386387,8.543520138519414,0.9857572414361578,2.287004715071873
875,-78.95295295295296,78.95295295295296,8.543520138519414,0.9857572414361578,2.287004715071873
876,-79.04204204204204,79.04204204204204,8.543520138519414,0.9857572414361578,2.287004715071873
877,-79.13113113113114,79.13113113113114,8.543520138519414,0.9857572414361578,2.287004715071873
878,-79.22022022022023,79.22022022022023,8.568014628199096,1.0270726658826068,2.308205638253316
879,-79.30930930930931,79.30930930930931,8.568014628199096,1.0270726658826068,2.308205638253316
880,-79.3983983983984,79.3983983983984,8.568014628199096,1.0270726658826068,2.308205638253316
881,-79.48748748748748,79.48748748748748,8.568014628199096,1.0270726658826068,2.308205638253316
882,-79.57657657657658,79.57657657657658,8.593699503567242,1.0653389128595907,2.3290458027079546
883,-79.66566566566567,79.66566566566567,8.593699503567242,1.0653389128595907,2.3290458027079546
884,-79.75475475475476,79.75475475475476,8.593699503567242,1.0653389128595907,2.3290458027079546
885,-79.84384384384384,79.84384384384384,8.593699503567242,1.0653389128595907,2.3290458027079546
886,-79.93293293293294,79.93293293293294,8.618720687906674,1.104214436870058,2.3503191409188324
887,-80.02202202202203,80.02202202202203,8.618720687906674,1.104214436870058,2.3503191409188324
888,-80.11111111111111,80.11111111111111,8.618720687906674,1.104214436870058,2.3503191409188324
889,-80.2002002002002,80.2002002002002,8.6427923729171,1.141255046917971,2.3711199373323546
890,-80.2892892892893,80.2892892892893,8.6427923729171,1.141255046917971,2.3711199373323546
891,-80.37837837837839,80.37837837837839,8.6427923729171,1.141255046917971,2.3711199373323546
892,-80.46746746746747,80.46746746746747,8.6427923729171,1.141255046917971,2.3711199373323546
893,-80.55655655655656,80.55655655655656,8.667344421339491,1.1791958782635479,2.392678436629114
894,-80.64564564564564,80.64564564564564,8.667344421339491,1.1791958782635479,2.392678436629114
895,-80.73473473473474,80.73473473473474,8.667344421339491,1.1791958782635479,2.392678436629114
896,-80.82382382382383,80.82382382382383,8.667344421339491,1.1791958782635479,2.392678436629114
897,-80.91291291291292,80.91291291291292,8.690469146125851,1.2154822360033133,2.4129325518104343
898,-81.002002002002,81.002002002002,8.690469146125851,1.2154822360033133,2.4129325518104343
899,-81.0910910910911,81.0910910910911,8.690469146125851,1.2154822360033133,2.4129325518104343
900,-81.18018018018019,81.18018018018019,8.690469146125851,1.2154822360033133,2.4129325518104343
901,-81.26926926926927,81.26926926926927,8.712648472114907,1.248430579491407,2.4316686815525297
902,-81.35835835835836,81.35835835835836,8.712648472114907,1.248430579491407,2.4316686815525297
903,-81.44744744744744,81.44744744744744,8.712648472114907,1.248430579491407,2.4316686815525297
904,-81.53653653653654,81.53653653653654,8.712648472114907,1.248430579491407,2.4316686815525297
905,-81.62562562562563,81.62562562562563,8.735072362532224,1.2747741284022978,2.4486937294241375
906,-81.71471471471472,81.71471471471472,8.735072362532224,1.2747741284022978,2.4486937294241375
907,-81.8038038038038,81.8038038038038,8.735072362532224,1.2747741284022978,2.4486937294241375
908,-81.8928928928929,81.8928928928929,8.735072362532224,1.2747741284022978,2.4486937294241375
909,-81.98198198198199,81.98198198198199,8.75825696276903,1.3008824218892818,2.4655448840006633
910,-82.07107107107107,82.07107107107107,8.75825696276903,1.3008824218892818,2.4655448840006633
911,-82.16016016016016,82.16016016016016,8.75825696276903,1.3008824218892818,2.4655448840006633
912,-82.24924924924926,82.24924924924926,8.75825696276903,1.3008824218892818,2.4655448840006633
913,-82.33833833833835,82.33833833833835,8.783784717623599,1.3213730158973094,2.4797997431518644
914,-82.42742742742743,82.42742742742743,8.783784717623599,1.3213730158973094,2.4797997431518644
915,-82.51651651651652,82.51651651651652,8.783784717623599,1.3213730158973094,2.4797997431518644
916,-82.6056056056056,82.6056056056056,8.783784717623599,1.3213730158973094,2.4797997431518644
917,-82.6946946946947,82.6946946946947,8.810551788449935,1.3410275676721586,2.493669658447572
918,-82.78378378378379,82.78378378378379,8.810551788449935,1.3410275676721586,2.493669658447572
919,-82.87287287287288,82.87287287287288,8.810551788449935,1.3410275676721586,2.493669658447572
920,-82.96196196196196,82.96196196196196,8.810551788449935,1.3410275676721586,2.493669658447572
921,-83.05105105105106,83.05105105105106,8.837094631972809,1.3587299061342855,2.5064285175859395
922,-83.14014014014015,83.14014014014015,8.837094631972809,1.3587299061342855,2.5064285175859395
923,-83.22922922922923,83.22922922922923,8.837094631972809,1.3587299061342855,2.5064285175859395
924,-83.31831831831832,83.31831831831832,8.837094631972809,1.3587299061342855,2.5064285175859395
925,-83.4074074074074,83.4074074074074,8.866984362542633,1.3747630462611404,2.518746151752215
926,-83.4964964964965,83.4964964964965,8.866984362542633,1.3747630462611404,2.518746151752215
927,-83.58558558558559,83.58558558558559,8.866984362542633,1.3747630462611404,2.518746151752215
928,-83.67467467467468,83.67467467467468,8.866984362542633,1.3747630462611404,2.518746151752215
929,-83.76376376376376,83.76376376376376,8.897466930350092,1.387447816117543,2.5292408982403267
930,-83.85285285285286,83.85285285285286,8.897466930350092,1.387447816117543,2.5292408982403267
931,-83.94194194194195,83.94194194194195,8.897466930350092,1.387447816117543,2.5292408982403267
932,-84.03103103103103,84.03103103103103,8.897466930350092,1.387447816117543,2.5292408982403267
933,-84.12012012012012,84.12012012012012,8.92619881534847,1.3980892058403191,2.538385018101319
934,-84.20920920920922,84.20920920920922,8.92619881534847,1.3980892058403191,2.538385018101319
935,-84.2982982982983,84.2982982982983,8.92619881534847,1.3980892058403191,2.538385018101319
936,-84.38738738738739,84.38738738738739,8.92619881534847,1.3980892058403191,2.538385018101319
937,-84.47647647647648,84.47647647647648,8.951936792748862,1.406180093098194,2.545773389937898
938,-84.56556556556556,84.56556556556556,8.951936792748862,1.406180093098194,2.545773389937898
939,-84.65465465465466,84.65465465465466,8.951936792748862,1.406180093098194,2.545773389937898
940,-84.74374374374375,84.74374374374375,8.951936792748862,1.406180093098194,2.545773389937898
941,-84.83283283283284,84.83283283283284,8.976260160917294,1.4134261427702615,2.552522015476417
942,-84.92192192192192,84.92192192192192,8.976260160917294,1.4134261427702615,2.552522015476417
943,-85.01101101101102,85.01101101101102,8.976260160917294,1.4134261427702615,2.552522015476417
944,-85.10010010010011,85.10010010010011,8.99801806510718,1.419925901234049,2.55856982541734
945,-85.1891891891892,85.1891891891892,8.99801806510718,1.419925901234049,2.55856982541734
946,-85.27827827827828,85.27827827827828,8.99801806510718,1.419925901234049,2.55856982541734
947,-85.36736736736736,85.36736736736736,8.99801806510718,1.419925901234049,2.55856982541734
948,-85.45645645645646,85.45645645645646,9.01858802315902,1.426238709105171,2.5644199327141393
949,-85.54554554554555,85.54554554554555,9.01858802315902,1.426238709105171,2.5644199327141393
950,-85.63463463463464,85.63463463463464,9.01858802315902,1.426238709105171,2.5644199327141393
951,-85.72372372372372,85.72372372372372,9.01858802315902,1.426238709105171,2.5644199327141393
952,-85.81281281281282,85.81281281281282,9.036698847644296,1.4313488100916318,2.5693525110054836
953,-85.90190190190191,85.90190190190191,9.036698847644296,1.4313488100916318,2.5693525110054836
954,-85.990990990991,85.990990990991,9.036698847644296,1.4313488100916318,2.5693525110054836
955,-86.08008008008008,86.08008008008008,9.036698847644296,1.4313488100916318,2.5693525110054836
956,-86.16916916916918,86.16916916916918,9.05371588636804,1.4361911885326348,2.5740313080398685
957,-86.25825825825827,86.25825825825827,9.05371588636804,1.4361911885326348,2.5740313080398685
958,-86.34734734734735,86.34734734734735,9.05371588636804,1.4361911885326348,2.5740313080398685
959,-86.43643643643644,86.43643643643644,9.05371588636804,1.4361911885326348,2.5740313080398685
960,-86.52552552552552,86.52552552552552,9.068458692823494,1.440421763411472,2.57811892647505
961,-86.61461461461462,86.61461461461462,9.068458692823494,1.440421763411472,2.57811892647505
962,-86.70370370370371,86.70370370370371,9.068458692823494,1.440421763411472,2.57811892647505
963,-86.7927927927928,86.7927927927928,9.068458692823494,1.440421763411472,2.57811892647505
964,-86.88188188188188,86.88188188188188,9.082187952128495,1.4443954453795176,2.5819539141411836
965,-86.97097097097098,86.97097097097098,9.082187952128495,1.4443954453795176,2.5819539141411836
966,-87.06006006006007,87.06006006006007,9.082187952128495,1.4443954453795176,2.5819539141411836
967,-87.14914914914915,87.14914914914915,9.082187952128495,1.4443954453795176,2.5819539141411836
968,-87.23823823823824,87.23823823823824,9.093733818776634,1.4477600341629657,2.5852009201089134
969,-87.32732732732732,87.32732732732732,9.093733818776634,1.4477600341629657,2.5852009201089134
970,-87.41641641641642,87.41641641641642,9.093733818776634,1.4477600341629657,2.5852009201089134
971,-87.50550550550551,87.50550550550551,9.093733818776634,1.4477600341629657,2.5852009201089134
972,-87.5945945945946,87.5945945945946,9.104326821832876,1.4508617726429516,2.588198009114453
973,-87.68368368368368,87.68368368368368,9.104326821832876,1.4508617726429516,2.588198009114453
974,-87.77277277277278,87.77277277277278,9.104326821832876,1.4508617726429516,2.588198009114453
975,-87.86186186186187,87.86186186186187,9.104326821832876,1.4508617726429516,2.588198009114453
976,-87.95095095095095,87.95095095095095,9.112807276333516,1.4533574274764653,2.5906095073781827
977,-88.04004004004004,88.04004004004004,9.112807276333516,1.4533574274764653,2.5906095073781827
978,-88.12912912912914,88.12912912912914,9.112807276333516,1.4533574274764653,2.5906095073781827
979,-88.21821821821823,88.21821821821823,9.112807276333516,1.4533574274764653,2.5906095073781827
980,-88.30730730730731,88.30730730730731,9.120377604351763,1.4555977615507703,2.5927710451956982
981,-88.3963963963964,88.3963963963964,9.120377604351763,1.4555977615507703,2.5927710451956982
982,-88.48548548548548,88.48548548548548,9.120377604351763,1.4555977615507703,2.5927710451956982
983,-88.57457457457458,88.57457457457458,9.120377604351763,1.4555977615507703,2.5927710451956982
984,-88.66366366366367,88.66366366366367,9.12588643344474,1.4572338781622074,2.594349501380287
985,-88.75275275275276,88.75275275275276,9.12588643344474,1.4572338781622074,2.594349501380287
986,-88.84184184184184,88.84184184184184,9.12588643344474,1.4572338781622074,2.594349501380287
987,-88.93093093093094,88.93093093093094,9.12588643344474,1.4572338781622074,2.594349501380287
988,-89.02002002002003,89.02002002002003,9.130509690091133,1.458608425752151,2.5956780869022675
989,-89.10910910910911,89.10910910910911,9.130509690091133,1.458608425752151,2.5956780869022675
990,-89.1981981981982,89.1981981981982,9.130509690091133,1.458608425752151,2.5956780869022675
991,-89.28728728728728,89.28728728728728,9.130509690091133,1.458608425752151,2.5956780869022675
992,-89.37637637637638,89.37637637637638,9.13311400720771,1.4593840954708008,2.5964279260079492
993,-89.46546546546547,89.46546546546547,9.13311400720771,1.4593840954708008,2.5964279260079492
994,-89.55455455455456,89.55455455455456,9.13311400720771,1.4593840954708008,2.5964279260079492
995,-89.64364364364364,89.64364364364364,9.13311400720771,1.4593840954708008,2.5964279260079492
996,-89.73273273273274,89.73273273273274,9.134812247066671,1.4598918290451188,2.5969172802961396
997,-89.82182182182183,89.82182182182183,9.134812247066671,1.4598918290451188,2.5969172802961396
998,-89.91091091091091,89.91091091091091,9.134812247066671,1.4598918290451188,2.5969172802961396
999,-90.0,90.0,9.134812247066671,1.4598918290451188,2.5969172802961396
